trip_id,service_date,route_id,origin_stop_id,scheduled_departure,observed_departure,destination_stop_id,scheduled_arrival,observed_arrival,scheduled_departure_sec,observed_departure_sec,scheduled_arrival_sec,observed_arrival_sec,scheduled_travel_min,observed_travel_min,arrival_delay_min,departure_delay_min,travel_time_delta_min,source_month,service_day_of_week,service_day_offset,calendar_date,calendar_day_of_week,calendar_year_month,scheduled_clock_hour,time_period,is_morning_peak,is_evening_peak,schedule_lateness_min,route_baseline_delay_min,route_baseline_sample_size,baseline_reliable_flag,excess_late_tax_min,late_trip_flag,severe_delay_flag,calendar_year,calendar_month_number,calendar_month_name,calendar_quarter,route_time_key,segment_trips,segment_late_trip_pct,segment_avg_late_severity_min,segment_late_tax_share_pct,segment_reliability_segment,segment_priority_score,segment_priority_tier,segment_priority_rank,late_trip_label,severe_delay_label,sample_status
BA:1682586:20250630,2025-06-03,BA:Yellow-N,901902,08:15:00,08:16:11,901302,08:26:00,08:27:11,29700,29771.0,30360,30431.0,11.0,11.0,1.1833333333333331,1.1833333333333331,0.0,2025-06,Tuesday,0,2025-06-03,Tuesday,2025-06,8,Morning Peak,1,0,1.1833,1.4833,647,1,0.0,0,0,2025,6,June,Q2,BA:Yellow-N | Morning Peak,75,0.0,,0.44,Reliable,30.0,Monitor,10.0,Not Late,Not Severe,Eligible
BA:1682602:20250630,2025-06-03,BA:Yellow-N,901902,18:15:00,18:16:11,901302,18:26:00,18:27:11,65700,65771.0,66360,66431.0,11.0,11.0,1.1833333333333331,1.1833333333333331,0.0,2025-06,Tuesday,0,2025-06-03,Tuesday,2025-06,18,Evening Peak,0,1,1.1833,1.4833,647,1,0.0,0,0,2025,6,June,Q2,BA:Yellow-N | Evening Peak,72,0.0,,0.0,Reliable,15.0,Monitor,13.0,Not Late,Not Severe,Eligible
BA:1682604:20250630,2025-06-03,BA:Yellow-N,901902,18:55:00,18:56:11,901302,19:06:00,19:07:11,68100,68171.0,68760,68831.0,11.0,11.0,1.1833333333333331,1.1833333333333331,0.0,2025-06,Tuesday,0,2025-06-03,Tuesday,2025-06,18,Evening Peak,0,1,1.1833,1.4833,647,1,0.0,0,0,2025,6,June,Q2,BA:Yellow-N | Evening Peak,72,0.0,,0.0,Reliable,15.0,Monitor,13.0,Not Late,Not Severe,Eligible
BA:1683040:20250630,2025-06-04,BA:Blue-N,901901,09:48:00,09:48:48,901302,09:59:00,09:59:48,35280,35328.0,35940,35988.0,11.0,11.0,0.8,0.8,0.0,2025-06,Wednesday,0,2025-06-04,Wednesday,2025-06,9,Morning Peak,1,0,0.8,0.8167,479,1,0.0,0,0,2025,6,June,Q2,BA:Blue-N | Morning Peak,88,1.14,7.27,0.6,Chronic,47.86,P3 - Reliability Watch,9.0,Not Late,Not Severe,Eligible
BA:1683041:20250630,2025-06-04,BA:Blue-N,901901,10:08:00,10:08:48,901302,10:19:00,10:19:48,36480,36528.0,37140,37188.0,11.0,11.0,0.8,0.8,0.0,2025-06,Wednesday,0,2025-06-04,Wednesday,2025-06,10,Midday,0,0,0.8,0.8167,479,1,0.0,0,0,2025,6,June,Q2,BA:Blue-N | Midday,135,0.74,8.45,0.78,Acute,52.5,P3 - Reliability Watch,8.0,Not Late,Not Severe,Eligible
BA:1683042:20250630,2025-06-04,BA:Blue-N,901901,10:28:00,10:28:48,901302,10:39:00,10:39:48,37680,37728.0,38340,38388.0,11.0,11.0,0.8,0.8,0.0,2025-06,Wednesday,0,2025-06-04,Wednesday,2025-06,10,Midday,0,0,0.8,0.8167,479,1,0.0,0,0,2025,6,June,Q2,BA:Blue-N | Midday,135,0.74,8.45,0.78,Acute,52.5,P3 - Reliability Watch,8.0,Not Late,Not Severe,Eligible
BA:1683043:20250630,2025-06-04,BA:Blue-N,901901,10:48:00,10:48:48,901302,10:59:00,10:59:48,38880,38928.0,39540,39588.0,11.0,11.0,0.8,0.8,0.0,2025-06,Wednesday,0,2025-06-04,Wednesday,2025-06,10,Midday,0,0,0.8,0.8167,479,1,0.0,0,0,2025,6,June,Q2,BA:Blue-N | Midday,135,0.74,8.45,0.78,Acute,52.5,P3 - Reliability Watch,8.0,Not Late,Not Severe,Eligible
BA:1683044:20250630,2025-06-04,BA:Blue-N,901901,11:08:00,11:08:48,901302,11:19:00,11:19:48,40080,40128.0,40740,40788.0,11.0,11.0,0.8,0.8,0.0,2025-06,Wednesday,0,2025-06-04,Wednesday,2025-06,11,Midday,0,0,0.8,0.8167,479,1,0.0,0,0,2025,6,June,Q2,BA:Blue-N | Midday,135,0.74,8.45,0.78,Acute,52.5,P3 - Reliability Watch,8.0,Not Late,Not Severe,Eligible
BA:1683045:20250630,2025-06-04,BA:Blue-N,901901,11:28:00,11:28:48,901302,11:39:00,11:39:48,41280,41328.0,41940,41988.0,11.0,11.0,0.8,0.8,0.0,2025-06,Wednesday,0,2025-06-04,Wednesday,2025-06,11,Midday,0,0,0.8,0.8167,479,1,0.0,0,0,2025,6,June,Q2,BA:Blue-N | Midday,135,0.74,8.45,0.78,Acute,52.5,P3 - Reliability Watch,8.0,Not Late,Not Severe,Eligible
BA:1683046:20250630,2025-06-04,BA:Blue-N,901901,11:48:00,11:48:48,901302,11:59:00,11:59:48,42480,42528.0,43140,43188.0,11.0,11.0,0.8,0.8,0.0,2025-06,Wednesday,0,2025-06-04,Wednesday,2025-06,11,Midday,0,0,0.8,0.8167,479,1,0.0,0,0,2025,6,June,Q2,BA:Blue-N | Midday,135,0.74,8.45,0.78,Acute,52.5,P3 - Reliability Watch,8.0,Not Late,Not Severe,Eligible
BA:1683048:20250630,2025-06-04,BA:Blue-N,901901,12:28:00,12:28:48,901302,12:39:00,12:39:48,44880,44928.0,45540,45588.0,11.0,11.0,0.8,0.8,0.0,2025-06,Wednesday,0,2025-06-04,Wednesday,2025-06,12,Midday,0,0,0.8,0.8167,479,1,0.0,0,0,2025,6,June,Q2,BA:Blue-N | Midday,135,0.74,8.45,0.78,Acute,52.5,P3 - Reliability Watch,8.0,Not Late,Not Severe,Eligible
BA:1683049:20250630,2025-06-04,BA:Blue-N,901901,13:28:00,13:28:48,901302,13:39:00,13:39:48,48480,48528.0,49140,49188.0,11.0,11.0,0.8,0.8,0.0,2025-06,Wednesday,0,2025-06-04,Wednesday,2025-06,13,Midday,0,0,0.8,0.8167,479,1,0.0,0,0,2025,6,June,Q2,BA:Blue-N | Midday,135,0.74,8.45,0.78,Acute,52.5,P3 - Reliability Watch,8.0,Not Late,Not Severe,Eligible
BA:1683050:20250630,2025-06-04,BA:Blue-N,901901,13:48:00,13:48:48,901302,13:59:00,13:59:48,49680,49728.0,50340,50388.0,11.0,11.0,0.8,0.8,0.0,2025-06,Wednesday,0,2025-06-04,Wednesday,2025-06,13,Midday,0,0,0.8,0.8167,479,1,0.0,0,0,2025,6,June,Q2,BA:Blue-N | Midday,135,0.74,8.45,0.78,Acute,52.5,P3 - Reliability Watch,8.0,Not Late,Not Severe,Eligible
BA:1683054:20250630,2025-06-04,BA:Blue-N,901901,15:28:00,15:28:48,901302,15:39:00,15:39:48,55680,55728.0,56340,56388.0,11.0,11.0,0.8,0.8,0.0,2025-06,Wednesday,0,2025-06-04,Wednesday,2025-06,15,Midday,0,0,0.8,0.8167,479,1,0.0,0,0,2025,6,June,Q2,BA:Blue-N | Midday,135,0.74,8.45,0.78,Acute,52.5,P3 - Reliability Watch,8.0,Not Late,Not Severe,Eligible
BA:1683055:20250630,2025-06-04,BA:Blue-N,901901,15:48:00,15:48:48,901302,15:59:00,15:59:48,56880,56928.0,57540,57588.0,11.0,11.0,0.8,0.8,0.0,2025-06,Wednesday,0,2025-06-04,Wednesday,2025-06,15,Midday,0,0,0.8,0.8167,479,1,0.0,0,0,2025,6,June,Q2,BA:Blue-N | Midday,135,0.74,8.45,0.78,Acute,52.5,P3 - Reliability Watch,8.0,Not Late,Not Severe,Eligible
BA:1683056:20250630,2025-06-04,BA:Blue-N,901901,16:08:00,16:08:48,901302,16:19:00,16:19:48,58080,58128.0,58740,58788.0,11.0,11.0,0.8,0.8,0.0,2025-06,Wednesday,0,2025-06-04,Wednesday,2025-06,16,Evening Peak,0,1,0.8,0.8167,479,1,0.0,0,0,2025,6,June,Q2,BA:Blue-N | Evening Peak,89,0.0,,0.11,Reliable,23.57,Monitor,11.0,Not Late,Not Severe,Eligible
BA:1683057:20250630,2025-06-04,BA:Blue-N,901901,16:28:00,16:28:48,901302,16:39:00,16:39:48,59280,59328.0,59940,59988.0,11.0,11.0,0.8,0.8,0.0,2025-06,Wednesday,0,2025-06-04,Wednesday,2025-06,16,Evening Peak,0,1,0.8,0.8167,479,1,0.0,0,0,2025,6,June,Q2,BA:Blue-N | Evening Peak,89,0.0,,0.11,Reliable,23.57,Monitor,11.0,Not Late,Not Severe,Eligible
BA:1683061:20250630,2025-06-04,BA:Blue-N,901901,17:48:00,17:48:48,901302,17:59:00,17:59:48,64080,64128.0,64740,64788.0,11.0,11.0,0.8,0.8,0.0,2025-06,Wednesday,0,2025-06-04,Wednesday,2025-06,17,Evening Peak,0,1,0.8,0.8167,479,1,0.0,0,0,2025,6,June,Q2,BA:Blue-N | Evening Peak,89,0.0,,0.11,Reliable,23.57,Monitor,11.0,Not Late,Not Severe,Eligible
BA:1683062:20250630,2025-06-04,BA:Blue-N,901901,18:08:00,18:08:48,901302,18:19:00,18:19:48,65280,65328.0,65940,65988.0,11.0,11.0,0.8,0.8,0.0,2025-06,Wednesday,0,2025-06-04,Wednesday,2025-06,18,Evening Peak,0,1,0.8,0.8167,479,1,0.0,0,0,2025,6,June,Q2,BA:Blue-N | Evening Peak,89,0.0,,0.11,Reliable,23.57,Monitor,11.0,Not Late,Not Severe,Eligible
BA:1683063:20250630,2025-06-04,BA:Blue-N,901901,18:28:00,18:28:48,901302,18:39:00,18:39:48,66480,66528.0,67140,67188.0,11.0,11.0,0.8,0.8,0.0,2025-06,Wednesday,0,2025-06-04,Wednesday,2025-06,18,Evening Peak,0,1,0.8,0.8167,479,1,0.0,0,0,2025,6,June,Q2,BA:Blue-N | Evening Peak,89,0.0,,0.11,Reliable,23.57,Monitor,11.0,Not Late,Not Severe,Eligible
BA:1683067:20250630,2025-06-04,BA:Blue-N,901901,19:55:00,19:55:48,901302,20:06:00,20:06:48,71700,71748.0,72360,72408.0,11.0,11.0,0.8,0.8,0.0,2025-06,Wednesday,0,2025-06-04,Wednesday,2025-06,19,Evening,0,0,0.8,0.8167,479,1,0.0,0,0,2025,6,June,Q2,BA:Blue-N | Evening,103,2.91,5.87,5.12,Chronic,73.21,P2 - High Burden,4.0,Not Late,Not Severe,Eligible
BA:1683083:20250630,2025-06-04,BA:Blue-N,901901,21:15:00,21:15:48,901302,21:26:00,21:26:48,76500,76548.0,77160,77208.0,11.0,11.0,0.8,0.8,0.0,2025-06,Wednesday,0,2025-06-04,Wednesday,2025-06,21,Evening,0,0,0.8,0.8167,479,1,0.0,0,0,2025,6,June,Q2,BA:Blue-N | Evening,103,2.91,5.87,5.12,Chronic,73.21,P2 - High Burden,4.0,Not Late,Not Severe,Eligible
BA:1682663:20250630,2025-06-03,BA:Yellow-N,901902,24:01:00,24:03:03,901302,24:12:00,24:13:58,86460,86583.0,87120,87238.0,11.0,10.916666666666666,1.9666666666666663,2.05,-0.0833333333333339,2025-06,Tuesday,1,2025-06-04,Wednesday,2025-06,0,Overnight,0,0,1.9667,1.4833,647,1,0.4833,0,0,2025,6,June,Q2,BA:Yellow-N | Overnight,335,26.27,7.33,68.28,Chronic,95.71,P1 - Primary Hotspot,1.0,Not Late,Not Severe,Eligible
BA:1683077:20250630,2025-06-05,BA:Blue-N,901901,22:35:00,22:35:24,901302,22:45:00,22:46:24,81300,81324.0,81900,81984.0,10.0,11.0,1.4,0.4,1.0,2025-06,Thursday,0,2025-06-05,Thursday,2025-06,22,Evening,0,0,1.4,0.8167,479,1,0.5833,0,0,2025,6,June,Q2,BA:Blue-N | Evening,103,2.91,5.87,5.12,Chronic,73.21,P2 - High Burden,4.0,Not Late,Not Severe,Eligible
BA:1682573:20250630,2025-06-06,BA:Yellow-N,901902,04:55:00,04:56:11,901302,05:06:00,05:07:11,17700,17771.0,18360,18431.0,11.0,11.0,1.1833333333333331,1.1833333333333331,0.0,2025-06,Friday,0,2025-06-06,Friday,2025-06,4,Overnight,0,0,1.1833,1.4833,647,1,0.0,0,0,2025,6,June,Q2,BA:Yellow-N | Overnight,335,26.27,7.33,68.28,Chronic,95.71,P1 - Primary Hotspot,1.0,Not Late,Not Severe,Eligible
BA:1682663:20250630,2025-06-05,BA:Yellow-N,901902,24:01:00,24:02:58,901302,24:12:00,24:13:56,86460,86578.0,87120,87236.0,11.0,10.966666666666669,1.9333333333333331,1.9666666666666663,-0.0333333333333332,2025-06,Thursday,1,2025-06-06,Friday,2025-06,0,Overnight,0,0,1.9333,1.4833,647,1,0.45,0,0,2025,6,June,Q2,BA:Yellow-N | Overnight,335,26.27,7.33,68.28,Chronic,95.71,P1 - Primary Hotspot,1.0,Not Late,Not Severe,Eligible
BA:1682663:20250630,2025-06-06,BA:Yellow-N,901902,24:01:00,24:03:28,901302,24:12:00,24:14:31,86460,86608.0,87120,87271.0,11.0,11.05,2.5166666666666666,2.466666666666667,0.0500000000000007,2025-06,Friday,1,2025-06-07,Saturday,2025-06,0,Overnight,0,0,2.5167,1.4833,647,1,1.0333,0,0,2025,6,June,Q2,BA:Yellow-N | Overnight,335,26.27,7.33,68.28,Chronic,95.71,P1 - Primary Hotspot,1.0,Not Late,Not Severe,Eligible
BA:1683029:20250630,2025-06-09,BA:Blue-N,901901,06:10:00,06:11:06,901302,06:19:00,06:19:48,22200,22266.0,22740,22788.0,9.0,8.7,0.8,1.1,-0.3000000000000007,2025-06,Monday,0,2025-06-09,Monday,2025-06,6,Overnight,0,0,0.8,0.8167,479,1,0.0,0,0,2025,6,June,Q2,BA:Blue-N | Overnight,64,0.0,,0.11,Reliable,23.57,Monitor,12.0,Not Late,Not Severe,Eligible
BA:1683034:20250630,2025-06-09,BA:Blue-N,901901,07:30:00,07:31:06,901302,07:39:00,07:39:48,27000,27066.0,27540,27588.0,9.0,8.7,0.8,1.1,-0.3000000000000007,2025-06,Monday,0,2025-06-09,Monday,2025-06,7,Morning Peak,1,0,0.8,0.8167,479,1,0.0,0,0,2025,6,June,Q2,BA:Blue-N | Morning Peak,88,1.14,7.27,0.6,Chronic,47.86,P3 - Reliability Watch,9.0,Not Late,Not Severe,Eligible
BA:1683037:20250630,2025-06-09,BA:Blue-N,901901,08:48:00,08:48:48,901302,08:59:00,08:59:48,31680,31728.0,32340,32388.0,11.0,11.0,0.8,0.8,0.0,2025-06,Monday,0,2025-06-09,Monday,2025-06,8,Morning Peak,1,0,0.8,0.8167,479,1,0.0,0,0,2025,6,June,Q2,BA:Blue-N | Morning Peak,88,1.14,7.27,0.6,Chronic,47.86,P3 - Reliability Watch,9.0,Not Late,Not Severe,Eligible
BA:1683039:20250630,2025-06-09,BA:Blue-N,901901,09:30:00,09:31:06,901302,09:39:00,09:39:48,34200,34266.0,34740,34788.0,9.0,8.7,0.8,1.1,-0.3000000000000007,2025-06,Monday,0,2025-06-09,Monday,2025-06,9,Morning Peak,1,0,0.8,0.8167,479,1,0.0,0,0,2025,6,June,Q2,BA:Blue-N | Morning Peak,88,1.14,7.27,0.6,Chronic,47.86,P3 - Reliability Watch,9.0,Not Late,Not Severe,Eligible
BA:1683043:20250630,2025-06-09,BA:Blue-N,901901,10:50:00,10:51:06,901302,10:59:00,10:59:48,39000,39066.0,39540,39588.0,9.0,8.7,0.8,1.1,-0.3000000000000007,2025-06,Monday,0,2025-06-09,Monday,2025-06,10,Midday,0,0,0.8,0.8167,479,1,0.0,0,0,2025,6,June,Q2,BA:Blue-N | Midday,135,0.74,8.45,0.78,Acute,52.5,P3 - Reliability Watch,8.0,Not Late,Not Severe,Eligible
BA:1683056:20250630,2025-06-10,BA:Blue-N,901901,16:08:00,16:08:48,901302,16:19:00,16:19:48,58080,58128.0,58740,58788.0,11.0,11.0,0.8,0.8,0.0,2025-06,Tuesday,0,2025-06-10,Tuesday,2025-06,16,Evening Peak,0,1,0.8,0.8167,479,1,0.0,0,0,2025,6,June,Q2,BA:Blue-N | Evening Peak,89,0.0,,0.11,Reliable,23.57,Monitor,11.0,Not Late,Not Severe,Eligible
BA:1683057:20250630,2025-06-10,BA:Blue-N,901901,16:28:00,16:28:48,901302,16:39:00,16:39:48,59280,59328.0,59940,59988.0,11.0,11.0,0.8,0.8,0.0,2025-06,Tuesday,0,2025-06-10,Tuesday,2025-06,16,Evening Peak,0,1,0.8,0.8167,479,1,0.0,0,0,2025,6,June,Q2,BA:Blue-N | Evening Peak,89,0.0,,0.11,Reliable,23.57,Monitor,11.0,Not Late,Not Severe,Eligible
BA:1683060:20250630,2025-06-10,BA:Blue-N,901901,17:28:00,17:28:48,901302,17:39:00,17:39:48,62880,62928.0,63540,63588.0,11.0,11.0,0.8,0.8,0.0,2025-06,Tuesday,0,2025-06-10,Tuesday,2025-06,17,Evening Peak,0,1,0.8,0.8167,479,1,0.0,0,0,2025,6,June,Q2,BA:Blue-N | Evening Peak,89,0.0,,0.11,Reliable,23.57,Monitor,11.0,Not Late,Not Severe,Eligible
BA:1683061:20250630,2025-06-10,BA:Blue-N,901901,17:48:00,17:48:48,901302,17:59:00,17:59:48,64080,64128.0,64740,64788.0,11.0,11.0,0.8,0.8,0.0,2025-06,Tuesday,0,2025-06-10,Tuesday,2025-06,17,Evening Peak,0,1,0.8,0.8167,479,1,0.0,0,0,2025,6,June,Q2,BA:Blue-N | Evening Peak,89,0.0,,0.11,Reliable,23.57,Monitor,11.0,Not Late,Not Severe,Eligible
BA:1683065:20250630,2025-06-10,BA:Blue-N,901901,19:08:00,19:08:48,901302,19:19:00,19:19:48,68880,68928.0,69540,69588.0,11.0,11.0,0.8,0.8,0.0,2025-06,Tuesday,0,2025-06-10,Tuesday,2025-06,19,Evening,0,0,0.8,0.8167,479,1,0.0,0,0,2025,6,June,Q2,BA:Blue-N | Evening,103,2.91,5.87,5.12,Chronic,73.21,P2 - High Burden,4.0,Not Late,Not Severe,Eligible
BA:1683067:20250630,2025-06-10,BA:Blue-N,901901,19:55:00,19:55:48,901302,20:06:00,20:06:48,71700,71748.0,72360,72408.0,11.0,11.0,0.8,0.8,0.0,2025-06,Tuesday,0,2025-06-10,Tuesday,2025-06,19,Evening,0,0,0.8,0.8167,479,1,0.0,0,0,2025,6,June,Q2,BA:Blue-N | Evening,103,2.91,5.87,5.12,Chronic,73.21,P2 - High Burden,4.0,Not Late,Not Severe,Eligible
BA:1682663:20250630,2025-06-09,BA:Yellow-N,901902,24:01:00,24:04:08,901302,24:12:00,24:15:11,86460,86648.0,87120,87311.0,11.0,11.05,3.183333333333333,3.1333333333333333,0.0500000000000007,2025-06,Monday,1,2025-06-10,Tuesday,2025-06,0,Overnight,0,0,3.1833,1.4833,647,1,1.7,0,0,2025,6,June,Q2,BA:Yellow-N | Overnight,335,26.27,7.33,68.28,Chronic,95.71,P1 - Primary Hotspot,1.0,Not Late,Not Severe,Eligible
BA:1682663:20250630,2025-06-11,BA:Yellow-N,901902,24:01:00,24:02:53,901302,24:12:00,24:14:07,86460,86573.0,87120,87247.0,11.0,11.233333333333333,2.1166666666666667,1.8833333333333333,0.2333333333333325,2025-06,Wednesday,1,2025-06-12,Thursday,2025-06,0,Overnight,0,0,2.1167,1.4833,647,1,0.6333,0,0,2025,6,June,Q2,BA:Yellow-N | Overnight,335,26.27,7.33,68.28,Chronic,95.71,P1 - Primary Hotspot,1.0,Not Late,Not Severe,Eligible
BA:1683069:20250630,2025-06-17,BA:Blue-N,901901,20:35:00,20:35:48,901302,20:46:00,20:46:48,74100,74148.0,74760,74808.0,11.0,11.0,0.8,0.8,0.0,2025-06,Tuesday,0,2025-06-17,Tuesday,2025-06,20,Evening,0,0,0.8,0.8167,479,1,0.0,0,0,2025,6,June,Q2,BA:Blue-N | Evening,103,2.91,5.87,5.12,Chronic,73.21,P2 - High Burden,4.0,Not Late,Not Severe,Eligible
BA:1682941:20250630,2025-06-17,BA:Green-N,901901,12:38:00,12:38:28,901302,12:48:00,12:49:28,45480,45508.0,46080,46168.0,10.0,11.0,1.4666666666666666,0.4666666666666667,1.0,2025-06,Tuesday,0,2025-06-17,Tuesday,2025-06,12,Midday,0,0,1.4667,1.1167,680,1,0.35,0,0,2025,6,June,Q2,BA:Green-N | Midday,266,4.51,10.34,10.51,Critical,91.07,P1 - Primary Hotspot,2.0,Not Late,Not Severe,Eligible
BA:1682946:20250630,2025-06-17,BA:Green-N,901901,14:58:00,14:58:28,901302,15:08:00,15:09:28,53880,53908.0,54480,54568.0,10.0,11.0,1.4666666666666666,0.4666666666666667,1.0,2025-06,Tuesday,0,2025-06-17,Tuesday,2025-06,14,Midday,0,0,1.4667,1.1167,680,1,0.35,0,0,2025,6,June,Q2,BA:Green-N | Midday,266,4.51,10.34,10.51,Critical,91.07,P1 - Primary Hotspot,2.0,Not Late,Not Severe,Eligible
BA:1682947:20250630,2025-06-17,BA:Green-N,901901,15:18:00,15:18:28,901302,15:28:00,15:29:28,55080,55108.0,55680,55768.0,10.0,11.0,1.4666666666666666,0.4666666666666667,1.0,2025-06,Tuesday,0,2025-06-17,Tuesday,2025-06,15,Midday,0,0,1.4667,1.1167,680,1,0.35,0,0,2025,6,June,Q2,BA:Green-N | Midday,266,4.51,10.34,10.51,Critical,91.07,P1 - Primary Hotspot,2.0,Not Late,Not Severe,Eligible
BA:1682948:20250630,2025-06-17,BA:Green-N,901901,15:38:00,15:38:28,901302,15:48:00,15:49:28,56280,56308.0,56880,56968.0,10.0,11.0,1.4666666666666666,0.4666666666666667,1.0,2025-06,Tuesday,0,2025-06-17,Tuesday,2025-06,15,Midday,0,0,1.4667,1.1167,680,1,0.35,0,0,2025,6,June,Q2,BA:Green-N | Midday,266,4.51,10.34,10.51,Critical,91.07,P1 - Primary Hotspot,2.0,Not Late,Not Severe,Eligible
BA:1682953:20250630,2025-06-17,BA:Green-N,901901,16:18:00,16:18:28,901302,16:28:00,16:29:28,58680,58708.0,59280,59368.0,10.0,11.0,1.4666666666666666,0.4666666666666667,1.0,2025-06,Tuesday,0,2025-06-17,Tuesday,2025-06,16,Evening Peak,0,1,1.4667,1.1167,680,1,0.35,0,0,2025,6,June,Q2,BA:Green-N | Evening Peak,76,5.26,9.22,3.05,Critical,78.93,P3 - Reliability Watch,5.0,Not Late,Not Severe,Eligible
BA:1682959:20250630,2025-06-17,BA:Green-N,901901,18:18:00,18:18:28,901302,18:28:00,18:29:28,65880,65908.0,66480,66568.0,10.0,11.0,1.4666666666666666,0.4666666666666667,1.0,2025-06,Tuesday,0,2025-06-17,Tuesday,2025-06,18,Evening Peak,0,1,1.4667,1.1167,680,1,0.35,0,0,2025,6,June,Q2,BA:Green-N | Evening Peak,76,5.26,9.22,3.05,Critical,78.93,P3 - Reliability Watch,5.0,Not Late,Not Severe,Eligible
BA:1682962:20250630,2025-06-17,BA:Green-N,901901,19:18:00,19:18:28,901302,19:28:00,19:29:28,69480,69508.0,70080,70168.0,10.0,11.0,1.4666666666666666,0.4666666666666667,1.0,2025-06,Tuesday,0,2025-06-17,Tuesday,2025-06,19,Evening,0,0,1.4667,1.1167,680,1,0.35,0,0,2025,6,June,Q2,BA:Green-N | Evening,15,6.67,11.22,0.85,Insufficient Sample,,Insufficient Sample,,Not Late,Not Severe,Insufficient Sample
BA:1682584:20250630,2025-06-17,BA:Yellow-N,901902,07:35:00,07:36:11,901302,07:46:00,07:47:11,27300,27371.0,27960,28031.0,11.0,11.0,1.1833333333333331,1.1833333333333331,0.0,2025-06,Tuesday,0,2025-06-17,Tuesday,2025-06,7,Morning Peak,1,0,1.1833,1.4833,647,1,0.0,0,0,2025,6,June,Q2,BA:Yellow-N | Morning Peak,75,0.0,,0.44,Reliable,30.0,Monitor,10.0,Not Late,Not Severe,Eligible
BA:1682585:20250630,2025-06-17,BA:Yellow-N,901902,07:55:00,07:56:11,901302,08:06:00,08:07:11,28500,28571.0,29160,29231.0,11.0,11.0,1.1833333333333331,1.1833333333333331,0.0,2025-06,Tuesday,0,2025-06-17,Tuesday,2025-06,7,Morning Peak,1,0,1.1833,1.4833,647,1,0.0,0,0,2025,6,June,Q2,BA:Yellow-N | Morning Peak,75,0.0,,0.44,Reliable,30.0,Monitor,10.0,Not Late,Not Severe,Eligible
BA:1682586:20250630,2025-06-17,BA:Yellow-N,901902,08:15:00,08:16:11,901302,08:26:00,08:27:11,29700,29771.0,30360,30431.0,11.0,11.0,1.1833333333333331,1.1833333333333331,0.0,2025-06,Tuesday,0,2025-06-17,Tuesday,2025-06,8,Morning Peak,1,0,1.1833,1.4833,647,1,0.0,0,0,2025,6,June,Q2,BA:Yellow-N | Morning Peak,75,0.0,,0.44,Reliable,30.0,Monitor,10.0,Not Late,Not Severe,Eligible
BA:1683726:20250630,2025-06-17,BA:Yellow-N,901902,08:55:00,08:56:11,901302,09:06:00,09:07:11,32100,32171.0,32760,32831.0,11.0,11.0,1.1833333333333331,1.1833333333333331,0.0,2025-06,Tuesday,0,2025-06-17,Tuesday,2025-06,8,Morning Peak,1,0,1.1833,1.4833,647,1,0.0,0,0,2025,6,June,Q2,BA:Yellow-N | Morning Peak,75,0.0,,0.44,Reliable,30.0,Monitor,10.0,Not Late,Not Severe,Eligible
BA:1683728:20250630,2025-06-17,BA:Yellow-N,901902,09:35:00,09:36:11,901302,09:46:00,09:47:11,34500,34571.0,35160,35231.0,11.0,11.0,1.1833333333333331,1.1833333333333331,0.0,2025-06,Tuesday,0,2025-06-17,Tuesday,2025-06,9,Morning Peak,1,0,1.1833,1.4833,647,1,0.0,0,0,2025,6,June,Q2,BA:Yellow-N | Morning Peak,75,0.0,,0.44,Reliable,30.0,Monitor,10.0,Not Late,Not Severe,Eligible
BA:1683734:20250630,2025-06-17,BA:Yellow-N,901902,11:35:00,11:36:11,901302,11:46:00,11:47:11,41700,41771.0,42360,42431.0,11.0,11.0,1.1833333333333331,1.1833333333333331,0.0,2025-06,Tuesday,0,2025-06-17,Tuesday,2025-06,11,Midday,0,0,1.1833,1.4833,647,1,0.0,0,0,2025,6,June,Q2,BA:Yellow-N | Midday,115,0.0,,0.0,Reliable,15.0,Monitor,14.0,Not Late,Not Severe,Eligible
BA:1682663:20250630,2025-06-17,BA:Yellow-N,901902,24:01:00,24:03:17,901302,24:12:00,24:14:23,86460,86597.0,87120,87263.0,11.0,11.1,2.3833333333333333,2.283333333333333,0.0999999999999996,2025-06,Tuesday,1,2025-06-18,Wednesday,2025-06,0,Overnight,0,0,2.3833,1.4833,647,1,0.9,0,0,2025,6,June,Q2,BA:Yellow-N | Overnight,335,26.27,7.33,68.28,Chronic,95.71,P1 - Primary Hotspot,1.0,Not Late,Not Severe,Eligible
BA:1682663:20250630,2025-06-18,BA:Yellow-N,901902,24:01:00,24:03:11,901302,24:12:00,24:14:22,86460,86591.0,87120,87262.0,11.0,11.183333333333334,2.3666666666666667,2.183333333333333,0.1833333333333335,2025-06,Wednesday,1,2025-06-19,Thursday,2025-06,0,Overnight,0,0,2.3667,1.4833,647,1,0.8833,0,0,2025,6,June,Q2,BA:Yellow-N | Overnight,335,26.27,7.33,68.28,Chronic,95.71,P1 - Primary Hotspot,1.0,Not Late,Not Severe,Eligible
BA:1683080:20250630,2025-06-23,BA:Blue-N,901901,23:55:00,23:55:24,901302,24:05:00,24:06:24,86100,86124.0,86700,86784.0,10.0,11.0,1.4,0.4,1.0,2025-06,Monday,0,2025-06-23,Monday,2025-06,23,Evening,0,0,1.4,0.8167,479,1,0.5833,0,0,2025,6,June,Q2,BA:Blue-N | Evening,103,2.91,5.87,5.12,Chronic,73.21,P2 - High Burden,4.0,Not Late,Not Severe,Eligible
BA:1682663:20250630,2025-06-24,BA:Yellow-N,901902,24:01:00,24:02:51,901302,24:12:00,24:14:15,86460,86571.0,87120,87255.0,11.0,11.4,2.25,1.85,0.4000000000000003,2025-06,Tuesday,1,2025-06-25,Wednesday,2025-06,0,Overnight,0,0,2.25,1.4833,647,1,0.7667,0,0,2025,6,June,Q2,BA:Yellow-N | Overnight,335,26.27,7.33,68.28,Chronic,95.71,P1 - Primary Hotspot,1.0,Not Late,Not Severe,Eligible
BA:1682663:20250630,2025-06-25,BA:Yellow-N,901902,24:01:00,24:03:08,901302,24:12:00,24:14:22,86460,86588.0,87120,87262.0,11.0,11.233333333333333,2.3666666666666667,2.1333333333333333,0.2333333333333325,2025-06,Wednesday,1,2025-06-26,Thursday,2025-06,0,Overnight,0,0,2.3667,1.4833,647,1,0.8833,0,0,2025,6,June,Q2,BA:Yellow-N | Overnight,335,26.27,7.33,68.28,Chronic,95.71,P1 - Primary Hotspot,1.0,Not Late,Not Severe,Eligible
BA:1683727:20250630,2025-06-27,BA:Yellow-N,901902,09:15:00,09:16:11,901302,09:26:00,09:27:11,33300,33371.0,33960,34031.0,11.0,11.0,1.1833333333333331,1.1833333333333331,0.0,2025-06,Friday,0,2025-06-27,Friday,2025-06,9,Morning Peak,1,0,1.1833,1.4833,647,1,0.0,0,0,2025,6,June,Q2,BA:Yellow-N | Morning Peak,75,0.0,,0.44,Reliable,30.0,Monitor,10.0,Not Late,Not Severe,Eligible
BA:1683730:20250630,2025-06-27,BA:Yellow-N,901902,10:15:00,10:16:11,901302,10:26:00,10:27:11,36900,36971.0,37560,37631.0,11.0,11.0,1.1833333333333331,1.1833333333333331,0.0,2025-06,Friday,0,2025-06-27,Friday,2025-06,10,Midday,0,0,1.1833,1.4833,647,1,0.0,0,0,2025,6,June,Q2,BA:Yellow-N | Midday,115,0.0,,0.0,Reliable,15.0,Monitor,14.0,Not Late,Not Severe,Eligible
BA:1682663:20250630,2025-06-26,BA:Yellow-N,901902,24:01:00,24:09:25,901302,24:12:00,24:25:07,86460,86965.0,87120,87907.0,11.0,15.7,13.116666666666667,8.416666666666666,4.699999999999999,2025-06,Thursday,1,2025-06-27,Friday,2025-06,0,Overnight,0,0,13.1167,1.4833,647,1,11.6333,1,1,2025,6,June,Q2,BA:Yellow-N | Overnight,335,26.27,7.33,68.28,Chronic,95.71,P1 - Primary Hotspot,1.0,Late,Severe Delay,Eligible
BA:1682663:20250630,2025-06-27,BA:Yellow-N,901902,24:01:00,24:03:28,901302,24:12:00,24:17:18,86460,86608.0,87120,87438.0,11.0,13.833333333333334,5.3,2.466666666666667,2.833333333333334,2025-06,Friday,1,2025-06-28,Saturday,2025-06,0,Overnight,0,0,5.3,1.4833,647,1,3.8167,1,0,2025,6,June,Q2,BA:Yellow-N | Overnight,335,26.27,7.33,68.28,Chronic,95.71,P1 - Primary Hotspot,1.0,Late,Not Severe,Eligible
BA:1683040:20250630,2025-06-30,BA:Blue-N,901901,09:48:00,09:48:48,901302,09:59:00,09:59:48,35280,35328.0,35940,35988.0,11.0,11.0,0.8,0.8,0.0,2025-06,Monday,0,2025-06-30,Monday,2025-06,9,Morning Peak,1,0,0.8,0.8167,479,1,0.0,0,0,2025,6,June,Q2,BA:Blue-N | Morning Peak,88,1.14,7.27,0.6,Chronic,47.86,P3 - Reliability Watch,9.0,Not Late,Not Severe,Eligible
BA:1683044:20250630,2025-06-30,BA:Blue-N,901901,11:08:00,11:08:48,901302,11:19:00,11:19:48,40080,40128.0,40740,40788.0,11.0,11.0,0.8,0.8,0.0,2025-06,Monday,0,2025-06-30,Monday,2025-06,11,Midday,0,0,0.8,0.8167,479,1,0.0,0,0,2025,6,June,Q2,BA:Blue-N | Midday,135,0.74,8.45,0.78,Acute,52.5,P3 - Reliability Watch,8.0,Not Late,Not Severe,Eligible
BA:1683078:20250728,2025-07-03,BA:Blue-N,901901,22:55:00,22:55:24,901302,23:05:00,23:06:24,82500,82524.0,83100,83184.0,10.0,11.0,1.4,0.4,1.0,2025-07,Thursday,0,2025-07-03,Thursday,2025-07,22,Evening,0,0,1.4,0.8167,479,1,0.5833,0,0,2025,7,July,Q3,BA:Blue-N | Evening,103,2.91,5.87,5.12,Chronic,73.21,P2 - High Burden,4.0,Not Late,Not Severe,Eligible
BA:1682663:20250728,2025-07-02,BA:Yellow-N,901902,24:01:00,24:03:12,901302,24:12:00,24:14:42,86460,86592.0,87120,87282.0,11.0,11.5,2.7,2.2,0.5,2025-07,Wednesday,1,2025-07-03,Thursday,2025-07,0,Overnight,0,0,2.7,1.4833,647,1,1.2167,0,0,2025,7,July,Q3,BA:Yellow-N | Overnight,335,26.27,7.33,68.28,Chronic,95.71,P1 - Primary Hotspot,1.0,Not Late,Not Severe,Eligible
BA:1682663:20250728,2025-07-08,BA:Yellow-N,901902,24:01:00,24:03:51,901302,24:12:00,24:15:16,86460,86631.0,87120,87316.0,11.0,11.416666666666666,3.2666666666666666,2.85,0.4166666666666661,2025-07,Tuesday,1,2025-07-09,Wednesday,2025-07,0,Overnight,0,0,3.2667,1.4833,647,1,1.7833,0,0,2025,7,July,Q3,BA:Yellow-N | Overnight,335,26.27,7.33,68.28,Chronic,95.71,P1 - Primary Hotspot,1.0,Not Late,Not Severe,Eligible
BA:1682663:20250728,2025-07-09,BA:Yellow-N,901902,24:01:00,24:03:20,901302,24:12:00,24:15:05,86460,86600.0,87120,87305.0,11.0,11.75,3.0833333333333335,2.3333333333333335,0.75,2025-07,Wednesday,1,2025-07-10,Thursday,2025-07,0,Overnight,0,0,3.0833,1.4833,647,1,1.6,0,0,2025,7,July,Q3,BA:Yellow-N | Overnight,335,26.27,7.33,68.28,Chronic,95.71,P1 - Primary Hotspot,1.0,Not Late,Not Severe,Eligible
BA:1683033:20250728,2025-07-11,BA:Blue-N,901901,07:08:00,07:08:48,901302,07:19:00,07:19:48,25680,25728.0,26340,26388.0,11.0,11.0,0.8,0.8,0.0,2025-07,Friday,0,2025-07-11,Friday,2025-07,7,Morning Peak,1,0,0.8,0.8167,479,1,0.0,0,0,2025,7,July,Q3,BA:Blue-N | Morning Peak,88,1.14,7.27,0.6,Chronic,47.86,P3 - Reliability Watch,9.0,Not Late,Not Severe,Eligible
BA:1682575:20250728,2025-07-11,BA:Yellow-N,901902,05:07:00,05:07:22,901302,05:15:00,05:16:04,18420,18442.0,18900,18964.0,8.0,8.7,1.0666666666666669,0.3666666666666666,0.6999999999999993,2025-07,Friday,0,2025-07-11,Friday,2025-07,5,Overnight,0,0,1.0667,1.4833,647,1,0.0,0,0,2025,7,July,Q3,BA:Yellow-N | Overnight,335,26.27,7.33,68.28,Chronic,95.71,P1 - Primary Hotspot,1.0,Not Late,Not Severe,Eligible
BA:1683042:20250728,2025-07-14,BA:Blue-N,901901,10:28:00,10:28:48,901302,10:39:00,10:39:48,37680,37728.0,38340,38388.0,11.0,11.0,0.8,0.8,0.0,2025-07,Monday,0,2025-07-14,Monday,2025-07,10,Midday,0,0,0.8,0.8167,479,1,0.0,0,0,2025,7,July,Q3,BA:Blue-N | Midday,135,0.74,8.45,0.78,Acute,52.5,P3 - Reliability Watch,8.0,Not Late,Not Severe,Eligible
BA:1683073:20250728,2025-07-15,BA:Blue-N,901901,21:02:00,21:02:48,901302,21:06:00,21:06:48,75720,75768.0,75960,76008.0,4.0,4.0,0.8,0.8,0.0,2025-07,Tuesday,0,2025-07-15,Tuesday,2025-07,21,Evening,0,0,0.8,0.8167,479,1,0.0,0,0,2025,7,July,Q3,BA:Blue-N | Evening,103,2.91,5.87,5.12,Chronic,73.21,P2 - High Burden,4.0,Not Late,Not Severe,Eligible
BA:1682598:20250728,2025-07-15,BA:Yellow-N,901902,16:55:00,16:56:11,901302,17:06:00,17:07:11,60900,60971.0,61560,61631.0,11.0,11.0,1.1833333333333331,1.1833333333333331,0.0,2025-07,Tuesday,0,2025-07-15,Tuesday,2025-07,16,Evening Peak,0,1,1.1833,1.4833,647,1,0.0,0,0,2025,7,July,Q3,BA:Yellow-N | Evening Peak,72,0.0,,0.0,Reliable,15.0,Monitor,13.0,Not Late,Not Severe,Eligible
BA:1682601:20250728,2025-07-15,BA:Yellow-N,901902,17:55:00,17:56:11,901302,18:06:00,18:07:11,64500,64571.0,65160,65231.0,11.0,11.0,1.1833333333333331,1.1833333333333331,0.0,2025-07,Tuesday,0,2025-07-15,Tuesday,2025-07,17,Evening Peak,0,1,1.1833,1.4833,647,1,0.0,0,0,2025,7,July,Q3,BA:Yellow-N | Evening Peak,72,0.0,,0.0,Reliable,15.0,Monitor,13.0,Not Late,Not Severe,Eligible
BA:1682605:20250728,2025-07-15,BA:Yellow-N,901902,19:15:00,19:16:11,901302,19:26:00,19:27:11,69300,69371.0,69960,70031.0,11.0,11.0,1.1833333333333331,1.1833333333333331,0.0,2025-07,Tuesday,0,2025-07-15,Tuesday,2025-07,19,Evening,0,0,1.1833,1.4833,647,1,0.0,0,0,2025,7,July,Q3,BA:Yellow-N | Evening,50,2.0,24.0,1.84,Critical,67.86,P3 - Reliability Watch,6.0,Not Late,Not Severe,Eligible
BA:1682663:20250728,2025-07-14,BA:Yellow-N,901902,24:01:00,24:05:13,901302,24:12:00,24:17:11,86460,86713.0,87120,87431.0,11.0,11.966666666666669,5.183333333333334,4.216666666666667,0.9666666666666668,2025-07,Monday,1,2025-07-15,Tuesday,2025-07,0,Overnight,0,0,5.1833,1.4833,647,1,3.7,1,0,2025,7,July,Q3,BA:Yellow-N | Overnight,335,26.27,7.33,68.28,Chronic,95.71,P1 - Primary Hotspot,1.0,Late,Not Severe,Eligible
BA:1682581:20250728,2025-07-16,BA:Yellow-N,901902,06:55:00,06:56:11,901302,07:06:00,07:07:11,24900,24971.0,25560,25631.0,11.0,11.0,1.1833333333333331,1.1833333333333331,0.0,2025-07,Wednesday,0,2025-07-16,Wednesday,2025-07,6,Overnight,0,0,1.1833,1.4833,647,1,0.0,0,0,2025,7,July,Q3,BA:Yellow-N | Overnight,335,26.27,7.33,68.28,Chronic,95.71,P1 - Primary Hotspot,1.0,Not Late,Not Severe,Eligible
BA:1682663:20250728,2025-07-15,BA:Yellow-N,901902,24:01:00,24:04:31,901302,24:12:00,24:15:42,86460,86671.0,87120,87342.0,11.0,11.183333333333334,3.7,3.5166666666666666,0.1833333333333335,2025-07,Tuesday,1,2025-07-16,Wednesday,2025-07,0,Overnight,0,0,3.7,1.4833,647,1,2.2167,0,0,2025,7,July,Q3,BA:Yellow-N | Overnight,335,26.27,7.33,68.28,Chronic,95.71,P1 - Primary Hotspot,1.0,Not Late,Not Severe,Eligible
BA:1682663:20250728,2025-07-16,BA:Yellow-N,901902,24:01:00,24:04:22,901302,24:12:00,24:15:20,86460,86662.0,87120,87320.0,11.0,10.966666666666669,3.3333333333333335,3.3666666666666667,-0.0333333333333332,2025-07,Wednesday,1,2025-07-17,Thursday,2025-07,0,Overnight,0,0,3.3333,1.4833,647,1,1.85,0,0,2025,7,July,Q3,BA:Yellow-N | Overnight,335,26.27,7.33,68.28,Chronic,95.71,P1 - Primary Hotspot,1.0,Not Late,Not Severe,Eligible
BA:1682583:20250728,2025-07-18,BA:Yellow-N,901902,08:35:00,08:36:11,901302,08:46:00,08:47:11,30900,30971.0,31560,31631.0,11.0,11.0,1.1833333333333331,1.1833333333333331,0.0,2025-07,Friday,0,2025-07-18,Friday,2025-07,8,Morning Peak,1,0,1.1833,1.4833,647,1,0.0,0,0,2025,7,July,Q3,BA:Yellow-N | Morning Peak,75,0.0,,0.44,Reliable,30.0,Monitor,10.0,Not Late,Not Severe,Eligible
BA:1683731:20250728,2025-07-18,BA:Yellow-N,901902,10:35:00,10:36:11,901302,10:46:00,10:47:11,38100,38171.0,38760,38831.0,11.0,11.0,1.1833333333333331,1.1833333333333331,0.0,2025-07,Friday,0,2025-07-18,Friday,2025-07,10,Midday,0,0,1.1833,1.4833,647,1,0.0,0,0,2025,7,July,Q3,BA:Yellow-N | Midday,115,0.0,,0.0,Reliable,15.0,Monitor,14.0,Not Late,Not Severe,Eligible
BA:1683733:20250728,2025-07-18,BA:Yellow-N,901902,11:15:00,11:16:11,901302,11:26:00,11:27:11,40500,40571.0,41160,41231.0,11.0,11.0,1.1833333333333331,1.1833333333333331,0.0,2025-07,Friday,0,2025-07-18,Friday,2025-07,11,Midday,0,0,1.1833,1.4833,647,1,0.0,0,0,2025,7,July,Q3,BA:Yellow-N | Midday,115,0.0,,0.0,Reliable,15.0,Monitor,14.0,Not Late,Not Severe,Eligible
BA:1682663:20250728,2025-07-17,BA:Yellow-N,901902,24:01:00,24:08:43,901302,24:12:00,24:20:02,86460,86923.0,87120,87602.0,11.0,11.316666666666666,8.033333333333333,7.716666666666667,0.3166666666666664,2025-07,Thursday,1,2025-07-18,Friday,2025-07,0,Overnight,0,0,8.0333,1.4833,647,1,6.55,1,0,2025,7,July,Q3,BA:Yellow-N | Overnight,335,26.27,7.33,68.28,Chronic,95.71,P1 - Primary Hotspot,1.0,Late,Not Severe,Eligible
BA:1682663:20250728,2025-07-18,BA:Yellow-N,901902,24:01:00,24:04:23,901302,24:12:00,24:15:23,86460,86663.0,87120,87323.0,11.0,11.0,3.3833333333333333,3.3833333333333333,0.0,2025-07,Friday,1,2025-07-19,Saturday,2025-07,0,Overnight,0,0,3.3833,1.4833,647,1,1.9,0,0,2025,7,July,Q3,BA:Yellow-N | Overnight,335,26.27,7.33,68.28,Chronic,95.71,P1 - Primary Hotspot,1.0,Not Late,Not Severe,Eligible
BA:1683050:20250728,2025-07-21,BA:Blue-N,901901,13:48:00,13:48:48,901302,13:59:00,13:59:48,49680,49728.0,50340,50388.0,11.0,11.0,0.8,0.8,0.0,2025-07,Monday,0,2025-07-21,Monday,2025-07,13,Midday,0,0,0.8,0.8167,479,1,0.0,0,0,2025,7,July,Q3,BA:Blue-N | Midday,135,0.74,8.45,0.78,Acute,52.5,P3 - Reliability Watch,8.0,Not Late,Not Severe,Eligible
BA:1682663:20250728,2025-07-21,BA:Yellow-N,901902,24:01:00,24:07:26,901302,24:12:00,24:18:47,86460,86846.0,87120,87527.0,11.0,11.35,6.783333333333333,6.433333333333334,0.3499999999999996,2025-07,Monday,1,2025-07-22,Tuesday,2025-07,0,Overnight,0,0,6.7833,1.4833,647,1,5.3,1,0,2025,7,July,Q3,BA:Yellow-N | Overnight,335,26.27,7.33,68.28,Chronic,95.71,P1 - Primary Hotspot,1.0,Late,Not Severe,Eligible
BA:1683070:20250728,2025-07-23,BA:Blue-N,901901,12:48:00,12:48:48,901302,12:59:00,12:59:48,46080,46128.0,46740,46788.0,11.0,11.0,0.8,0.8,0.0,2025-07,Wednesday,0,2025-07-23,Wednesday,2025-07,12,Midday,0,0,0.8,0.8167,479,1,0.0,0,0,2025,7,July,Q3,BA:Blue-N | Midday,135,0.74,8.45,0.78,Acute,52.5,P3 - Reliability Watch,8.0,Not Late,Not Severe,Eligible
BA:1683049:20250728,2025-07-23,BA:Blue-N,901901,13:28:00,13:28:48,901302,13:39:00,13:39:48,48480,48528.0,49140,49188.0,11.0,11.0,0.8,0.8,0.0,2025-07,Wednesday,0,2025-07-23,Wednesday,2025-07,13,Midday,0,0,0.8,0.8167,479,1,0.0,0,0,2025,7,July,Q3,BA:Blue-N | Midday,135,0.74,8.45,0.78,Acute,52.5,P3 - Reliability Watch,8.0,Not Late,Not Severe,Eligible
BA:1683050:20250728,2025-07-23,BA:Blue-N,901901,13:48:00,13:48:48,901302,13:59:00,13:59:48,49680,49728.0,50340,50388.0,11.0,11.0,0.8,0.8,0.0,2025-07,Wednesday,0,2025-07-23,Wednesday,2025-07,13,Midday,0,0,0.8,0.8167,479,1,0.0,0,0,2025,7,July,Q3,BA:Blue-N | Midday,135,0.74,8.45,0.78,Acute,52.5,P3 - Reliability Watch,8.0,Not Late,Not Severe,Eligible
BA:1683051:20250728,2025-07-23,BA:Blue-N,901901,14:08:00,14:08:48,901302,14:19:00,14:19:48,50880,50928.0,51540,51588.0,11.0,11.0,0.8,0.8,0.0,2025-07,Wednesday,0,2025-07-23,Wednesday,2025-07,14,Midday,0,0,0.8,0.8167,479,1,0.0,0,0,2025,7,July,Q3,BA:Blue-N | Midday,135,0.74,8.45,0.78,Acute,52.5,P3 - Reliability Watch,8.0,Not Late,Not Severe,Eligible
BA:1683053:20250728,2025-07-23,BA:Blue-N,901901,15:08:00,15:08:48,901302,15:19:00,15:19:48,54480,54528.0,55140,55188.0,11.0,11.0,0.8,0.8,0.0,2025-07,Wednesday,0,2025-07-23,Wednesday,2025-07,15,Midday,0,0,0.8,0.8167,479,1,0.0,0,0,2025,7,July,Q3,BA:Blue-N | Midday,135,0.74,8.45,0.78,Acute,52.5,P3 - Reliability Watch,8.0,Not Late,Not Severe,Eligible
BA:1683054:20250728,2025-07-23,BA:Blue-N,901901,15:28:00,15:28:48,901302,15:39:00,15:39:48,55680,55728.0,56340,56388.0,11.0,11.0,0.8,0.8,0.0,2025-07,Wednesday,0,2025-07-23,Wednesday,2025-07,15,Midday,0,0,0.8,0.8167,479,1,0.0,0,0,2025,7,July,Q3,BA:Blue-N | Midday,135,0.74,8.45,0.78,Acute,52.5,P3 - Reliability Watch,8.0,Not Late,Not Severe,Eligible
BA:1683056:20250728,2025-07-23,BA:Blue-N,901901,16:08:00,16:08:48,901302,16:19:00,16:19:48,58080,58128.0,58740,58788.0,11.0,11.0,0.8,0.8,0.0,2025-07,Wednesday,0,2025-07-23,Wednesday,2025-07,16,Evening Peak,0,1,0.8,0.8167,479,1,0.0,0,0,2025,7,July,Q3,BA:Blue-N | Evening Peak,89,0.0,,0.11,Reliable,23.57,Monitor,11.0,Not Late,Not Severe,Eligible
BA:1683057:20250728,2025-07-23,BA:Blue-N,901901,16:28:00,16:28:48,901302,16:39:00,16:39:48,59280,59328.0,59940,59988.0,11.0,11.0,0.8,0.8,0.0,2025-07,Wednesday,0,2025-07-23,Wednesday,2025-07,16,Evening Peak,0,1,0.8,0.8167,479,1,0.0,0,0,2025,7,July,Q3,BA:Blue-N | Evening Peak,89,0.0,,0.11,Reliable,23.57,Monitor,11.0,Not Late,Not Severe,Eligible
BA:1683058:20250728,2025-07-23,BA:Blue-N,901901,16:48:00,16:48:48,901302,16:59:00,16:59:48,60480,60528.0,61140,61188.0,11.0,11.0,0.8,0.8,0.0,2025-07,Wednesday,0,2025-07-23,Wednesday,2025-07,16,Evening Peak,0,1,0.8,0.8167,479,1,0.0,0,0,2025,7,July,Q3,BA:Blue-N | Evening Peak,89,0.0,,0.11,Reliable,23.57,Monitor,11.0,Not Late,Not Severe,Eligible
BA:1683059:20250728,2025-07-23,BA:Blue-N,901901,17:08:00,17:08:48,901302,17:19:00,17:19:48,61680,61728.0,62340,62388.0,11.0,11.0,0.8,0.8,0.0,2025-07,Wednesday,0,2025-07-23,Wednesday,2025-07,17,Evening Peak,0,1,0.8,0.8167,479,1,0.0,0,0,2025,7,July,Q3,BA:Blue-N | Evening Peak,89,0.0,,0.11,Reliable,23.57,Monitor,11.0,Not Late,Not Severe,Eligible
BA:1683060:20250728,2025-07-23,BA:Blue-N,901901,17:28:00,17:28:48,901302,17:39:00,17:39:48,62880,62928.0,63540,63588.0,11.0,11.0,0.8,0.8,0.0,2025-07,Wednesday,0,2025-07-23,Wednesday,2025-07,17,Evening Peak,0,1,0.8,0.8167,479,1,0.0,0,0,2025,7,July,Q3,BA:Blue-N | Evening Peak,89,0.0,,0.11,Reliable,23.57,Monitor,11.0,Not Late,Not Severe,Eligible
BA:1683061:20250728,2025-07-23,BA:Blue-N,901901,17:48:00,17:48:48,901302,17:59:00,17:59:48,64080,64128.0,64740,64788.0,11.0,11.0,0.8,0.8,0.0,2025-07,Wednesday,0,2025-07-23,Wednesday,2025-07,17,Evening Peak,0,1,0.8,0.8167,479,1,0.0,0,0,2025,7,July,Q3,BA:Blue-N | Evening Peak,89,0.0,,0.11,Reliable,23.57,Monitor,11.0,Not Late,Not Severe,Eligible
BA:1683062:20250728,2025-07-23,BA:Blue-N,901901,18:08:00,18:08:48,901302,18:19:00,18:19:48,65280,65328.0,65940,65988.0,11.0,11.0,0.8,0.8,0.0,2025-07,Wednesday,0,2025-07-23,Wednesday,2025-07,18,Evening Peak,0,1,0.8,0.8167,479,1,0.0,0,0,2025,7,July,Q3,BA:Blue-N | Evening Peak,89,0.0,,0.11,Reliable,23.57,Monitor,11.0,Not Late,Not Severe,Eligible
BA:1683063:20250728,2025-07-23,BA:Blue-N,901901,18:28:00,18:28:48,901302,18:39:00,18:39:48,66480,66528.0,67140,67188.0,11.0,11.0,0.8,0.8,0.0,2025-07,Wednesday,0,2025-07-23,Wednesday,2025-07,18,Evening Peak,0,1,0.8,0.8167,479,1,0.0,0,0,2025,7,July,Q3,BA:Blue-N | Evening Peak,89,0.0,,0.11,Reliable,23.57,Monitor,11.0,Not Late,Not Severe,Eligible
BA:1683064:20250728,2025-07-23,BA:Blue-N,901901,18:48:00,18:48:48,901302,18:59:00,18:59:48,67680,67728.0,68340,68388.0,11.0,11.0,0.8,0.8,0.0,2025-07,Wednesday,0,2025-07-23,Wednesday,2025-07,18,Evening Peak,0,1,0.8,0.8167,479,1,0.0,0,0,2025,7,July,Q3,BA:Blue-N | Evening Peak,89,0.0,,0.11,Reliable,23.57,Monitor,11.0,Not Late,Not Severe,Eligible
BA:1683065:20250728,2025-07-23,BA:Blue-N,901901,19:08:00,19:08:48,901302,19:19:00,19:19:48,68880,68928.0,69540,69588.0,11.0,11.0,0.8,0.8,0.0,2025-07,Wednesday,0,2025-07-23,Wednesday,2025-07,19,Evening,0,0,0.8,0.8167,479,1,0.0,0,0,2025,7,July,Q3,BA:Blue-N | Evening,103,2.91,5.87,5.12,Chronic,73.21,P2 - High Burden,4.0,Not Late,Not Severe,Eligible
BA:1683066:20250728,2025-07-23,BA:Blue-N,901901,19:28:00,19:28:48,901302,19:39:00,19:39:48,70080,70128.0,70740,70788.0,11.0,11.0,0.8,0.8,0.0,2025-07,Wednesday,0,2025-07-23,Wednesday,2025-07,19,Evening,0,0,0.8,0.8167,479,1,0.0,0,0,2025,7,July,Q3,BA:Blue-N | Evening,103,2.91,5.87,5.12,Chronic,73.21,P2 - High Burden,4.0,Not Late,Not Severe,Eligible
BA:1683067:20250728,2025-07-23,BA:Blue-N,901901,19:55:00,19:55:48,901302,20:06:00,20:06:48,71700,71748.0,72360,72408.0,11.0,11.0,0.8,0.8,0.0,2025-07,Wednesday,0,2025-07-23,Wednesday,2025-07,19,Evening,0,0,0.8,0.8167,479,1,0.0,0,0,2025,7,July,Q3,BA:Blue-N | Evening,103,2.91,5.87,5.12,Chronic,73.21,P2 - High Burden,4.0,Not Late,Not Severe,Eligible
BA:1683068:20250728,2025-07-23,BA:Blue-N,901901,20:15:00,20:15:48,901302,20:26:00,20:26:48,72900,72948.0,73560,73608.0,11.0,11.0,0.8,0.8,0.0,2025-07,Wednesday,0,2025-07-23,Wednesday,2025-07,20,Evening,0,0,0.8,0.8167,479,1,0.0,0,0,2025,7,July,Q3,BA:Blue-N | Evening,103,2.91,5.87,5.12,Chronic,73.21,P2 - High Burden,4.0,Not Late,Not Severe,Eligible
BA:1683069:20250728,2025-07-23,BA:Blue-N,901901,20:35:00,20:35:48,901302,20:46:00,20:46:48,74100,74148.0,74760,74808.0,11.0,11.0,0.8,0.8,0.0,2025-07,Wednesday,0,2025-07-23,Wednesday,2025-07,20,Evening,0,0,0.8,0.8167,479,1,0.0,0,0,2025,7,July,Q3,BA:Blue-N | Evening,103,2.91,5.87,5.12,Chronic,73.21,P2 - High Burden,4.0,Not Late,Not Severe,Eligible
BA:1683073:20250728,2025-07-23,BA:Blue-N,901901,20:55:00,20:55:48,901302,21:06:00,21:06:48,75300,75348.0,75960,76008.0,11.0,11.0,0.8,0.8,0.0,2025-07,Wednesday,0,2025-07-23,Wednesday,2025-07,20,Evening,0,0,0.8,0.8167,479,1,0.0,0,0,2025,7,July,Q3,BA:Blue-N | Evening,103,2.91,5.87,5.12,Chronic,73.21,P2 - High Burden,4.0,Not Late,Not Severe,Eligible
BA:1683083:20250728,2025-07-23,BA:Blue-N,901901,21:15:00,21:15:48,901302,21:26:00,21:26:48,76500,76548.0,77160,77208.0,11.0,11.0,0.8,0.8,0.0,2025-07,Wednesday,0,2025-07-23,Wednesday,2025-07,21,Evening,0,0,0.8,0.8167,479,1,0.0,0,0,2025,7,July,Q3,BA:Blue-N | Evening,103,2.91,5.87,5.12,Chronic,73.21,P2 - High Burden,4.0,Not Late,Not Severe,Eligible
BA:1682663:20250728,2025-07-22,BA:Yellow-N,901902,24:01:00,24:14:05,901302,24:12:00,24:24:35,86460,87245.0,87120,87875.0,11.0,10.5,12.583333333333334,13.083333333333334,-0.5,2025-07,Tuesday,1,2025-07-23,Wednesday,2025-07,0,Overnight,0,0,12.5833,1.4833,647,1,11.1,1,1,2025,7,July,Q3,BA:Yellow-N | Overnight,335,26.27,7.33,68.28,Chronic,95.71,P1 - Primary Hotspot,1.0,Late,Severe Delay,Eligible
BA:1683082:20250728,2025-07-24,BA:Blue-N,901901,05:28:00,05:28:48,901302,05:39:00,05:39:48,19680,19728.0,20340,20388.0,11.0,11.0,0.8,0.8,0.0,2025-07,Thursday,0,2025-07-24,Thursday,2025-07,5,Overnight,0,0,0.8,0.8167,479,1,0.0,0,0,2025,7,July,Q3,BA:Blue-N | Overnight,64,0.0,,0.11,Reliable,23.57,Monitor,12.0,Not Late,Not Severe,Eligible
BA:1683028:20250728,2025-07-24,BA:Blue-N,901901,05:48:00,05:48:48,901302,05:59:00,05:59:48,20880,20928.0,21540,21588.0,11.0,11.0,0.8,0.8,0.0,2025-07,Thursday,0,2025-07-24,Thursday,2025-07,5,Overnight,0,0,0.8,0.8167,479,1,0.0,0,0,2025,7,July,Q3,BA:Blue-N | Overnight,64,0.0,,0.11,Reliable,23.57,Monitor,12.0,Not Late,Not Severe,Eligible
BA:1683030:20250728,2025-07-24,BA:Blue-N,901901,06:28:00,06:28:48,901302,06:39:00,06:39:48,23280,23328.0,23940,23988.0,11.0,11.0,0.8,0.8,0.0,2025-07,Thursday,0,2025-07-24,Thursday,2025-07,6,Overnight,0,0,0.8,0.8167,479,1,0.0,0,0,2025,7,July,Q3,BA:Blue-N | Overnight,64,0.0,,0.11,Reliable,23.57,Monitor,12.0,Not Late,Not Severe,Eligible
BA:1683035:20250728,2025-07-24,BA:Blue-N,901901,07:48:00,07:48:48,901302,07:59:00,07:59:48,28080,28128.0,28740,28788.0,11.0,11.0,0.8,0.8,0.0,2025-07,Thursday,0,2025-07-24,Thursday,2025-07,7,Morning Peak,1,0,0.8,0.8167,479,1,0.0,0,0,2025,7,July,Q3,BA:Blue-N | Morning Peak,88,1.14,7.27,0.6,Chronic,47.86,P3 - Reliability Watch,9.0,Not Late,Not Severe,Eligible
BA:1682663:20250728,2025-07-23,BA:Yellow-N,901902,24:01:00,24:04:55,901302,24:12:00,24:16:21,86460,86695.0,87120,87381.0,11.0,11.433333333333334,4.35,3.9166666666666665,0.4333333333333335,2025-07,Wednesday,1,2025-07-24,Thursday,2025-07,0,Overnight,0,0,4.35,1.4833,647,1,2.8667,0,0,2025,7,July,Q3,BA:Yellow-N | Overnight,335,26.27,7.33,68.28,Chronic,95.71,P1 - Primary Hotspot,1.0,Not Late,Not Severe,Eligible
BA:1683067:20250728,2025-07-25,BA:Blue-N,901901,19:55:00,19:55:48,901302,20:06:00,20:06:48,71700,71748.0,72360,72408.0,11.0,11.0,0.8,0.8,0.0,2025-07,Friday,0,2025-07-25,Friday,2025-07,19,Evening,0,0,0.8,0.8167,479,1,0.0,0,0,2025,7,July,Q3,BA:Blue-N | Evening,103,2.91,5.87,5.12,Chronic,73.21,P2 - High Burden,4.0,Not Late,Not Severe,Eligible
BA:1682663:20250728,2025-07-24,BA:Yellow-N,901902,24:01:00,24:06:45,901302,24:12:00,24:17:53,86460,86805.0,87120,87473.0,11.0,11.133333333333333,5.883333333333334,5.75,0.1333333333333328,2025-07,Thursday,1,2025-07-25,Friday,2025-07,0,Overnight,0,0,5.8833,1.4833,647,1,4.4,1,0,2025,7,July,Q3,BA:Yellow-N | Overnight,335,26.27,7.33,68.28,Chronic,95.71,P1 - Primary Hotspot,1.0,Late,Not Severe,Eligible
BA:1682663:20250728,2025-07-25,BA:Yellow-N,901902,24:01:00,24:03:30,901302,24:12:00,24:14:22,86460,86610.0,87120,87262.0,11.0,10.866666666666667,2.3666666666666667,2.5,-0.1333333333333328,2025-07,Friday,1,2025-07-26,Saturday,2025-07,0,Overnight,0,0,2.3667,1.4833,647,1,0.8833,0,0,2025,7,July,Q3,BA:Yellow-N | Overnight,335,26.27,7.33,68.28,Chronic,95.71,P1 - Primary Hotspot,1.0,Not Late,Not Severe,Eligible
BA:1683038:20250728,2025-07-28,BA:Blue-N,901901,09:08:00,09:08:48,901302,09:19:00,09:19:48,32880,32928.0,33540,33588.0,11.0,11.0,0.8,0.8,0.0,2025-07,Monday,0,2025-07-28,Monday,2025-07,9,Morning Peak,1,0,0.8,0.8167,479,1,0.0,0,0,2025,7,July,Q3,BA:Blue-N | Morning Peak,88,1.14,7.27,0.6,Chronic,47.86,P3 - Reliability Watch,9.0,Not Late,Not Severe,Eligible
BA:1683041:20250728,2025-07-28,BA:Blue-N,901901,10:08:00,10:08:48,901302,10:19:00,10:19:48,36480,36528.0,37140,37188.0,11.0,11.0,0.8,0.8,0.0,2025-07,Monday,0,2025-07-28,Monday,2025-07,10,Midday,0,0,0.8,0.8167,479,1,0.0,0,0,2025,7,July,Q3,BA:Blue-N | Midday,135,0.74,8.45,0.78,Acute,52.5,P3 - Reliability Watch,8.0,Not Late,Not Severe,Eligible
BA:1683043:20250728,2025-07-28,BA:Blue-N,901901,10:48:00,10:48:48,901302,10:59:00,10:59:48,38880,38928.0,39540,39588.0,11.0,11.0,0.8,0.8,0.0,2025-07,Monday,0,2025-07-28,Monday,2025-07,10,Midday,0,0,0.8,0.8167,479,1,0.0,0,0,2025,7,July,Q3,BA:Blue-N | Midday,135,0.74,8.45,0.78,Acute,52.5,P3 - Reliability Watch,8.0,Not Late,Not Severe,Eligible
BA:1683738:20250728,2025-07-28,BA:Yellow-N,901902,12:55:00,12:56:11,901302,13:06:00,13:07:11,46500,46571.0,47160,47231.0,11.0,11.0,1.1833333333333331,1.1833333333333331,0.0,2025-07,Monday,0,2025-07-28,Monday,2025-07,12,Midday,0,0,1.1833,1.4833,647,1,0.0,0,0,2025,7,July,Q3,BA:Yellow-N | Midday,115,0.0,,0.0,Reliable,15.0,Monitor,14.0,Not Late,Not Severe,Eligible
BA:1682605:20250731,2025-07-29,BA:Yellow-N,901902,19:15:00,19:16:11,901302,19:26:00,19:27:11,69300,69371.0,69960,70031.0,11.0,11.0,1.1833333333333331,1.1833333333333331,0.0,2025-07,Tuesday,0,2025-07-29,Tuesday,2025-07,19,Evening,0,0,1.1833,1.4833,647,1,0.0,0,0,2025,7,July,Q3,BA:Yellow-N | Evening,50,2.0,24.0,1.84,Critical,67.86,P3 - Reliability Watch,6.0,Not Late,Not Severe,Eligible
BA:1682663:20250731,2025-07-29,BA:Yellow-N,901902,24:01:00,24:04:40,901302,24:12:00,24:15:35,86460,86680.0,87120,87335.0,11.0,10.916666666666666,3.5833333333333335,3.6666666666666665,-0.0833333333333339,2025-07,Tuesday,1,2025-07-30,Wednesday,2025-07,0,Overnight,0,0,3.5833,1.4833,647,1,2.1,0,0,2025,7,July,Q3,BA:Yellow-N | Overnight,335,26.27,7.33,68.28,Chronic,95.71,P1 - Primary Hotspot,1.0,Not Late,Not Severe,Eligible
BA:1683057:20250731,2025-07-31,BA:Blue-N,901901,16:28:00,16:28:48,901302,16:39:00,16:39:48,59280,59328.0,59940,59988.0,11.0,11.0,0.8,0.8,0.0,2025-07,Thursday,0,2025-07-31,Thursday,2025-07,16,Evening Peak,0,1,0.8,0.8167,479,1,0.0,0,0,2025,7,July,Q3,BA:Blue-N | Evening Peak,89,0.0,,0.11,Reliable,23.57,Monitor,11.0,Not Late,Not Severe,Eligible
BA:1682663:20250731,2025-07-30,BA:Yellow-N,901902,24:01:00,24:04:38,901302,24:12:00,24:15:48,86460,86678.0,87120,87348.0,11.0,11.166666666666666,3.8,3.6333333333333337,0.166666666666666,2025-07,Wednesday,1,2025-07-31,Thursday,2025-07,0,Overnight,0,0,3.8,1.4833,647,1,2.3167,0,0,2025,7,July,Q3,BA:Yellow-N | Overnight,335,26.27,7.33,68.28,Chronic,95.71,P1 - Primary Hotspot,1.0,Not Late,Not Severe,Eligible
BA:1682663:20250810,2025-08-01,BA:Yellow-N,901902,24:01:00,24:03:54,901302,24:12:00,24:14:49,86460,86634.0,87120,87289.0,11.0,10.916666666666666,2.816666666666667,2.9,-0.0833333333333339,2025-08,Friday,1,2025-08-02,Saturday,2025-08,0,Overnight,0,0,2.8167,1.4833,647,1,1.3333,0,0,2025,8,August,Q3,BA:Yellow-N | Overnight,335,26.27,7.33,68.28,Chronic,95.71,P1 - Primary Hotspot,1.0,Not Late,Not Severe,Eligible
BA:1683077:20250810,2025-08-05,BA:Blue-N,901901,22:35:00,22:35:24,901302,22:45:00,22:46:24,81300,81324.0,81900,81984.0,10.0,11.0,1.4,0.4,1.0,2025-08,Tuesday,0,2025-08-05,Tuesday,2025-08,22,Evening,0,0,1.4,0.8167,479,1,0.5833,0,0,2025,8,August,Q3,BA:Blue-N | Evening,103,2.91,5.87,5.12,Chronic,73.21,P2 - High Burden,4.0,Not Late,Not Severe,Eligible
BA:1683078:20250810,2025-08-05,BA:Blue-N,901901,22:55:00,22:55:24,901302,23:05:00,23:06:24,82500,82524.0,83100,83184.0,10.0,11.0,1.4,0.4,1.0,2025-08,Tuesday,0,2025-08-05,Tuesday,2025-08,22,Evening,0,0,1.4,0.8167,479,1,0.5833,0,0,2025,8,August,Q3,BA:Blue-N | Evening,103,2.91,5.87,5.12,Chronic,73.21,P2 - High Burden,4.0,Not Late,Not Severe,Eligible
BA:1682663:20250810,2025-08-04,BA:Yellow-N,901902,24:01:00,24:04:19,901302,24:12:00,24:15:35,86460,86659.0,87120,87335.0,11.0,11.266666666666667,3.5833333333333335,3.316666666666667,0.2666666666666675,2025-08,Monday,1,2025-08-05,Tuesday,2025-08,0,Overnight,0,0,3.5833,1.4833,647,1,2.1,0,0,2025,8,August,Q3,BA:Yellow-N | Overnight,335,26.27,7.33,68.28,Chronic,95.71,P1 - Primary Hotspot,1.0,Not Late,Not Severe,Eligible
BA:1682663:20250810,2025-08-05,BA:Yellow-N,901902,24:01:00,24:04:18,901302,24:12:00,24:15:04,86460,86658.0,87120,87304.0,11.0,10.766666666666667,3.066666666666667,3.3,-0.2333333333333325,2025-08,Tuesday,1,2025-08-06,Wednesday,2025-08,0,Overnight,0,0,3.0667,1.4833,647,1,1.5833,0,0,2025,8,August,Q3,BA:Yellow-N | Overnight,335,26.27,7.33,68.28,Chronic,95.71,P1 - Primary Hotspot,1.0,Not Late,Not Severe,Eligible
BA:1683082:20250810,2025-08-07,BA:Blue-N,901901,05:30:00,05:31:06,901302,05:39:00,05:39:48,19800,19866.0,20340,20388.0,9.0,8.7,0.8,1.1,-0.3000000000000007,2025-08,Thursday,0,2025-08-07,Thursday,2025-08,5,Overnight,0,0,0.8,0.8167,479,1,0.0,0,0,2025,8,August,Q3,BA:Blue-N | Overnight,64,0.0,,0.11,Reliable,23.57,Monitor,12.0,Not Late,Not Severe,Eligible
BA:1683028:20250810,2025-08-07,BA:Blue-N,901901,05:50:00,05:51:06,901302,05:59:00,05:59:48,21000,21066.0,21540,21588.0,9.0,8.7,0.8,1.1,-0.3000000000000007,2025-08,Thursday,0,2025-08-07,Thursday,2025-08,5,Overnight,0,0,0.8,0.8167,479,1,0.0,0,0,2025,8,August,Q3,BA:Blue-N | Overnight,64,0.0,,0.11,Reliable,23.57,Monitor,12.0,Not Late,Not Severe,Eligible
BA:1683033:20250810,2025-08-07,BA:Blue-N,901901,07:10:00,07:11:06,901302,07:19:00,07:19:48,25800,25866.0,26340,26388.0,9.0,8.7,0.8,1.1,-0.3000000000000007,2025-08,Thursday,0,2025-08-07,Thursday,2025-08,7,Morning Peak,1,0,0.8,0.8167,479,1,0.0,0,0,2025,8,August,Q3,BA:Blue-N | Morning Peak,88,1.14,7.27,0.6,Chronic,47.86,P3 - Reliability Watch,9.0,Not Late,Not Severe,Eligible
BA:1683036:20250810,2025-08-07,BA:Blue-N,901901,08:30:00,08:31:06,901302,08:39:00,08:39:48,30600,30666.0,31140,31188.0,9.0,8.7,0.8,1.1,-0.3000000000000007,2025-08,Thursday,0,2025-08-07,Thursday,2025-08,8,Morning Peak,1,0,0.8,0.8167,479,1,0.0,0,0,2025,8,August,Q3,BA:Blue-N | Morning Peak,88,1.14,7.27,0.6,Chronic,47.86,P3 - Reliability Watch,9.0,Not Late,Not Severe,Eligible
BA:1683039:20250810,2025-08-07,BA:Blue-N,901901,09:28:00,09:28:48,901302,09:39:00,09:39:48,34080,34128.0,34740,34788.0,11.0,11.0,0.8,0.8,0.0,2025-08,Thursday,0,2025-08-07,Thursday,2025-08,9,Morning Peak,1,0,0.8,0.8167,479,1,0.0,0,0,2025,8,August,Q3,BA:Blue-N | Morning Peak,88,1.14,7.27,0.6,Chronic,47.86,P3 - Reliability Watch,9.0,Not Late,Not Severe,Eligible
BA:1683040:20250810,2025-08-07,BA:Blue-N,901901,09:50:00,09:51:06,901302,09:59:00,09:59:48,35400,35466.0,35940,35988.0,9.0,8.7,0.8,1.1,-0.3000000000000007,2025-08,Thursday,0,2025-08-07,Thursday,2025-08,9,Morning Peak,1,0,0.8,0.8167,479,1,0.0,0,0,2025,8,August,Q3,BA:Blue-N | Morning Peak,88,1.14,7.27,0.6,Chronic,47.86,P3 - Reliability Watch,9.0,Not Late,Not Severe,Eligible
BA:1683041:20250810,2025-08-07,BA:Blue-N,901901,10:10:00,10:11:06,901302,10:19:00,10:19:48,36600,36666.0,37140,37188.0,9.0,8.7,0.8,1.1,-0.3000000000000007,2025-08,Thursday,0,2025-08-07,Thursday,2025-08,10,Midday,0,0,0.8,0.8167,479,1,0.0,0,0,2025,8,August,Q3,BA:Blue-N | Midday,135,0.74,8.45,0.78,Acute,52.5,P3 - Reliability Watch,8.0,Not Late,Not Severe,Eligible
BA:1683042:20250810,2025-08-07,BA:Blue-N,901901,10:30:00,10:31:06,901302,10:39:00,10:39:48,37800,37866.0,38340,38388.0,9.0,8.7,0.8,1.1,-0.3000000000000007,2025-08,Thursday,0,2025-08-07,Thursday,2025-08,10,Midday,0,0,0.8,0.8167,479,1,0.0,0,0,2025,8,August,Q3,BA:Blue-N | Midday,135,0.74,8.45,0.78,Acute,52.5,P3 - Reliability Watch,8.0,Not Late,Not Severe,Eligible
BA:1683043:20250810,2025-08-07,BA:Blue-N,901901,10:50:00,10:51:06,901302,10:59:00,10:59:48,39000,39066.0,39540,39588.0,9.0,8.7,0.8,1.1,-0.3000000000000007,2025-08,Thursday,0,2025-08-07,Thursday,2025-08,10,Midday,0,0,0.8,0.8167,479,1,0.0,0,0,2025,8,August,Q3,BA:Blue-N | Midday,135,0.74,8.45,0.78,Acute,52.5,P3 - Reliability Watch,8.0,Not Late,Not Severe,Eligible
BA:1683045:20250810,2025-08-07,BA:Blue-N,901901,11:30:00,11:31:06,901302,11:39:00,11:39:48,41400,41466.0,41940,41988.0,9.0,8.7,0.8,1.1,-0.3000000000000007,2025-08,Thursday,0,2025-08-07,Thursday,2025-08,11,Midday,0,0,0.8,0.8167,479,1,0.0,0,0,2025,8,August,Q3,BA:Blue-N | Midday,135,0.74,8.45,0.78,Acute,52.5,P3 - Reliability Watch,8.0,Not Late,Not Severe,Eligible
BA:1683046:20250810,2025-08-07,BA:Blue-N,901901,11:50:00,11:51:06,901302,11:59:00,11:59:48,42600,42666.0,43140,43188.0,9.0,8.7,0.8,1.1,-0.3000000000000007,2025-08,Thursday,0,2025-08-07,Thursday,2025-08,11,Midday,0,0,0.8,0.8167,479,1,0.0,0,0,2025,8,August,Q3,BA:Blue-N | Midday,135,0.74,8.45,0.78,Acute,52.5,P3 - Reliability Watch,8.0,Not Late,Not Severe,Eligible
BA:1683071:20250810,2025-08-07,BA:Blue-N,901901,13:10:00,13:11:06,901302,13:19:00,13:19:48,47400,47466.0,47940,47988.0,9.0,8.7,0.8,1.1,-0.3000000000000007,2025-08,Thursday,0,2025-08-07,Thursday,2025-08,13,Midday,0,0,0.8,0.8167,479,1,0.0,0,0,2025,8,August,Q3,BA:Blue-N | Midday,135,0.74,8.45,0.78,Acute,52.5,P3 - Reliability Watch,8.0,Not Late,Not Severe,Eligible
BA:1683049:20250810,2025-08-07,BA:Blue-N,901901,13:30:00,13:31:06,901302,13:39:00,13:39:48,48600,48666.0,49140,49188.0,9.0,8.7,0.8,1.1,-0.3000000000000007,2025-08,Thursday,0,2025-08-07,Thursday,2025-08,13,Midday,0,0,0.8,0.8167,479,1,0.0,0,0,2025,8,August,Q3,BA:Blue-N | Midday,135,0.74,8.45,0.78,Acute,52.5,P3 - Reliability Watch,8.0,Not Late,Not Severe,Eligible
BA:1683056:20250810,2025-08-07,BA:Blue-N,901901,16:10:00,16:11:06,901302,16:19:00,16:19:48,58200,58266.0,58740,58788.0,9.0,8.7,0.8,1.1,-0.3000000000000007,2025-08,Thursday,0,2025-08-07,Thursday,2025-08,16,Evening Peak,0,1,0.8,0.8167,479,1,0.0,0,0,2025,8,August,Q3,BA:Blue-N | Evening Peak,89,0.0,,0.11,Reliable,23.57,Monitor,11.0,Not Late,Not Severe,Eligible
BA:1683062:20250810,2025-08-07,BA:Blue-N,901901,18:08:00,18:08:48,901302,18:19:00,18:19:48,65280,65328.0,65940,65988.0,11.0,11.0,0.8,0.8,0.0,2025-08,Thursday,0,2025-08-07,Thursday,2025-08,18,Evening Peak,0,1,0.8,0.8167,479,1,0.0,0,0,2025,8,August,Q3,BA:Blue-N | Evening Peak,89,0.0,,0.11,Reliable,23.57,Monitor,11.0,Not Late,Not Severe,Eligible
BA:1683063:20250810,2025-08-07,BA:Blue-N,901901,18:30:00,18:31:06,901302,18:39:00,18:39:48,66600,66666.0,67140,67188.0,9.0,8.7,0.8,1.1,-0.3000000000000007,2025-08,Thursday,0,2025-08-07,Thursday,2025-08,18,Evening Peak,0,1,0.8,0.8167,479,1,0.0,0,0,2025,8,August,Q3,BA:Blue-N | Evening Peak,89,0.0,,0.11,Reliable,23.57,Monitor,11.0,Not Late,Not Severe,Eligible
BA:1683064:20250810,2025-08-07,BA:Blue-N,901901,18:48:00,18:48:48,901302,18:59:00,18:59:48,67680,67728.0,68340,68388.0,11.0,11.0,0.8,0.8,0.0,2025-08,Thursday,0,2025-08-07,Thursday,2025-08,18,Evening Peak,0,1,0.8,0.8167,479,1,0.0,0,0,2025,8,August,Q3,BA:Blue-N | Evening Peak,89,0.0,,0.11,Reliable,23.57,Monitor,11.0,Not Late,Not Severe,Eligible
BA:1683065:20250810,2025-08-07,BA:Blue-N,901901,19:10:00,19:11:06,901302,19:19:00,19:19:48,69000,69066.0,69540,69588.0,9.0,8.7,0.8,1.1,-0.3000000000000007,2025-08,Thursday,0,2025-08-07,Thursday,2025-08,19,Evening,0,0,0.8,0.8167,479,1,0.0,0,0,2025,8,August,Q3,BA:Blue-N | Evening,103,2.91,5.87,5.12,Chronic,73.21,P2 - High Burden,4.0,Not Late,Not Severe,Eligible
BA:1683069:20250810,2025-08-07,BA:Blue-N,901901,20:35:00,20:35:48,901302,20:46:00,20:46:48,74100,74148.0,74760,74808.0,11.0,11.0,0.8,0.8,0.0,2025-08,Thursday,0,2025-08-07,Thursday,2025-08,20,Evening,0,0,0.8,0.8167,479,1,0.0,0,0,2025,8,August,Q3,BA:Blue-N | Evening,103,2.91,5.87,5.12,Chronic,73.21,P2 - High Burden,4.0,Not Late,Not Severe,Eligible
BA:1682663:20250810,2025-08-06,BA:Yellow-N,901902,24:01:00,24:11:00,901302,24:12:00,24:22:26,86460,87060.0,87120,87746.0,11.0,11.433333333333334,10.433333333333334,10.0,0.4333333333333335,2025-08,Wednesday,1,2025-08-07,Thursday,2025-08,0,Overnight,0,0,10.4333,1.4833,647,1,8.95,1,1,2025,8,August,Q3,BA:Yellow-N | Overnight,335,26.27,7.33,68.28,Chronic,95.71,P1 - Primary Hotspot,1.0,Late,Severe Delay,Eligible
BA:1682663:20250810,2025-08-07,BA:Yellow-N,901902,24:01:00,24:05:02,901302,24:12:00,24:16:34,86460,86702.0,87120,87394.0,11.0,11.533333333333331,4.566666666666666,4.033333333333333,0.5333333333333332,2025-08,Thursday,1,2025-08-08,Friday,2025-08,0,Overnight,0,0,4.5667,1.4833,647,1,3.0833,0,0,2025,8,August,Q3,BA:Yellow-N | Overnight,335,26.27,7.33,68.28,Chronic,95.71,P1 - Primary Hotspot,1.0,Not Late,Not Severe,Eligible
BA:1771464:20250831,2025-08-11,BA:Blue-N,901901,07:11:00,07:11:49,901302,07:22:00,07:22:49,25860,25909.0,26520,26569.0,11.0,11.0,0.8166666666666667,0.8166666666666667,0.0,2025-08,Monday,0,2025-08-11,Monday,2025-08,7,Morning Peak,1,0,0.8167,0.8167,479,1,0.0,0,0,2025,8,August,Q3,BA:Blue-N | Morning Peak,88,1.14,7.27,0.6,Chronic,47.86,P3 - Reliability Watch,9.0,Not Late,Not Severe,Eligible
BA:1771509:20250831,2025-08-11,BA:Blue-N,901901,22:37:00,22:37:25,901302,22:47:00,22:48:25,81420,81445.0,82020,82105.0,10.0,11.0,1.4166666666666667,0.4166666666666667,1.0,2025-08,Monday,0,2025-08-11,Monday,2025-08,22,Evening,0,0,1.4167,0.8167,479,1,0.6,0,0,2025,8,August,Q3,BA:Blue-N | Evening,103,2.91,5.87,5.12,Chronic,73.21,P2 - High Burden,4.0,Not Late,Not Severe,Eligible
BA:1771810:20250831,2025-08-11,BA:Yellow-N,901902,12:37:00,12:37:41,901302,12:48:00,12:48:41,45420,45461.0,46080,46121.0,11.0,11.0,0.6833333333333333,0.6833333333333333,0.0,2025-08,Monday,0,2025-08-11,Monday,2025-08,12,Midday,0,0,0.6833,1.4833,647,1,0.0,0,0,2025,8,August,Q3,BA:Yellow-N | Midday,115,0.0,,0.0,Reliable,15.0,Monitor,14.0,Not Late,Not Severe,Eligible
BA:1771729:20250831,2025-08-12,BA:Yellow-N,901902,06:49:00,06:49:29,901302,06:59:00,07:00:29,24540,24569.0,25140,25229.0,10.0,11.0,1.4833333333333334,0.4833333333333333,1.0,2025-08,Tuesday,0,2025-08-12,Tuesday,2025-08,6,Overnight,0,0,1.4833,1.4833,647,1,0.0,0,0,2025,8,August,Q3,BA:Yellow-N | Overnight,335,26.27,7.33,68.28,Chronic,95.71,P1 - Primary Hotspot,1.0,Not Late,Not Severe,Eligible
BA:1771738:20250831,2025-08-12,BA:Yellow-N,901902,09:49:00,09:49:29,901302,09:59:00,10:00:29,35340,35369.0,35940,36029.0,10.0,11.0,1.4833333333333334,0.4833333333333333,1.0,2025-08,Tuesday,0,2025-08-12,Tuesday,2025-08,9,Morning Peak,1,0,1.4833,1.4833,647,1,0.0,0,0,2025,8,August,Q3,BA:Yellow-N | Morning Peak,75,0.0,,0.44,Reliable,30.0,Monitor,10.0,Not Late,Not Severe,Eligible
BA:1771748:20250831,2025-08-12,BA:Yellow-N,901902,13:09:00,13:09:29,901302,13:19:00,13:20:29,47340,47369.0,47940,48029.0,10.0,11.0,1.4833333333333334,0.4833333333333333,1.0,2025-08,Tuesday,0,2025-08-12,Tuesday,2025-08,13,Midday,0,0,1.4833,1.4833,647,1,0.0,0,0,2025,8,August,Q3,BA:Yellow-N | Midday,115,0.0,,0.0,Reliable,15.0,Monitor,14.0,Not Late,Not Severe,Eligible
BA:1771756:20250831,2025-08-12,BA:Yellow-N,901902,15:49:00,15:49:29,901302,15:59:00,16:00:29,56940,56969.0,57540,57629.0,10.0,11.0,1.4833333333333334,0.4833333333333333,1.0,2025-08,Tuesday,0,2025-08-12,Tuesday,2025-08,15,Midday,0,0,1.4833,1.4833,647,1,0.0,0,0,2025,8,August,Q3,BA:Yellow-N | Midday,115,0.0,,0.0,Reliable,15.0,Monitor,14.0,Not Late,Not Severe,Eligible
BA:1771757:20250831,2025-08-12,BA:Yellow-N,901902,16:09:00,16:09:29,901302,16:19:00,16:20:29,58140,58169.0,58740,58829.0,10.0,11.0,1.4833333333333334,0.4833333333333333,1.0,2025-08,Tuesday,0,2025-08-12,Tuesday,2025-08,16,Evening Peak,0,1,1.4833,1.4833,647,1,0.0,0,0,2025,8,August,Q3,BA:Yellow-N | Evening Peak,72,0.0,,0.0,Reliable,15.0,Monitor,13.0,Not Late,Not Severe,Eligible
BA:1771758:20250831,2025-08-12,BA:Yellow-N,901902,16:29:00,16:29:29,901302,16:39:00,16:40:29,59340,59369.0,59940,60029.0,10.0,11.0,1.4833333333333334,0.4833333333333333,1.0,2025-08,Tuesday,0,2025-08-12,Tuesday,2025-08,16,Evening Peak,0,1,1.4833,1.4833,647,1,0.0,0,0,2025,8,August,Q3,BA:Yellow-N | Evening Peak,72,0.0,,0.0,Reliable,15.0,Monitor,13.0,Not Late,Not Severe,Eligible
BA:1771759:20250831,2025-08-12,BA:Yellow-N,901902,16:49:00,16:49:29,901302,16:59:00,17:00:29,60540,60569.0,61140,61229.0,10.0,11.0,1.4833333333333334,0.4833333333333333,1.0,2025-08,Tuesday,0,2025-08-12,Tuesday,2025-08,16,Evening Peak,0,1,1.4833,1.4833,647,1,0.0,0,0,2025,8,August,Q3,BA:Yellow-N | Evening Peak,72,0.0,,0.0,Reliable,15.0,Monitor,13.0,Not Late,Not Severe,Eligible
BA:1771762:20250831,2025-08-12,BA:Yellow-N,901902,17:49:00,17:49:29,901302,17:59:00,18:00:29,64140,64169.0,64740,64829.0,10.0,11.0,1.4833333333333334,0.4833333333333333,1.0,2025-08,Tuesday,0,2025-08-12,Tuesday,2025-08,17,Evening Peak,0,1,1.4833,1.4833,647,1,0.0,0,0,2025,8,August,Q3,BA:Yellow-N | Evening Peak,72,0.0,,0.0,Reliable,15.0,Monitor,13.0,Not Late,Not Severe,Eligible
BA:1771781:20250831,2025-08-11,BA:Yellow-N,901902,24:08:00,24:13:23,901302,24:18:00,24:24:09,86880,87203.0,87480,87849.0,10.0,10.766666666666667,6.15,5.383333333333334,0.7666666666666675,2025-08,Monday,1,2025-08-12,Tuesday,2025-08,0,Overnight,0,0,6.15,1.4833,647,1,4.6667,1,0,2025,8,August,Q3,BA:Yellow-N | Overnight,335,26.27,7.33,68.28,Chronic,95.71,P1 - Primary Hotspot,1.0,Late,Not Severe,Eligible
BA:1771472:20250831,2025-08-13,BA:Blue-N,901901,09:51:00,09:51:49,901302,10:02:00,10:02:49,35460,35509.0,36120,36169.0,11.0,11.0,0.8166666666666667,0.8166666666666667,0.0,2025-08,Wednesday,0,2025-08-13,Wednesday,2025-08,9,Morning Peak,1,0,0.8167,0.8167,479,1,0.0,0,0,2025,8,August,Q3,BA:Blue-N | Morning Peak,88,1.14,7.27,0.6,Chronic,47.86,P3 - Reliability Watch,9.0,Not Late,Not Severe,Eligible
BA:1771781:20250831,2025-08-12,BA:Yellow-N,901902,24:08:00,24:14:31,901302,24:18:00,24:25:00,86880,87271.0,87480,87900.0,10.0,10.483333333333333,7.0,6.516666666666667,0.4833333333333325,2025-08,Tuesday,1,2025-08-13,Wednesday,2025-08,0,Overnight,0,0,7.0,1.4833,647,1,5.5167,1,0,2025,8,August,Q3,BA:Yellow-N | Overnight,335,26.27,7.33,68.28,Chronic,95.71,P1 - Primary Hotspot,1.0,Late,Not Severe,Eligible
BA:1771749:20250831,2025-08-14,BA:Yellow-N,901902,13:29:00,13:29:29,901302,13:39:00,13:40:29,48540,48569.0,49140,49229.0,10.0,11.0,1.4833333333333334,0.4833333333333333,1.0,2025-08,Thursday,0,2025-08-14,Thursday,2025-08,13,Midday,0,0,1.4833,1.4833,647,1,0.0,0,0,2025,8,August,Q3,BA:Yellow-N | Midday,115,0.0,,0.0,Reliable,15.0,Monitor,14.0,Not Late,Not Severe,Eligible
BA:1771752:20250831,2025-08-14,BA:Yellow-N,901902,14:29:00,14:29:29,901302,14:39:00,14:40:29,52140,52169.0,52740,52829.0,10.0,11.0,1.4833333333333334,0.4833333333333333,1.0,2025-08,Thursday,0,2025-08-14,Thursday,2025-08,14,Midday,0,0,1.4833,1.4833,647,1,0.0,0,0,2025,8,August,Q3,BA:Yellow-N | Midday,115,0.0,,0.0,Reliable,15.0,Monitor,14.0,Not Late,Not Severe,Eligible
BA:1771754:20250831,2025-08-14,BA:Yellow-N,901902,15:09:00,15:09:29,901302,15:19:00,15:20:29,54540,54569.0,55140,55229.0,10.0,11.0,1.4833333333333334,0.4833333333333333,1.0,2025-08,Thursday,0,2025-08-14,Thursday,2025-08,15,Midday,0,0,1.4833,1.4833,647,1,0.0,0,0,2025,8,August,Q3,BA:Yellow-N | Midday,115,0.0,,0.0,Reliable,15.0,Monitor,14.0,Not Late,Not Severe,Eligible
BA:1771756:20250831,2025-08-14,BA:Yellow-N,901902,15:49:00,15:49:29,901302,15:59:00,16:00:29,56940,56969.0,57540,57629.0,10.0,11.0,1.4833333333333334,0.4833333333333333,1.0,2025-08,Thursday,0,2025-08-14,Thursday,2025-08,15,Midday,0,0,1.4833,1.4833,647,1,0.0,0,0,2025,8,August,Q3,BA:Yellow-N | Midday,115,0.0,,0.0,Reliable,15.0,Monitor,14.0,Not Late,Not Severe,Eligible
BA:1771759:20250831,2025-08-14,BA:Yellow-N,901902,16:49:00,16:49:29,901302,16:59:00,17:00:29,60540,60569.0,61140,61229.0,10.0,11.0,1.4833333333333334,0.4833333333333333,1.0,2025-08,Thursday,0,2025-08-14,Thursday,2025-08,16,Evening Peak,0,1,1.4833,1.4833,647,1,0.0,0,0,2025,8,August,Q3,BA:Yellow-N | Evening Peak,72,0.0,,0.0,Reliable,15.0,Monitor,13.0,Not Late,Not Severe,Eligible
BA:1771781:20250831,2025-08-13,BA:Yellow-N,901902,24:08:00,24:08:50,901302,24:18:00,24:19:46,86880,86930.0,87480,87586.0,10.0,10.933333333333334,1.7666666666666666,0.8333333333333334,0.9333333333333336,2025-08,Wednesday,1,2025-08-14,Thursday,2025-08,0,Overnight,0,0,1.7667,1.4833,647,1,0.2833,0,0,2025,8,August,Q3,BA:Yellow-N | Overnight,335,26.27,7.33,68.28,Chronic,95.71,P1 - Primary Hotspot,1.0,Not Late,Not Severe,Eligible
BA:1771808:20250831,2025-08-15,BA:Yellow-N,901902,11:57:00,11:57:41,901302,12:08:00,12:08:41,43020,43061.0,43680,43721.0,11.0,11.0,0.6833333333333333,0.6833333333333333,0.0,2025-08,Friday,0,2025-08-15,Friday,2025-08,11,Midday,0,0,0.6833,1.4833,647,1,0.0,0,0,2025,8,August,Q3,BA:Yellow-N | Midday,115,0.0,,0.0,Reliable,15.0,Monitor,14.0,Not Late,Not Severe,Eligible
BA:1771809:20250831,2025-08-15,BA:Yellow-N,901902,12:17:00,12:17:41,901302,12:28:00,12:28:41,44220,44261.0,44880,44921.0,11.0,11.0,0.6833333333333333,0.6833333333333333,0.0,2025-08,Friday,0,2025-08-15,Friday,2025-08,12,Midday,0,0,0.6833,1.4833,647,1,0.0,0,0,2025,8,August,Q3,BA:Yellow-N | Midday,115,0.0,,0.0,Reliable,15.0,Monitor,14.0,Not Late,Not Severe,Eligible
BA:1771810:20250831,2025-08-15,BA:Yellow-N,901902,12:37:00,12:37:41,901302,12:48:00,12:48:41,45420,45461.0,46080,46121.0,11.0,11.0,0.6833333333333333,0.6833333333333333,0.0,2025-08,Friday,0,2025-08-15,Friday,2025-08,12,Midday,0,0,0.6833,1.4833,647,1,0.0,0,0,2025,8,August,Q3,BA:Yellow-N | Midday,115,0.0,,0.0,Reliable,15.0,Monitor,14.0,Not Late,Not Severe,Eligible
BA:1771816:20250831,2025-08-15,BA:Yellow-N,901902,14:39:00,14:39:59,901302,14:48:00,14:48:41,52740,52799.0,53280,53321.0,9.0,8.7,0.6833333333333333,0.9833333333333332,-0.3000000000000007,2025-08,Friday,0,2025-08-15,Friday,2025-08,14,Midday,0,0,0.6833,1.4833,647,1,0.0,0,0,2025,8,August,Q3,BA:Yellow-N | Midday,115,0.0,,0.0,Reliable,15.0,Monitor,14.0,Not Late,Not Severe,Eligible
BA:1771753:20250831,2025-08-15,BA:Yellow-N,901902,14:51:00,14:51:47,901302,14:59:00,15:00:29,53460,53507.0,53940,54029.0,8.0,8.7,1.4833333333333334,0.7833333333333333,0.6999999999999993,2025-08,Friday,0,2025-08-15,Friday,2025-08,14,Midday,0,0,1.4833,1.4833,647,1,0.0,0,0,2025,8,August,Q3,BA:Yellow-N | Midday,115,0.0,,0.0,Reliable,15.0,Monitor,14.0,Not Late,Not Severe,Eligible
BA:1771817:20250831,2025-08-15,BA:Yellow-N,901902,14:59:00,14:59:59,901302,15:08:00,15:08:41,53940,53999.0,54480,54521.0,9.0,8.7,0.6833333333333333,0.9833333333333332,-0.3000000000000007,2025-08,Friday,0,2025-08-15,Friday,2025-08,14,Midday,0,0,0.6833,1.4833,647,1,0.0,0,0,2025,8,August,Q3,BA:Yellow-N | Midday,115,0.0,,0.0,Reliable,15.0,Monitor,14.0,Not Late,Not Severe,Eligible
BA:1771823:20250831,2025-08-15,BA:Yellow-N,901902,16:57:00,16:57:41,901302,17:08:00,17:08:41,61020,61061.0,61680,61721.0,11.0,11.0,0.6833333333333333,0.6833333333333333,0.0,2025-08,Friday,0,2025-08-15,Friday,2025-08,16,Evening Peak,0,1,0.6833,1.4833,647,1,0.0,0,0,2025,8,August,Q3,BA:Yellow-N | Evening Peak,72,0.0,,0.0,Reliable,15.0,Monitor,13.0,Not Late,Not Severe,Eligible
BA:1771824:20250831,2025-08-15,BA:Yellow-N,901902,17:17:00,17:17:41,901302,17:28:00,17:28:41,62220,62261.0,62880,62921.0,11.0,11.0,0.6833333333333333,0.6833333333333333,0.0,2025-08,Friday,0,2025-08-15,Friday,2025-08,17,Evening Peak,0,1,0.6833,1.4833,647,1,0.0,0,0,2025,8,August,Q3,BA:Yellow-N | Evening Peak,72,0.0,,0.0,Reliable,15.0,Monitor,13.0,Not Late,Not Severe,Eligible
BA:1771825:20250831,2025-08-15,BA:Yellow-N,901902,17:37:00,17:37:41,901302,17:48:00,17:48:41,63420,63461.0,64080,64121.0,11.0,11.0,0.6833333333333333,0.6833333333333333,0.0,2025-08,Friday,0,2025-08-15,Friday,2025-08,17,Evening Peak,0,1,0.6833,1.4833,647,1,0.0,0,0,2025,8,August,Q3,BA:Yellow-N | Evening Peak,72,0.0,,0.0,Reliable,15.0,Monitor,13.0,Not Late,Not Severe,Eligible
BA:1771827:20250831,2025-08-15,BA:Yellow-N,901902,18:17:00,18:17:41,901302,18:28:00,18:28:41,65820,65861.0,66480,66521.0,11.0,11.0,0.6833333333333333,0.6833333333333333,0.0,2025-08,Friday,0,2025-08-15,Friday,2025-08,18,Evening Peak,0,1,0.6833,1.4833,647,1,0.0,0,0,2025,8,August,Q3,BA:Yellow-N | Evening Peak,72,0.0,,0.0,Reliable,15.0,Monitor,13.0,Not Late,Not Severe,Eligible
BA:1771829:20250831,2025-08-15,BA:Yellow-N,901902,18:57:00,18:57:41,901302,19:08:00,19:08:41,68220,68261.0,68880,68921.0,11.0,11.0,0.6833333333333333,0.6833333333333333,0.0,2025-08,Friday,0,2025-08-15,Friday,2025-08,18,Evening Peak,0,1,0.6833,1.4833,647,1,0.0,0,0,2025,8,August,Q3,BA:Yellow-N | Evening Peak,72,0.0,,0.0,Reliable,15.0,Monitor,13.0,Not Late,Not Severe,Eligible
BA:1771781:20250831,2025-08-14,BA:Yellow-N,901902,24:08:00,24:08:52,901302,24:18:00,24:19:46,86880,86932.0,87480,87586.0,10.0,10.9,1.7666666666666666,0.8666666666666667,0.9000000000000004,2025-08,Thursday,1,2025-08-15,Friday,2025-08,0,Overnight,0,0,1.7667,1.4833,647,1,0.2833,0,0,2025,8,August,Q3,BA:Yellow-N | Overnight,335,26.27,7.33,68.28,Chronic,95.71,P1 - Primary Hotspot,1.0,Not Late,Not Severe,Eligible
BA:1771781:20250831,2025-08-15,BA:Yellow-N,901902,24:08:00,24:09:42,901302,24:18:00,24:21:10,86880,86982.0,87480,87670.0,10.0,11.466666666666669,3.1666666666666665,1.7,1.4666666666666668,2025-08,Friday,1,2025-08-16,Saturday,2025-08,0,Overnight,0,0,3.1667,1.4833,647,1,1.6833,0,0,2025,8,August,Q3,BA:Yellow-N | Overnight,335,26.27,7.33,68.28,Chronic,95.71,P1 - Primary Hotspot,1.0,Not Late,Not Severe,Eligible
BA:1771575:20250831,2025-08-19,BA:Green-N,901901,04:54:00,04:55:07,901302,05:05:00,05:06:07,17640,17707.0,18300,18367.0,11.0,11.0,1.1166666666666667,1.1166666666666667,0.0,2025-08,Tuesday,0,2025-08-19,Tuesday,2025-08,4,Overnight,0,0,1.1167,1.1167,680,1,0.0,0,0,2025,8,August,Q3,BA:Green-N | Overnight,181,2.76,7.14,5.79,Chronic,76.07,P1 - Primary Hotspot,3.0,Not Late,Not Severe,Eligible
BA:1771576:20250831,2025-08-19,BA:Green-N,901901,05:14:00,05:15:07,901302,05:25:00,05:26:07,18840,18907.0,19500,19567.0,11.0,11.0,1.1166666666666667,1.1166666666666667,0.0,2025-08,Tuesday,0,2025-08-19,Tuesday,2025-08,5,Overnight,0,0,1.1167,1.1167,680,1,0.0,0,0,2025,8,August,Q3,BA:Green-N | Overnight,181,2.76,7.14,5.79,Chronic,76.07,P1 - Primary Hotspot,3.0,Not Late,Not Severe,Eligible
BA:1771577:20250831,2025-08-19,BA:Green-N,901901,05:34:00,05:35:07,901302,05:45:00,05:46:07,20040,20107.0,20700,20767.0,11.0,11.0,1.1166666666666667,1.1166666666666667,0.0,2025-08,Tuesday,0,2025-08-19,Tuesday,2025-08,5,Overnight,0,0,1.1167,1.1167,680,1,0.0,0,0,2025,8,August,Q3,BA:Green-N | Overnight,181,2.76,7.14,5.79,Chronic,76.07,P1 - Primary Hotspot,3.0,Not Late,Not Severe,Eligible
BA:1771578:20250831,2025-08-19,BA:Green-N,901901,05:54:00,05:55:07,901302,06:05:00,06:06:07,21240,21307.0,21900,21967.0,11.0,11.0,1.1166666666666667,1.1166666666666667,0.0,2025-08,Tuesday,0,2025-08-19,Tuesday,2025-08,5,Overnight,0,0,1.1167,1.1167,680,1,0.0,0,0,2025,8,August,Q3,BA:Green-N | Overnight,181,2.76,7.14,5.79,Chronic,76.07,P1 - Primary Hotspot,3.0,Not Late,Not Severe,Eligible
BA:1771587:20250831,2025-08-19,BA:Green-N,901901,08:54:00,08:55:07,901302,09:05:00,09:06:07,32040,32107.0,32700,32767.0,11.0,11.0,1.1166666666666667,1.1166666666666667,0.0,2025-08,Tuesday,0,2025-08-19,Tuesday,2025-08,8,Morning Peak,1,0,1.1167,1.1167,680,1,0.0,0,0,2025,8,August,Q3,BA:Green-N | Morning Peak,142,2.82,6.27,1.81,Chronic,59.64,P3 - Reliability Watch,7.0,Not Late,Not Severe,Eligible
BA:1771588:20250831,2025-08-19,BA:Green-N,901901,09:14:00,09:15:07,901302,09:25:00,09:26:07,33240,33307.0,33900,33967.0,11.0,11.0,1.1166666666666667,1.1166666666666667,0.0,2025-08,Tuesday,0,2025-08-19,Tuesday,2025-08,9,Morning Peak,1,0,1.1167,1.1167,680,1,0.0,0,0,2025,8,August,Q3,BA:Green-N | Morning Peak,142,2.82,6.27,1.81,Chronic,59.64,P3 - Reliability Watch,7.0,Not Late,Not Severe,Eligible
BA:1771597:20250831,2025-08-19,BA:Green-N,901901,12:14:00,12:15:07,901302,12:25:00,12:26:07,44040,44107.0,44700,44767.0,11.0,11.0,1.1166666666666667,1.1166666666666667,0.0,2025-08,Tuesday,0,2025-08-19,Tuesday,2025-08,12,Midday,0,0,1.1167,1.1167,680,1,0.0,0,0,2025,8,August,Q3,BA:Green-N | Midday,266,4.51,10.34,10.51,Critical,91.07,P1 - Primary Hotspot,2.0,Not Late,Not Severe,Eligible
BA:1771598:20250831,2025-08-19,BA:Green-N,901901,12:34:00,12:35:07,901302,12:45:00,12:46:07,45240,45307.0,45900,45967.0,11.0,11.0,1.1166666666666667,1.1166666666666667,0.0,2025-08,Tuesday,0,2025-08-19,Tuesday,2025-08,12,Midday,0,0,1.1167,1.1167,680,1,0.0,0,0,2025,8,August,Q3,BA:Green-N | Midday,266,4.51,10.34,10.51,Critical,91.07,P1 - Primary Hotspot,2.0,Not Late,Not Severe,Eligible
BA:1771599:20250831,2025-08-19,BA:Green-N,901901,12:54:00,12:55:07,901302,13:05:00,13:06:07,46440,46507.0,47100,47167.0,11.0,11.0,1.1166666666666667,1.1166666666666667,0.0,2025-08,Tuesday,0,2025-08-19,Tuesday,2025-08,12,Midday,0,0,1.1167,1.1167,680,1,0.0,0,0,2025,8,August,Q3,BA:Green-N | Midday,266,4.51,10.34,10.51,Critical,91.07,P1 - Primary Hotspot,2.0,Not Late,Not Severe,Eligible
BA:1771601:20250831,2025-08-19,BA:Green-N,901901,13:34:00,13:35:07,901302,13:45:00,13:46:07,48840,48907.0,49500,49567.0,11.0,11.0,1.1166666666666667,1.1166666666666667,0.0,2025-08,Tuesday,0,2025-08-19,Tuesday,2025-08,13,Midday,0,0,1.1167,1.1167,680,1,0.0,0,0,2025,8,August,Q3,BA:Green-N | Midday,266,4.51,10.34,10.51,Critical,91.07,P1 - Primary Hotspot,2.0,Not Late,Not Severe,Eligible
BA:1771604:20250831,2025-08-19,BA:Green-N,901901,14:34:00,14:35:07,901302,14:45:00,14:46:07,52440,52507.0,53100,53167.0,11.0,11.0,1.1166666666666667,1.1166666666666667,0.0,2025-08,Tuesday,0,2025-08-19,Tuesday,2025-08,14,Midday,0,0,1.1167,1.1167,680,1,0.0,0,0,2025,8,August,Q3,BA:Green-N | Midday,266,4.51,10.34,10.51,Critical,91.07,P1 - Primary Hotspot,2.0,Not Late,Not Severe,Eligible
BA:1771605:20250831,2025-08-19,BA:Green-N,901901,14:54:00,14:55:07,901302,15:05:00,15:06:07,53640,53707.0,54300,54367.0,11.0,11.0,1.1166666666666667,1.1166666666666667,0.0,2025-08,Tuesday,0,2025-08-19,Tuesday,2025-08,14,Midday,0,0,1.1167,1.1167,680,1,0.0,0,0,2025,8,August,Q3,BA:Green-N | Midday,266,4.51,10.34,10.51,Critical,91.07,P1 - Primary Hotspot,2.0,Not Late,Not Severe,Eligible
BA:1771606:20250831,2025-08-19,BA:Green-N,901901,15:14:00,15:15:07,901302,15:25:00,15:26:07,54840,54907.0,55500,55567.0,11.0,11.0,1.1166666666666667,1.1166666666666667,0.0,2025-08,Tuesday,0,2025-08-19,Tuesday,2025-08,15,Midday,0,0,1.1167,1.1167,680,1,0.0,0,0,2025,8,August,Q3,BA:Green-N | Midday,266,4.51,10.34,10.51,Critical,91.07,P1 - Primary Hotspot,2.0,Not Late,Not Severe,Eligible
BA:1771607:20250831,2025-08-19,BA:Green-N,901901,15:34:00,15:35:07,901302,15:45:00,15:46:07,56040,56107.0,56700,56767.0,11.0,11.0,1.1166666666666667,1.1166666666666667,0.0,2025-08,Tuesday,0,2025-08-19,Tuesday,2025-08,15,Midday,0,0,1.1167,1.1167,680,1,0.0,0,0,2025,8,August,Q3,BA:Green-N | Midday,266,4.51,10.34,10.51,Critical,91.07,P1 - Primary Hotspot,2.0,Not Late,Not Severe,Eligible
BA:1771608:20250831,2025-08-19,BA:Green-N,901901,15:54:00,15:55:07,901302,16:05:00,16:06:07,57240,57307.0,57900,57967.0,11.0,11.0,1.1166666666666667,1.1166666666666667,0.0,2025-08,Tuesday,0,2025-08-19,Tuesday,2025-08,15,Midday,0,0,1.1167,1.1167,680,1,0.0,0,0,2025,8,August,Q3,BA:Green-N | Midday,266,4.51,10.34,10.51,Critical,91.07,P1 - Primary Hotspot,2.0,Not Late,Not Severe,Eligible
BA:1771609:20250831,2025-08-19,BA:Green-N,901901,16:14:00,16:15:07,901302,16:25:00,16:26:07,58440,58507.0,59100,59167.0,11.0,11.0,1.1166666666666667,1.1166666666666667,0.0,2025-08,Tuesday,0,2025-08-19,Tuesday,2025-08,16,Evening Peak,0,1,1.1167,1.1167,680,1,0.0,0,0,2025,8,August,Q3,BA:Green-N | Evening Peak,76,5.26,9.22,3.05,Critical,78.93,P3 - Reliability Watch,5.0,Not Late,Not Severe,Eligible
BA:1771610:20250831,2025-08-19,BA:Green-N,901901,16:34:00,16:35:07,901302,16:45:00,16:46:07,59640,59707.0,60300,60367.0,11.0,11.0,1.1166666666666667,1.1166666666666667,0.0,2025-08,Tuesday,0,2025-08-19,Tuesday,2025-08,16,Evening Peak,0,1,1.1167,1.1167,680,1,0.0,0,0,2025,8,August,Q3,BA:Green-N | Evening Peak,76,5.26,9.22,3.05,Critical,78.93,P3 - Reliability Watch,5.0,Not Late,Not Severe,Eligible
BA:1771611:20250831,2025-08-19,BA:Green-N,901901,16:54:00,16:55:07,901302,17:05:00,17:06:07,60840,60907.0,61500,61567.0,11.0,11.0,1.1166666666666667,1.1166666666666667,0.0,2025-08,Tuesday,0,2025-08-19,Tuesday,2025-08,16,Evening Peak,0,1,1.1167,1.1167,680,1,0.0,0,0,2025,8,August,Q3,BA:Green-N | Evening Peak,76,5.26,9.22,3.05,Critical,78.93,P3 - Reliability Watch,5.0,Not Late,Not Severe,Eligible
BA:1771612:20250831,2025-08-19,BA:Green-N,901901,17:14:00,17:15:07,901302,17:25:00,17:26:07,62040,62107.0,62700,62767.0,11.0,11.0,1.1166666666666667,1.1166666666666667,0.0,2025-08,Tuesday,0,2025-08-19,Tuesday,2025-08,17,Evening Peak,0,1,1.1167,1.1167,680,1,0.0,0,0,2025,8,August,Q3,BA:Green-N | Evening Peak,76,5.26,9.22,3.05,Critical,78.93,P3 - Reliability Watch,5.0,Not Late,Not Severe,Eligible
BA:1771613:20250831,2025-08-19,BA:Green-N,901901,17:34:00,17:35:07,901302,17:45:00,17:46:07,63240,63307.0,63900,63967.0,11.0,11.0,1.1166666666666667,1.1166666666666667,0.0,2025-08,Tuesday,0,2025-08-19,Tuesday,2025-08,17,Evening Peak,0,1,1.1167,1.1167,680,1,0.0,0,0,2025,8,August,Q3,BA:Green-N | Evening Peak,76,5.26,9.22,3.05,Critical,78.93,P3 - Reliability Watch,5.0,Not Late,Not Severe,Eligible
BA:1771614:20250831,2025-08-19,BA:Green-N,901901,17:54:00,18:00:56,901302,18:05:00,18:11:35,64440,64856.0,65100,65495.0,11.0,10.65,6.583333333333333,6.933333333333334,-0.3499999999999996,2025-08,Tuesday,0,2025-08-19,Tuesday,2025-08,17,Evening Peak,0,1,6.5833,1.1167,680,1,5.4667,1,0,2025,8,August,Q3,BA:Green-N | Evening Peak,76,5.26,9.22,3.05,Critical,78.93,P3 - Reliability Watch,5.0,Late,Not Severe,Eligible
BA:1771615:20250831,2025-08-19,BA:Green-N,901901,18:14:00,18:15:07,901302,18:25:00,18:26:07,65640,65707.0,66300,66367.0,11.0,11.0,1.1166666666666667,1.1166666666666667,0.0,2025-08,Tuesday,0,2025-08-19,Tuesday,2025-08,18,Evening Peak,0,1,1.1167,1.1167,680,1,0.0,0,0,2025,8,August,Q3,BA:Green-N | Evening Peak,76,5.26,9.22,3.05,Critical,78.93,P3 - Reliability Watch,5.0,Not Late,Not Severe,Eligible
BA:1771616:20250831,2025-08-19,BA:Green-N,901901,18:34:00,18:35:07,901302,18:45:00,18:46:07,66840,66907.0,67500,67567.0,11.0,11.0,1.1166666666666667,1.1166666666666667,0.0,2025-08,Tuesday,0,2025-08-19,Tuesday,2025-08,18,Evening Peak,0,1,1.1167,1.1167,680,1,0.0,0,0,2025,8,August,Q3,BA:Green-N | Evening Peak,76,5.26,9.22,3.05,Critical,78.93,P3 - Reliability Watch,5.0,Not Late,Not Severe,Eligible
BA:1771617:20250831,2025-08-19,BA:Green-N,901901,18:54:00,18:55:07,901302,19:05:00,19:06:07,68040,68107.0,68700,68767.0,11.0,11.0,1.1166666666666667,1.1166666666666667,0.0,2025-08,Tuesday,0,2025-08-19,Tuesday,2025-08,18,Evening Peak,0,1,1.1167,1.1167,680,1,0.0,0,0,2025,8,August,Q3,BA:Green-N | Evening Peak,76,5.26,9.22,3.05,Critical,78.93,P3 - Reliability Watch,5.0,Not Late,Not Severe,Eligible
BA:1771618:20250831,2025-08-19,BA:Green-N,901901,19:14:00,19:15:07,901302,19:25:00,19:26:07,69240,69307.0,69900,69967.0,11.0,11.0,1.1166666666666667,1.1166666666666667,0.0,2025-08,Tuesday,0,2025-08-19,Tuesday,2025-08,19,Evening,0,0,1.1167,1.1167,680,1,0.0,0,0,2025,8,August,Q3,BA:Green-N | Evening,15,6.67,11.22,0.85,Insufficient Sample,,Insufficient Sample,,Not Late,Not Severe,Insufficient Sample
BA:1771619:20250831,2025-08-19,BA:Green-N,901901,19:34:00,19:35:07,901302,19:45:00,19:46:07,70440,70507.0,71100,71167.0,11.0,11.0,1.1166666666666667,1.1166666666666667,0.0,2025-08,Tuesday,0,2025-08-19,Tuesday,2025-08,19,Evening,0,0,1.1167,1.1167,680,1,0.0,0,0,2025,8,August,Q3,BA:Green-N | Evening,15,6.67,11.22,0.85,Insufficient Sample,,Insufficient Sample,,Not Late,Not Severe,Insufficient Sample
BA:1771809:20250831,2025-08-19,BA:Yellow-N,901902,12:17:00,12:17:41,901302,12:28:00,12:28:41,44220,44261.0,44880,44921.0,11.0,11.0,0.6833333333333333,0.6833333333333333,0.0,2025-08,Tuesday,0,2025-08-19,Tuesday,2025-08,12,Midday,0,0,0.6833,1.4833,647,1,0.0,0,0,2025,8,August,Q3,BA:Yellow-N | Midday,115,0.0,,0.0,Reliable,15.0,Monitor,14.0,Not Late,Not Severe,Eligible
BA:1771819:20250831,2025-08-19,BA:Yellow-N,901902,15:37:00,15:37:41,901302,15:48:00,15:48:41,56220,56261.0,56880,56921.0,11.0,11.0,0.6833333333333333,0.6833333333333333,0.0,2025-08,Tuesday,0,2025-08-19,Tuesday,2025-08,15,Midday,0,0,0.6833,1.4833,647,1,0.0,0,0,2025,8,August,Q3,BA:Yellow-N | Midday,115,0.0,,0.0,Reliable,15.0,Monitor,14.0,Not Late,Not Severe,Eligible
BA:1771821:20250831,2025-08-19,BA:Yellow-N,901902,16:17:00,16:17:41,901302,16:28:00,16:28:41,58620,58661.0,59280,59321.0,11.0,11.0,0.6833333333333333,0.6833333333333333,0.0,2025-08,Tuesday,0,2025-08-19,Tuesday,2025-08,16,Evening Peak,0,1,0.6833,1.4833,647,1,0.0,0,0,2025,8,August,Q3,BA:Yellow-N | Evening Peak,72,0.0,,0.0,Reliable,15.0,Monitor,13.0,Not Late,Not Severe,Eligible
BA:1771823:20250831,2025-08-19,BA:Yellow-N,901902,16:57:00,16:57:41,901302,17:08:00,17:08:41,61020,61061.0,61680,61721.0,11.0,11.0,0.6833333333333333,0.6833333333333333,0.0,2025-08,Tuesday,0,2025-08-19,Tuesday,2025-08,16,Evening Peak,0,1,0.6833,1.4833,647,1,0.0,0,0,2025,8,August,Q3,BA:Yellow-N | Evening Peak,72,0.0,,0.0,Reliable,15.0,Monitor,13.0,Not Late,Not Severe,Eligible
BA:1771826:20250831,2025-08-19,BA:Yellow-N,901902,17:57:00,17:57:41,901302,18:08:00,18:08:41,64620,64661.0,65280,65321.0,11.0,11.0,0.6833333333333333,0.6833333333333333,0.0,2025-08,Tuesday,0,2025-08-19,Tuesday,2025-08,17,Evening Peak,0,1,0.6833,1.4833,647,1,0.0,0,0,2025,8,August,Q3,BA:Yellow-N | Evening Peak,72,0.0,,0.0,Reliable,15.0,Monitor,13.0,Not Late,Not Severe,Eligible
BA:1771781:20250831,2025-08-18,BA:Yellow-N,901902,24:08:00,24:12:38,901302,24:18:00,24:25:57,86880,87158.0,87480,87957.0,10.0,13.316666666666666,7.95,4.633333333333334,3.3166666666666664,2025-08,Monday,1,2025-08-19,Tuesday,2025-08,0,Overnight,0,0,7.95,1.4833,647,1,6.4667,1,0,2025,8,August,Q3,BA:Yellow-N | Overnight,335,26.27,7.33,68.28,Chronic,95.71,P1 - Primary Hotspot,1.0,Late,Not Severe,Eligible
BA:1771575:20250831,2025-08-20,BA:Green-N,901901,04:54:00,04:55:07,901302,05:05:00,05:06:07,17640,17707.0,18300,18367.0,11.0,11.0,1.1166666666666667,1.1166666666666667,0.0,2025-08,Wednesday,0,2025-08-20,Wednesday,2025-08,4,Overnight,0,0,1.1167,1.1167,680,1,0.0,0,0,2025,8,August,Q3,BA:Green-N | Overnight,181,2.76,7.14,5.79,Chronic,76.07,P1 - Primary Hotspot,3.0,Not Late,Not Severe,Eligible
BA:1771576:20250831,2025-08-20,BA:Green-N,901901,05:14:00,05:15:07,901302,05:25:00,05:26:07,18840,18907.0,19500,19567.0,11.0,11.0,1.1166666666666667,1.1166666666666667,0.0,2025-08,Wednesday,0,2025-08-20,Wednesday,2025-08,5,Overnight,0,0,1.1167,1.1167,680,1,0.0,0,0,2025,8,August,Q3,BA:Green-N | Overnight,181,2.76,7.14,5.79,Chronic,76.07,P1 - Primary Hotspot,3.0,Not Late,Not Severe,Eligible
BA:1771577:20250831,2025-08-20,BA:Green-N,901901,05:34:00,05:35:07,901302,05:45:00,05:46:07,20040,20107.0,20700,20767.0,11.0,11.0,1.1166666666666667,1.1166666666666667,0.0,2025-08,Wednesday,0,2025-08-20,Wednesday,2025-08,5,Overnight,0,0,1.1167,1.1167,680,1,0.0,0,0,2025,8,August,Q3,BA:Green-N | Overnight,181,2.76,7.14,5.79,Chronic,76.07,P1 - Primary Hotspot,3.0,Not Late,Not Severe,Eligible
BA:1771578:20250831,2025-08-20,BA:Green-N,901901,05:54:00,05:55:07,901302,06:05:00,06:06:07,21240,21307.0,21900,21967.0,11.0,11.0,1.1166666666666667,1.1166666666666667,0.0,2025-08,Wednesday,0,2025-08-20,Wednesday,2025-08,5,Overnight,0,0,1.1167,1.1167,680,1,0.0,0,0,2025,8,August,Q3,BA:Green-N | Overnight,181,2.76,7.14,5.79,Chronic,76.07,P1 - Primary Hotspot,3.0,Not Late,Not Severe,Eligible
BA:1771584:20250831,2025-08-20,BA:Green-N,901901,07:54:00,07:55:07,901302,08:05:00,08:06:07,28440,28507.0,29100,29167.0,11.0,11.0,1.1166666666666667,1.1166666666666667,0.0,2025-08,Wednesday,0,2025-08-20,Wednesday,2025-08,7,Morning Peak,1,0,1.1167,1.1167,680,1,0.0,0,0,2025,8,August,Q3,BA:Green-N | Morning Peak,142,2.82,6.27,1.81,Chronic,59.64,P3 - Reliability Watch,7.0,Not Late,Not Severe,Eligible
BA:1771585:20250831,2025-08-20,BA:Green-N,901901,08:14:00,08:15:07,901302,08:25:00,08:26:07,29640,29707.0,30300,30367.0,11.0,11.0,1.1166666666666667,1.1166666666666667,0.0,2025-08,Wednesday,0,2025-08-20,Wednesday,2025-08,8,Morning Peak,1,0,1.1167,1.1167,680,1,0.0,0,0,2025,8,August,Q3,BA:Green-N | Morning Peak,142,2.82,6.27,1.81,Chronic,59.64,P3 - Reliability Watch,7.0,Not Late,Not Severe,Eligible
BA:1771586:20250831,2025-08-20,BA:Green-N,901901,08:34:00,08:35:07,901302,08:45:00,08:46:07,30840,30907.0,31500,31567.0,11.0,11.0,1.1166666666666667,1.1166666666666667,0.0,2025-08,Wednesday,0,2025-08-20,Wednesday,2025-08,8,Morning Peak,1,0,1.1167,1.1167,680,1,0.0,0,0,2025,8,August,Q3,BA:Green-N | Morning Peak,142,2.82,6.27,1.81,Chronic,59.64,P3 - Reliability Watch,7.0,Not Late,Not Severe,Eligible
BA:1771588:20250831,2025-08-20,BA:Green-N,901901,09:14:00,09:15:07,901302,09:25:00,09:26:23,33240,33307.0,33900,33983.0,11.0,11.266666666666667,1.3833333333333333,1.1166666666666667,0.2666666666666675,2025-08,Wednesday,0,2025-08-20,Wednesday,2025-08,9,Morning Peak,1,0,1.3833,1.1167,680,1,0.2667,0,0,2025,8,August,Q3,BA:Green-N | Morning Peak,142,2.82,6.27,1.81,Chronic,59.64,P3 - Reliability Watch,7.0,Not Late,Not Severe,Eligible
BA:1771591:20250831,2025-08-20,BA:Green-N,901901,10:14:00,10:15:07,901302,10:25:00,10:26:07,36840,36907.0,37500,37567.0,11.0,11.0,1.1166666666666667,1.1166666666666667,0.0,2025-08,Wednesday,0,2025-08-20,Wednesday,2025-08,10,Midday,0,0,1.1167,1.1167,680,1,0.0,0,0,2025,8,August,Q3,BA:Green-N | Midday,266,4.51,10.34,10.51,Critical,91.07,P1 - Primary Hotspot,2.0,Not Late,Not Severe,Eligible
BA:1771592:20250831,2025-08-20,BA:Green-N,901901,10:34:00,10:35:07,901302,10:45:00,10:46:07,38040,38107.0,38700,38767.0,11.0,11.0,1.1166666666666667,1.1166666666666667,0.0,2025-08,Wednesday,0,2025-08-20,Wednesday,2025-08,10,Midday,0,0,1.1167,1.1167,680,1,0.0,0,0,2025,8,August,Q3,BA:Green-N | Midday,266,4.51,10.34,10.51,Critical,91.07,P1 - Primary Hotspot,2.0,Not Late,Not Severe,Eligible
BA:1771593:20250831,2025-08-20,BA:Green-N,901901,10:54:00,10:55:07,901302,11:05:00,11:06:07,39240,39307.0,39900,39967.0,11.0,11.0,1.1166666666666667,1.1166666666666667,0.0,2025-08,Wednesday,0,2025-08-20,Wednesday,2025-08,10,Midday,0,0,1.1167,1.1167,680,1,0.0,0,0,2025,8,August,Q3,BA:Green-N | Midday,266,4.51,10.34,10.51,Critical,91.07,P1 - Primary Hotspot,2.0,Not Late,Not Severe,Eligible
BA:1771595:20250831,2025-08-20,BA:Green-N,901902,11:34:00,11:51:20,901302,11:45:00,12:01:34,41640,42680.0,42300,43294.0,11.0,10.233333333333333,16.566666666666666,17.333333333333332,-0.7666666666666675,2025-08,Wednesday,0,2025-08-20,Wednesday,2025-08,11,Midday,0,0,16.5667,1.1167,680,1,15.45,1,1,2025,8,August,Q3,BA:Green-N | Midday,266,4.51,10.34,10.51,Critical,91.07,P1 - Primary Hotspot,2.0,Late,Severe Delay,Eligible
BA:1771602:20250831,2025-08-20,BA:Green-N,901902,13:54:00,13:55:07,901302,14:05:00,14:06:07,50040,50107.0,50700,50767.0,11.0,11.0,1.1166666666666667,1.1166666666666667,0.0,2025-08,Wednesday,0,2025-08-20,Wednesday,2025-08,13,Midday,0,0,1.1167,1.1167,680,1,0.0,0,0,2025,8,August,Q3,BA:Green-N | Midday,266,4.51,10.34,10.51,Critical,91.07,P1 - Primary Hotspot,2.0,Not Late,Not Severe,Eligible
BA:1771605:20250831,2025-08-20,BA:Green-N,901901,14:54:00,15:12:25,901302,15:05:00,15:23:04,53640,54745.0,54300,55384.0,11.0,10.65,18.066666666666663,18.416666666666668,-0.3499999999999996,2025-08,Wednesday,0,2025-08-20,Wednesday,2025-08,14,Midday,0,0,18.0667,1.1167,680,1,16.95,1,1,2025,8,August,Q3,BA:Green-N | Midday,266,4.51,10.34,10.51,Critical,91.07,P1 - Primary Hotspot,2.0,Late,Severe Delay,Eligible
BA:1771608:20250831,2025-08-20,BA:Green-N,901901,15:54:00,15:55:07,901302,16:05:00,16:06:07,57240,57307.0,57900,57967.0,11.0,11.0,1.1166666666666667,1.1166666666666667,0.0,2025-08,Wednesday,0,2025-08-20,Wednesday,2025-08,15,Midday,0,0,1.1167,1.1167,680,1,0.0,0,0,2025,8,August,Q3,BA:Green-N | Midday,266,4.51,10.34,10.51,Critical,91.07,P1 - Primary Hotspot,2.0,Not Late,Not Severe,Eligible
BA:1771609:20250831,2025-08-20,BA:Green-N,901901,16:14:00,16:15:07,901302,16:25:00,16:26:07,58440,58507.0,59100,59167.0,11.0,11.0,1.1166666666666667,1.1166666666666667,0.0,2025-08,Wednesday,0,2025-08-20,Wednesday,2025-08,16,Evening Peak,0,1,1.1167,1.1167,680,1,0.0,0,0,2025,8,August,Q3,BA:Green-N | Evening Peak,76,5.26,9.22,3.05,Critical,78.93,P3 - Reliability Watch,5.0,Not Late,Not Severe,Eligible
BA:1771610:20250831,2025-08-20,BA:Green-N,901901,16:34:00,16:35:07,901302,16:45:00,16:46:07,59640,59707.0,60300,60367.0,11.0,11.0,1.1166666666666667,1.1166666666666667,0.0,2025-08,Wednesday,0,2025-08-20,Wednesday,2025-08,16,Evening Peak,0,1,1.1167,1.1167,680,1,0.0,0,0,2025,8,August,Q3,BA:Green-N | Evening Peak,76,5.26,9.22,3.05,Critical,78.93,P3 - Reliability Watch,5.0,Not Late,Not Severe,Eligible
BA:1771611:20250831,2025-08-20,BA:Green-N,901901,16:54:00,16:55:07,901302,17:05:00,17:06:07,60840,60907.0,61500,61567.0,11.0,11.0,1.1166666666666667,1.1166666666666667,0.0,2025-08,Wednesday,0,2025-08-20,Wednesday,2025-08,16,Evening Peak,0,1,1.1167,1.1167,680,1,0.0,0,0,2025,8,August,Q3,BA:Green-N | Evening Peak,76,5.26,9.22,3.05,Critical,78.93,P3 - Reliability Watch,5.0,Not Late,Not Severe,Eligible
BA:1771612:20250831,2025-08-20,BA:Green-N,901901,17:14:00,17:15:07,901302,17:25:00,17:26:07,62040,62107.0,62700,62767.0,11.0,11.0,1.1166666666666667,1.1166666666666667,0.0,2025-08,Wednesday,0,2025-08-20,Wednesday,2025-08,17,Evening Peak,0,1,1.1167,1.1167,680,1,0.0,0,0,2025,8,August,Q3,BA:Green-N | Evening Peak,76,5.26,9.22,3.05,Critical,78.93,P3 - Reliability Watch,5.0,Not Late,Not Severe,Eligible
BA:1771613:20250831,2025-08-20,BA:Green-N,901901,17:34:00,17:35:07,901302,17:45:00,17:46:07,63240,63307.0,63900,63967.0,11.0,11.0,1.1166666666666667,1.1166666666666667,0.0,2025-08,Wednesday,0,2025-08-20,Wednesday,2025-08,17,Evening Peak,0,1,1.1167,1.1167,680,1,0.0,0,0,2025,8,August,Q3,BA:Green-N | Evening Peak,76,5.26,9.22,3.05,Critical,78.93,P3 - Reliability Watch,5.0,Not Late,Not Severe,Eligible
BA:1771614:20250831,2025-08-20,BA:Green-N,901901,17:54:00,17:55:07,901302,18:05:00,18:06:07,64440,64507.0,65100,65167.0,11.0,11.0,1.1166666666666667,1.1166666666666667,0.0,2025-08,Wednesday,0,2025-08-20,Wednesday,2025-08,17,Evening Peak,0,1,1.1167,1.1167,680,1,0.0,0,0,2025,8,August,Q3,BA:Green-N | Evening Peak,76,5.26,9.22,3.05,Critical,78.93,P3 - Reliability Watch,5.0,Not Late,Not Severe,Eligible
BA:1771615:20250831,2025-08-20,BA:Green-N,901901,18:14:00,18:15:07,901302,18:25:00,18:26:07,65640,65707.0,66300,66367.0,11.0,11.0,1.1166666666666667,1.1166666666666667,0.0,2025-08,Wednesday,0,2025-08-20,Wednesday,2025-08,18,Evening Peak,0,1,1.1167,1.1167,680,1,0.0,0,0,2025,8,August,Q3,BA:Green-N | Evening Peak,76,5.26,9.22,3.05,Critical,78.93,P3 - Reliability Watch,5.0,Not Late,Not Severe,Eligible
BA:1771616:20250831,2025-08-20,BA:Green-N,901901,18:34:00,18:35:07,901302,18:45:00,18:46:07,66840,66907.0,67500,67567.0,11.0,11.0,1.1166666666666667,1.1166666666666667,0.0,2025-08,Wednesday,0,2025-08-20,Wednesday,2025-08,18,Evening Peak,0,1,1.1167,1.1167,680,1,0.0,0,0,2025,8,August,Q3,BA:Green-N | Evening Peak,76,5.26,9.22,3.05,Critical,78.93,P3 - Reliability Watch,5.0,Not Late,Not Severe,Eligible
BA:1771617:20250831,2025-08-20,BA:Green-N,901901,18:54:00,18:55:07,901302,19:05:00,19:06:07,68040,68107.0,68700,68767.0,11.0,11.0,1.1166666666666667,1.1166666666666667,0.0,2025-08,Wednesday,0,2025-08-20,Wednesday,2025-08,18,Evening Peak,0,1,1.1167,1.1167,680,1,0.0,0,0,2025,8,August,Q3,BA:Green-N | Evening Peak,76,5.26,9.22,3.05,Critical,78.93,P3 - Reliability Watch,5.0,Not Late,Not Severe,Eligible
BA:1771618:20250831,2025-08-20,BA:Green-N,901901,19:14:00,19:15:07,901302,19:25:00,19:26:07,69240,69307.0,69900,69967.0,11.0,11.0,1.1166666666666667,1.1166666666666667,0.0,2025-08,Wednesday,0,2025-08-20,Wednesday,2025-08,19,Evening,0,0,1.1167,1.1167,680,1,0.0,0,0,2025,8,August,Q3,BA:Green-N | Evening,15,6.67,11.22,0.85,Insufficient Sample,,Insufficient Sample,,Not Late,Not Severe,Insufficient Sample
BA:1771798:20250831,2025-08-20,BA:Yellow-N,901902,08:37:00,08:37:41,901302,08:48:00,08:48:41,31020,31061.0,31680,31721.0,11.0,11.0,0.6833333333333333,0.6833333333333333,0.0,2025-08,Wednesday,0,2025-08-20,Wednesday,2025-08,8,Morning Peak,1,0,0.6833,1.4833,647,1,0.0,0,0,2025,8,August,Q3,BA:Yellow-N | Morning Peak,75,0.0,,0.44,Reliable,30.0,Monitor,10.0,Not Late,Not Severe,Eligible
BA:1771801:20250831,2025-08-20,BA:Yellow-N,901902,09:37:00,09:37:41,901302,09:48:00,09:48:41,34620,34661.0,35280,35321.0,11.0,11.0,0.6833333333333333,0.6833333333333333,0.0,2025-08,Wednesday,0,2025-08-20,Wednesday,2025-08,9,Morning Peak,1,0,0.6833,1.4833,647,1,0.0,0,0,2025,8,August,Q3,BA:Yellow-N | Morning Peak,75,0.0,,0.44,Reliable,30.0,Monitor,10.0,Not Late,Not Severe,Eligible
BA:1771805:20250831,2025-08-20,BA:Yellow-N,901902,10:57:00,10:57:41,901302,11:08:00,11:08:41,39420,39461.0,40080,40121.0,11.0,11.0,0.6833333333333333,0.6833333333333333,0.0,2025-08,Wednesday,0,2025-08-20,Wednesday,2025-08,10,Midday,0,0,0.6833,1.4833,647,1,0.0,0,0,2025,8,August,Q3,BA:Yellow-N | Midday,115,0.0,,0.0,Reliable,15.0,Monitor,14.0,Not Late,Not Severe,Eligible
BA:1771808:20250831,2025-08-20,BA:Yellow-N,901902,11:57:00,11:57:41,901302,12:08:00,12:08:41,43020,43061.0,43680,43721.0,11.0,11.0,0.6833333333333333,0.6833333333333333,0.0,2025-08,Wednesday,0,2025-08-20,Wednesday,2025-08,11,Midday,0,0,0.6833,1.4833,647,1,0.0,0,0,2025,8,August,Q3,BA:Yellow-N | Midday,115,0.0,,0.0,Reliable,15.0,Monitor,14.0,Not Late,Not Severe,Eligible
BA:1771813:20250831,2025-08-20,BA:Yellow-N,901902,13:37:00,13:37:41,901302,13:48:00,13:48:41,49020,49061.0,49680,49721.0,11.0,11.0,0.6833333333333333,0.6833333333333333,0.0,2025-08,Wednesday,0,2025-08-20,Wednesday,2025-08,13,Midday,0,0,0.6833,1.4833,647,1,0.0,0,0,2025,8,August,Q3,BA:Yellow-N | Midday,115,0.0,,0.0,Reliable,15.0,Monitor,14.0,Not Late,Not Severe,Eligible
BA:1771816:20250831,2025-08-20,BA:Yellow-N,901902,14:37:00,14:37:41,901302,14:48:00,14:48:41,52620,52661.0,53280,53321.0,11.0,11.0,0.6833333333333333,0.6833333333333333,0.0,2025-08,Wednesday,0,2025-08-20,Wednesday,2025-08,14,Midday,0,0,0.6833,1.4833,647,1,0.0,0,0,2025,8,August,Q3,BA:Yellow-N | Midday,115,0.0,,0.0,Reliable,15.0,Monitor,14.0,Not Late,Not Severe,Eligible
BA:1771828:20250831,2025-08-20,BA:Yellow-N,901902,18:37:00,18:37:41,901302,18:48:00,18:48:41,67020,67061.0,67680,67721.0,11.0,11.0,0.6833333333333333,0.6833333333333333,0.0,2025-08,Wednesday,0,2025-08-20,Wednesday,2025-08,18,Evening Peak,0,1,0.6833,1.4833,647,1,0.0,0,0,2025,8,August,Q3,BA:Yellow-N | Evening Peak,72,0.0,,0.0,Reliable,15.0,Monitor,13.0,Not Late,Not Severe,Eligible
BA:1771781:20250831,2025-08-19,BA:Yellow-N,901902,24:08:00,24:12:46,901302,24:18:00,24:24:09,86880,87166.0,87480,87849.0,10.0,11.383333333333333,6.15,4.766666666666667,1.3833333333333329,2025-08,Tuesday,1,2025-08-20,Wednesday,2025-08,0,Overnight,0,0,6.15,1.4833,647,1,4.6667,1,0,2025,8,August,Q3,BA:Yellow-N | Overnight,335,26.27,7.33,68.28,Chronic,95.71,P1 - Primary Hotspot,1.0,Late,Not Severe,Eligible
BA:1771458:20250831,2025-08-21,BA:Blue-N,901901,05:11:00,05:11:49,901302,05:22:00,05:22:49,18660,18709.0,19320,19369.0,11.0,11.0,0.8166666666666667,0.8166666666666667,0.0,2025-08,Thursday,0,2025-08-21,Thursday,2025-08,5,Overnight,0,0,0.8167,0.8167,479,1,0.0,0,0,2025,8,August,Q3,BA:Blue-N | Overnight,64,0.0,,0.11,Reliable,23.57,Monitor,12.0,Not Late,Not Severe,Eligible
BA:1771468:20250831,2025-08-21,BA:Blue-N,901901,08:31:00,08:31:49,901302,08:42:00,08:42:49,30660,30709.0,31320,31369.0,11.0,11.0,0.8166666666666667,0.8166666666666667,0.0,2025-08,Thursday,0,2025-08-21,Thursday,2025-08,8,Morning Peak,1,0,0.8167,0.8167,479,1,0.0,0,0,2025,8,August,Q3,BA:Blue-N | Morning Peak,88,1.14,7.27,0.6,Chronic,47.86,P3 - Reliability Watch,9.0,Not Late,Not Severe,Eligible
BA:1771471:20250831,2025-08-21,BA:Blue-N,901901,09:31:00,09:31:49,901302,09:42:00,09:42:49,34260,34309.0,34920,34969.0,11.0,11.0,0.8166666666666667,0.8166666666666667,0.0,2025-08,Thursday,0,2025-08-21,Thursday,2025-08,9,Morning Peak,1,0,0.8167,0.8167,479,1,0.0,0,0,2025,8,August,Q3,BA:Blue-N | Morning Peak,88,1.14,7.27,0.6,Chronic,47.86,P3 - Reliability Watch,9.0,Not Late,Not Severe,Eligible
BA:1771576:20250831,2025-08-21,BA:Green-N,901901,05:14:00,05:15:40,901302,05:25:00,05:26:13,18840,18940.0,19500,19573.0,11.0,10.55,1.2166666666666666,1.6666666666666667,-0.4499999999999993,2025-08,Thursday,0,2025-08-21,Thursday,2025-08,5,Overnight,0,0,1.2167,1.1167,680,1,0.1,0,0,2025,8,August,Q3,BA:Green-N | Overnight,181,2.76,7.14,5.79,Chronic,76.07,P1 - Primary Hotspot,3.0,Not Late,Not Severe,Eligible
BA:1771577:20250831,2025-08-21,BA:Green-N,901901,05:34:00,05:35:37,901302,05:45:00,05:46:07,20040,20137.0,20700,20767.0,11.0,10.5,1.1166666666666667,1.6166666666666667,-0.5,2025-08,Thursday,0,2025-08-21,Thursday,2025-08,5,Overnight,0,0,1.1167,1.1167,680,1,0.0,0,0,2025,8,August,Q3,BA:Green-N | Overnight,181,2.76,7.14,5.79,Chronic,76.07,P1 - Primary Hotspot,3.0,Not Late,Not Severe,Eligible
BA:1771578:20250831,2025-08-21,BA:Green-N,901901,05:54:00,05:55:07,901302,06:05:00,06:06:07,21240,21307.0,21900,21967.0,11.0,11.0,1.1166666666666667,1.1166666666666667,0.0,2025-08,Thursday,0,2025-08-21,Thursday,2025-08,5,Overnight,0,0,1.1167,1.1167,680,1,0.0,0,0,2025,8,August,Q3,BA:Green-N | Overnight,181,2.76,7.14,5.79,Chronic,76.07,P1 - Primary Hotspot,3.0,Not Late,Not Severe,Eligible
BA:1771585:20250831,2025-08-21,BA:Green-N,901901,08:14:00,08:15:07,901302,08:25:00,08:26:07,29640,29707.0,30300,30367.0,11.0,11.0,1.1166666666666667,1.1166666666666667,0.0,2025-08,Thursday,0,2025-08-21,Thursday,2025-08,8,Morning Peak,1,0,1.1167,1.1167,680,1,0.0,0,0,2025,8,August,Q3,BA:Green-N | Morning Peak,142,2.82,6.27,1.81,Chronic,59.64,P3 - Reliability Watch,7.0,Not Late,Not Severe,Eligible
BA:1771587:20250831,2025-08-21,BA:Green-N,901901,08:54:00,08:55:07,901302,09:05:00,09:06:07,32040,32107.0,32700,32767.0,11.0,11.0,1.1166666666666667,1.1166666666666667,0.0,2025-08,Thursday,0,2025-08-21,Thursday,2025-08,8,Morning Peak,1,0,1.1167,1.1167,680,1,0.0,0,0,2025,8,August,Q3,BA:Green-N | Morning Peak,142,2.82,6.27,1.81,Chronic,59.64,P3 - Reliability Watch,7.0,Not Late,Not Severe,Eligible
BA:1771588:20250831,2025-08-21,BA:Green-N,901901,09:14:00,09:15:07,901302,09:25:00,09:26:07,33240,33307.0,33900,33967.0,11.0,11.0,1.1166666666666667,1.1166666666666667,0.0,2025-08,Thursday,0,2025-08-21,Thursday,2025-08,9,Morning Peak,1,0,1.1167,1.1167,680,1,0.0,0,0,2025,8,August,Q3,BA:Green-N | Morning Peak,142,2.82,6.27,1.81,Chronic,59.64,P3 - Reliability Watch,7.0,Not Late,Not Severe,Eligible
BA:1771589:20250831,2025-08-21,BA:Green-N,901901,09:34:00,09:35:07,901302,09:45:00,09:46:07,34440,34507.0,35100,35167.0,11.0,11.0,1.1166666666666667,1.1166666666666667,0.0,2025-08,Thursday,0,2025-08-21,Thursday,2025-08,9,Morning Peak,1,0,1.1167,1.1167,680,1,0.0,0,0,2025,8,August,Q3,BA:Green-N | Morning Peak,142,2.82,6.27,1.81,Chronic,59.64,P3 - Reliability Watch,7.0,Not Late,Not Severe,Eligible
BA:1771591:20250831,2025-08-21,BA:Green-N,901901,10:14:00,10:15:07,901302,10:25:00,10:26:07,36840,36907.0,37500,37567.0,11.0,11.0,1.1166666666666667,1.1166666666666667,0.0,2025-08,Thursday,0,2025-08-21,Thursday,2025-08,10,Midday,0,0,1.1167,1.1167,680,1,0.0,0,0,2025,8,August,Q3,BA:Green-N | Midday,266,4.51,10.34,10.51,Critical,91.07,P1 - Primary Hotspot,2.0,Not Late,Not Severe,Eligible
BA:1771592:20250831,2025-08-21,BA:Green-N,901901,10:34:00,10:35:07,901302,10:45:00,10:46:07,38040,38107.0,38700,38767.0,11.0,11.0,1.1166666666666667,1.1166666666666667,0.0,2025-08,Thursday,0,2025-08-21,Thursday,2025-08,10,Midday,0,0,1.1167,1.1167,680,1,0.0,0,0,2025,8,August,Q3,BA:Green-N | Midday,266,4.51,10.34,10.51,Critical,91.07,P1 - Primary Hotspot,2.0,Not Late,Not Severe,Eligible
BA:1771593:20250831,2025-08-21,BA:Green-N,901901,10:54:00,10:55:07,901302,11:05:00,11:06:07,39240,39307.0,39900,39967.0,11.0,11.0,1.1166666666666667,1.1166666666666667,0.0,2025-08,Thursday,0,2025-08-21,Thursday,2025-08,10,Midday,0,0,1.1167,1.1167,680,1,0.0,0,0,2025,8,August,Q3,BA:Green-N | Midday,266,4.51,10.34,10.51,Critical,91.07,P1 - Primary Hotspot,2.0,Not Late,Not Severe,Eligible
BA:1771596:20250831,2025-08-21,BA:Green-N,901901,11:54:00,11:55:07,901302,12:05:00,12:06:07,42840,42907.0,43500,43567.0,11.0,11.0,1.1166666666666667,1.1166666666666667,0.0,2025-08,Thursday,0,2025-08-21,Thursday,2025-08,11,Midday,0,0,1.1167,1.1167,680,1,0.0,0,0,2025,8,August,Q3,BA:Green-N | Midday,266,4.51,10.34,10.51,Critical,91.07,P1 - Primary Hotspot,2.0,Not Late,Not Severe,Eligible
BA:1771598:20250831,2025-08-21,BA:Green-N,901901,12:34:00,12:35:07,901302,12:45:00,12:46:07,45240,45307.0,45900,45967.0,11.0,11.0,1.1166666666666667,1.1166666666666667,0.0,2025-08,Thursday,0,2025-08-21,Thursday,2025-08,12,Midday,0,0,1.1167,1.1167,680,1,0.0,0,0,2025,8,August,Q3,BA:Green-N | Midday,266,4.51,10.34,10.51,Critical,91.07,P1 - Primary Hotspot,2.0,Not Late,Not Severe,Eligible
BA:1771599:20250831,2025-08-21,BA:Green-N,901901,12:54:00,12:55:07,901302,13:05:00,13:06:07,46440,46507.0,47100,47167.0,11.0,11.0,1.1166666666666667,1.1166666666666667,0.0,2025-08,Thursday,0,2025-08-21,Thursday,2025-08,12,Midday,0,0,1.1167,1.1167,680,1,0.0,0,0,2025,8,August,Q3,BA:Green-N | Midday,266,4.51,10.34,10.51,Critical,91.07,P1 - Primary Hotspot,2.0,Not Late,Not Severe,Eligible
BA:1771600:20250831,2025-08-21,BA:Green-N,901901,13:14:00,13:15:07,901302,13:25:00,13:26:07,47640,47707.0,48300,48367.0,11.0,11.0,1.1166666666666667,1.1166666666666667,0.0,2025-08,Thursday,0,2025-08-21,Thursday,2025-08,13,Midday,0,0,1.1167,1.1167,680,1,0.0,0,0,2025,8,August,Q3,BA:Green-N | Midday,266,4.51,10.34,10.51,Critical,91.07,P1 - Primary Hotspot,2.0,Not Late,Not Severe,Eligible
BA:1771602:20250831,2025-08-21,BA:Green-N,901901,13:54:00,13:55:07,901302,14:05:00,14:06:07,50040,50107.0,50700,50767.0,11.0,11.0,1.1166666666666667,1.1166666666666667,0.0,2025-08,Thursday,0,2025-08-21,Thursday,2025-08,13,Midday,0,0,1.1167,1.1167,680,1,0.0,0,0,2025,8,August,Q3,BA:Green-N | Midday,266,4.51,10.34,10.51,Critical,91.07,P1 - Primary Hotspot,2.0,Not Late,Not Severe,Eligible
BA:1771603:20250831,2025-08-21,BA:Green-N,901901,14:14:00,14:15:07,901302,14:25:00,14:26:07,51240,51307.0,51900,51967.0,11.0,11.0,1.1166666666666667,1.1166666666666667,0.0,2025-08,Thursday,0,2025-08-21,Thursday,2025-08,14,Midday,0,0,1.1167,1.1167,680,1,0.0,0,0,2025,8,August,Q3,BA:Green-N | Midday,266,4.51,10.34,10.51,Critical,91.07,P1 - Primary Hotspot,2.0,Not Late,Not Severe,Eligible
BA:1771604:20250831,2025-08-21,BA:Green-N,901901,14:34:00,14:35:07,901302,14:45:00,14:46:07,52440,52507.0,53100,53167.0,11.0,11.0,1.1166666666666667,1.1166666666666667,0.0,2025-08,Thursday,0,2025-08-21,Thursday,2025-08,14,Midday,0,0,1.1167,1.1167,680,1,0.0,0,0,2025,8,August,Q3,BA:Green-N | Midday,266,4.51,10.34,10.51,Critical,91.07,P1 - Primary Hotspot,2.0,Not Late,Not Severe,Eligible
BA:1771605:20250831,2025-08-21,BA:Green-N,901901,14:54:00,14:55:07,901302,15:05:00,15:06:07,53640,53707.0,54300,54367.0,11.0,11.0,1.1166666666666667,1.1166666666666667,0.0,2025-08,Thursday,0,2025-08-21,Thursday,2025-08,14,Midday,0,0,1.1167,1.1167,680,1,0.0,0,0,2025,8,August,Q3,BA:Green-N | Midday,266,4.51,10.34,10.51,Critical,91.07,P1 - Primary Hotspot,2.0,Not Late,Not Severe,Eligible
BA:1771606:20250831,2025-08-21,BA:Green-N,901901,15:14:00,15:15:07,901302,15:25:00,15:26:07,54840,54907.0,55500,55567.0,11.0,11.0,1.1166666666666667,1.1166666666666667,0.0,2025-08,Thursday,0,2025-08-21,Thursday,2025-08,15,Midday,0,0,1.1167,1.1167,680,1,0.0,0,0,2025,8,August,Q3,BA:Green-N | Midday,266,4.51,10.34,10.51,Critical,91.07,P1 - Primary Hotspot,2.0,Not Late,Not Severe,Eligible
BA:1771608:20250831,2025-08-21,BA:Green-N,901901,15:54:00,15:57:33,901302,16:05:00,16:08:11,57240,57453.0,57900,58091.0,11.0,10.633333333333333,3.183333333333333,3.55,-0.3666666666666671,2025-08,Thursday,0,2025-08-21,Thursday,2025-08,15,Midday,0,0,3.1833,1.1167,680,1,2.0667,0,0,2025,8,August,Q3,BA:Green-N | Midday,266,4.51,10.34,10.51,Critical,91.07,P1 - Primary Hotspot,2.0,Not Late,Not Severe,Eligible
BA:1771612:20250831,2025-08-21,BA:Green-N,901901,17:14:00,17:16:02,901302,17:25:00,17:26:41,62040,62162.0,62700,62801.0,11.0,10.65,1.6833333333333331,2.033333333333333,-0.3499999999999996,2025-08,Thursday,0,2025-08-21,Thursday,2025-08,17,Evening Peak,0,1,1.6833,1.1167,680,1,0.5667,0,0,2025,8,August,Q3,BA:Green-N | Evening Peak,76,5.26,9.22,3.05,Critical,78.93,P3 - Reliability Watch,5.0,Not Late,Not Severe,Eligible
BA:1771613:20250831,2025-08-21,BA:Green-N,901901,17:34:00,17:35:07,901302,17:45:00,17:46:07,63240,63307.0,63900,63967.0,11.0,11.0,1.1166666666666667,1.1166666666666667,0.0,2025-08,Thursday,0,2025-08-21,Thursday,2025-08,17,Evening Peak,0,1,1.1167,1.1167,680,1,0.0,0,0,2025,8,August,Q3,BA:Green-N | Evening Peak,76,5.26,9.22,3.05,Critical,78.93,P3 - Reliability Watch,5.0,Not Late,Not Severe,Eligible
BA:1771614:20250831,2025-08-21,BA:Green-N,901901,17:54:00,17:55:07,901302,18:05:00,18:06:07,64440,64507.0,65100,65167.0,11.0,11.0,1.1166666666666667,1.1166666666666667,0.0,2025-08,Thursday,0,2025-08-21,Thursday,2025-08,17,Evening Peak,0,1,1.1167,1.1167,680,1,0.0,0,0,2025,8,August,Q3,BA:Green-N | Evening Peak,76,5.26,9.22,3.05,Critical,78.93,P3 - Reliability Watch,5.0,Not Late,Not Severe,Eligible
BA:1771615:20250831,2025-08-21,BA:Green-N,901901,18:14:00,18:15:07,901302,18:25:00,18:26:07,65640,65707.0,66300,66367.0,11.0,11.0,1.1166666666666667,1.1166666666666667,0.0,2025-08,Thursday,0,2025-08-21,Thursday,2025-08,18,Evening Peak,0,1,1.1167,1.1167,680,1,0.0,0,0,2025,8,August,Q3,BA:Green-N | Evening Peak,76,5.26,9.22,3.05,Critical,78.93,P3 - Reliability Watch,5.0,Not Late,Not Severe,Eligible
BA:1771616:20250831,2025-08-21,BA:Green-N,901901,18:34:00,18:35:07,901302,18:45:00,18:46:07,66840,66907.0,67500,67567.0,11.0,11.0,1.1166666666666667,1.1166666666666667,0.0,2025-08,Thursday,0,2025-08-21,Thursday,2025-08,18,Evening Peak,0,1,1.1167,1.1167,680,1,0.0,0,0,2025,8,August,Q3,BA:Green-N | Evening Peak,76,5.26,9.22,3.05,Critical,78.93,P3 - Reliability Watch,5.0,Not Late,Not Severe,Eligible
BA:1771617:20250831,2025-08-21,BA:Green-N,901901,18:54:00,18:55:07,901302,19:05:00,19:06:07,68040,68107.0,68700,68767.0,11.0,11.0,1.1166666666666667,1.1166666666666667,0.0,2025-08,Thursday,0,2025-08-21,Thursday,2025-08,18,Evening Peak,0,1,1.1167,1.1167,680,1,0.0,0,0,2025,8,August,Q3,BA:Green-N | Evening Peak,76,5.26,9.22,3.05,Critical,78.93,P3 - Reliability Watch,5.0,Not Late,Not Severe,Eligible
BA:1771618:20250831,2025-08-21,BA:Green-N,901901,19:14:00,19:15:07,901302,19:25:00,19:26:07,69240,69307.0,69900,69967.0,11.0,11.0,1.1166666666666667,1.1166666666666667,0.0,2025-08,Thursday,0,2025-08-21,Thursday,2025-08,19,Evening,0,0,1.1167,1.1167,680,1,0.0,0,0,2025,8,August,Q3,BA:Green-N | Evening,15,6.67,11.22,0.85,Insufficient Sample,,Insufficient Sample,,Not Late,Not Severe,Insufficient Sample
BA:1771795:20250831,2025-08-21,BA:Yellow-N,901902,07:17:00,07:17:41,901302,07:28:00,07:28:41,26220,26261.0,26880,26921.0,11.0,11.0,0.6833333333333333,0.6833333333333333,0.0,2025-08,Thursday,0,2025-08-21,Thursday,2025-08,7,Morning Peak,1,0,0.6833,1.4833,647,1,0.0,0,0,2025,8,August,Q3,BA:Yellow-N | Morning Peak,75,0.0,,0.44,Reliable,30.0,Monitor,10.0,Not Late,Not Severe,Eligible
BA:1771801:20250831,2025-08-21,BA:Yellow-N,901902,09:37:00,09:37:41,901302,09:48:00,09:48:41,34620,34661.0,35280,35321.0,11.0,11.0,0.6833333333333333,0.6833333333333333,0.0,2025-08,Thursday,0,2025-08-21,Thursday,2025-08,9,Morning Peak,1,0,0.6833,1.4833,647,1,0.0,0,0,2025,8,August,Q3,BA:Yellow-N | Morning Peak,75,0.0,,0.44,Reliable,30.0,Monitor,10.0,Not Late,Not Severe,Eligible
BA:1771806:20250831,2025-08-21,BA:Yellow-N,901902,11:17:00,11:17:41,901302,11:28:00,11:28:41,40620,40661.0,41280,41321.0,11.0,11.0,0.6833333333333333,0.6833333333333333,0.0,2025-08,Thursday,0,2025-08-21,Thursday,2025-08,11,Midday,0,0,0.6833,1.4833,647,1,0.0,0,0,2025,8,August,Q3,BA:Yellow-N | Midday,115,0.0,,0.0,Reliable,15.0,Monitor,14.0,Not Late,Not Severe,Eligible
BA:1771781:20250831,2025-08-20,BA:Yellow-N,901902,24:08:00,24:10:37,901302,24:18:00,24:22:02,86880,87037.0,87480,87722.0,10.0,11.416666666666666,4.033333333333333,2.6166666666666667,1.416666666666666,2025-08,Wednesday,1,2025-08-21,Thursday,2025-08,0,Overnight,0,0,4.0333,1.4833,647,1,2.55,0,0,2025,8,August,Q3,BA:Yellow-N | Overnight,335,26.27,7.33,68.28,Chronic,95.71,P1 - Primary Hotspot,1.0,Not Late,Not Severe,Eligible
BA:1771459:20250831,2025-08-22,BA:Blue-N,901901,05:31:00,05:31:49,901302,05:42:00,05:42:49,19860,19909.0,20520,20569.0,11.0,11.0,0.8166666666666667,0.8166666666666667,0.0,2025-08,Friday,0,2025-08-22,Friday,2025-08,5,Overnight,0,0,0.8167,0.8167,479,1,0.0,0,0,2025,8,August,Q3,BA:Blue-N | Overnight,64,0.0,,0.11,Reliable,23.57,Monitor,12.0,Not Late,Not Severe,Eligible
BA:1771575:20250831,2025-08-22,BA:Green-N,901901,04:54:00,04:55:07,901302,05:05:00,05:06:07,17640,17707.0,18300,18367.0,11.0,11.0,1.1166666666666667,1.1166666666666667,0.0,2025-08,Friday,0,2025-08-22,Friday,2025-08,4,Overnight,0,0,1.1167,1.1167,680,1,0.0,0,0,2025,8,August,Q3,BA:Green-N | Overnight,181,2.76,7.14,5.79,Chronic,76.07,P1 - Primary Hotspot,3.0,Not Late,Not Severe,Eligible
BA:1771576:20250831,2025-08-22,BA:Green-N,901901,05:14:00,05:15:07,901302,05:25:00,05:26:07,18840,18907.0,19500,19567.0,11.0,11.0,1.1166666666666667,1.1166666666666667,0.0,2025-08,Friday,0,2025-08-22,Friday,2025-08,5,Overnight,0,0,1.1167,1.1167,680,1,0.0,0,0,2025,8,August,Q3,BA:Green-N | Overnight,181,2.76,7.14,5.79,Chronic,76.07,P1 - Primary Hotspot,3.0,Not Late,Not Severe,Eligible
BA:1771577:20250831,2025-08-22,BA:Green-N,901901,05:34:00,05:35:37,901302,05:45:00,05:46:07,20040,20137.0,20700,20767.0,11.0,10.5,1.1166666666666667,1.6166666666666667,-0.5,2025-08,Friday,0,2025-08-22,Friday,2025-08,5,Overnight,0,0,1.1167,1.1167,680,1,0.0,0,0,2025,8,August,Q3,BA:Green-N | Overnight,181,2.76,7.14,5.79,Chronic,76.07,P1 - Primary Hotspot,3.0,Not Late,Not Severe,Eligible
BA:1771578:20250831,2025-08-22,BA:Green-N,901901,05:54:00,05:55:07,901302,06:05:00,06:06:07,21240,21307.0,21900,21967.0,11.0,11.0,1.1166666666666667,1.1166666666666667,0.0,2025-08,Friday,0,2025-08-22,Friday,2025-08,5,Overnight,0,0,1.1167,1.1167,680,1,0.0,0,0,2025,8,August,Q3,BA:Green-N | Overnight,181,2.76,7.14,5.79,Chronic,76.07,P1 - Primary Hotspot,3.0,Not Late,Not Severe,Eligible
BA:1771589:20250831,2025-08-22,BA:Green-N,901901,09:34:00,09:35:07,901302,09:45:00,09:46:07,34440,34507.0,35100,35167.0,11.0,11.0,1.1166666666666667,1.1166666666666667,0.0,2025-08,Friday,0,2025-08-22,Friday,2025-08,9,Morning Peak,1,0,1.1167,1.1167,680,1,0.0,0,0,2025,8,August,Q3,BA:Green-N | Morning Peak,142,2.82,6.27,1.81,Chronic,59.64,P3 - Reliability Watch,7.0,Not Late,Not Severe,Eligible
BA:1771590:20250831,2025-08-22,BA:Green-N,901901,09:54:00,09:55:07,901302,10:05:00,10:06:07,35640,35707.0,36300,36367.0,11.0,11.0,1.1166666666666667,1.1166666666666667,0.0,2025-08,Friday,0,2025-08-22,Friday,2025-08,9,Morning Peak,1,0,1.1167,1.1167,680,1,0.0,0,0,2025,8,August,Q3,BA:Green-N | Morning Peak,142,2.82,6.27,1.81,Chronic,59.64,P3 - Reliability Watch,7.0,Not Late,Not Severe,Eligible
BA:1771591:20250831,2025-08-22,BA:Green-N,901901,10:14:00,10:15:07,901302,10:25:00,10:26:07,36840,36907.0,37500,37567.0,11.0,11.0,1.1166666666666667,1.1166666666666667,0.0,2025-08,Friday,0,2025-08-22,Friday,2025-08,10,Midday,0,0,1.1167,1.1167,680,1,0.0,0,0,2025,8,August,Q3,BA:Green-N | Midday,266,4.51,10.34,10.51,Critical,91.07,P1 - Primary Hotspot,2.0,Not Late,Not Severe,Eligible
BA:1771592:20250831,2025-08-22,BA:Green-N,901901,10:34:00,10:35:07,901302,10:45:00,10:46:07,38040,38107.0,38700,38767.0,11.0,11.0,1.1166666666666667,1.1166666666666667,0.0,2025-08,Friday,0,2025-08-22,Friday,2025-08,10,Midday,0,0,1.1167,1.1167,680,1,0.0,0,0,2025,8,August,Q3,BA:Green-N | Midday,266,4.51,10.34,10.51,Critical,91.07,P1 - Primary Hotspot,2.0,Not Late,Not Severe,Eligible
BA:1771593:20250831,2025-08-22,BA:Green-N,901901,10:54:00,10:55:07,901302,11:05:00,11:06:07,39240,39307.0,39900,39967.0,11.0,11.0,1.1166666666666667,1.1166666666666667,0.0,2025-08,Friday,0,2025-08-22,Friday,2025-08,10,Midday,0,0,1.1167,1.1167,680,1,0.0,0,0,2025,8,August,Q3,BA:Green-N | Midday,266,4.51,10.34,10.51,Critical,91.07,P1 - Primary Hotspot,2.0,Not Late,Not Severe,Eligible
BA:1771595:20250831,2025-08-22,BA:Green-N,901901,11:34:00,11:35:07,901302,11:45:00,11:46:07,41640,41707.0,42300,42367.0,11.0,11.0,1.1166666666666667,1.1166666666666667,0.0,2025-08,Friday,0,2025-08-22,Friday,2025-08,11,Midday,0,0,1.1167,1.1167,680,1,0.0,0,0,2025,8,August,Q3,BA:Green-N | Midday,266,4.51,10.34,10.51,Critical,91.07,P1 - Primary Hotspot,2.0,Not Late,Not Severe,Eligible
BA:1771596:20250831,2025-08-22,BA:Green-N,901901,11:54:00,11:55:07,901302,12:05:00,12:06:07,42840,42907.0,43500,43567.0,11.0,11.0,1.1166666666666667,1.1166666666666667,0.0,2025-08,Friday,0,2025-08-22,Friday,2025-08,11,Midday,0,0,1.1167,1.1167,680,1,0.0,0,0,2025,8,August,Q3,BA:Green-N | Midday,266,4.51,10.34,10.51,Critical,91.07,P1 - Primary Hotspot,2.0,Not Late,Not Severe,Eligible
BA:1771598:20250831,2025-08-22,BA:Green-N,901901,12:34:00,12:35:07,901302,12:45:00,12:46:07,45240,45307.0,45900,45967.0,11.0,11.0,1.1166666666666667,1.1166666666666667,0.0,2025-08,Friday,0,2025-08-22,Friday,2025-08,12,Midday,0,0,1.1167,1.1167,680,1,0.0,0,0,2025,8,August,Q3,BA:Green-N | Midday,266,4.51,10.34,10.51,Critical,91.07,P1 - Primary Hotspot,2.0,Not Late,Not Severe,Eligible
BA:1771599:20250831,2025-08-22,BA:Green-N,901901,12:54:00,12:55:07,901302,13:05:00,13:06:07,46440,46507.0,47100,47167.0,11.0,11.0,1.1166666666666667,1.1166666666666667,0.0,2025-08,Friday,0,2025-08-22,Friday,2025-08,12,Midday,0,0,1.1167,1.1167,680,1,0.0,0,0,2025,8,August,Q3,BA:Green-N | Midday,266,4.51,10.34,10.51,Critical,91.07,P1 - Primary Hotspot,2.0,Not Late,Not Severe,Eligible
BA:1771600:20250831,2025-08-22,BA:Green-N,901901,13:14:00,13:15:07,901302,13:25:00,13:26:07,47640,47707.0,48300,48367.0,11.0,11.0,1.1166666666666667,1.1166666666666667,0.0,2025-08,Friday,0,2025-08-22,Friday,2025-08,13,Midday,0,0,1.1167,1.1167,680,1,0.0,0,0,2025,8,August,Q3,BA:Green-N | Midday,266,4.51,10.34,10.51,Critical,91.07,P1 - Primary Hotspot,2.0,Not Late,Not Severe,Eligible
BA:1771601:20250831,2025-08-22,BA:Green-N,901901,13:34:00,13:35:07,901302,13:45:00,13:46:07,48840,48907.0,49500,49567.0,11.0,11.0,1.1166666666666667,1.1166666666666667,0.0,2025-08,Friday,0,2025-08-22,Friday,2025-08,13,Midday,0,0,1.1167,1.1167,680,1,0.0,0,0,2025,8,August,Q3,BA:Green-N | Midday,266,4.51,10.34,10.51,Critical,91.07,P1 - Primary Hotspot,2.0,Not Late,Not Severe,Eligible
BA:1771602:20250831,2025-08-22,BA:Green-N,901901,13:54:00,13:55:07,901302,14:05:00,14:06:07,50040,50107.0,50700,50767.0,11.0,11.0,1.1166666666666667,1.1166666666666667,0.0,2025-08,Friday,0,2025-08-22,Friday,2025-08,13,Midday,0,0,1.1167,1.1167,680,1,0.0,0,0,2025,8,August,Q3,BA:Green-N | Midday,266,4.51,10.34,10.51,Critical,91.07,P1 - Primary Hotspot,2.0,Not Late,Not Severe,Eligible
BA:1771603:20250831,2025-08-22,BA:Green-N,901901,14:14:00,14:15:07,901302,14:25:00,14:26:07,51240,51307.0,51900,51967.0,11.0,11.0,1.1166666666666667,1.1166666666666667,0.0,2025-08,Friday,0,2025-08-22,Friday,2025-08,14,Midday,0,0,1.1167,1.1167,680,1,0.0,0,0,2025,8,August,Q3,BA:Green-N | Midday,266,4.51,10.34,10.51,Critical,91.07,P1 - Primary Hotspot,2.0,Not Late,Not Severe,Eligible
BA:1771605:20250831,2025-08-22,BA:Green-N,901901,14:54:00,14:55:07,901302,15:05:00,15:06:07,53640,53707.0,54300,54367.0,11.0,11.0,1.1166666666666667,1.1166666666666667,0.0,2025-08,Friday,0,2025-08-22,Friday,2025-08,14,Midday,0,0,1.1167,1.1167,680,1,0.0,0,0,2025,8,August,Q3,BA:Green-N | Midday,266,4.51,10.34,10.51,Critical,91.07,P1 - Primary Hotspot,2.0,Not Late,Not Severe,Eligible
BA:1771606:20250831,2025-08-22,BA:Green-N,901901,15:14:00,15:15:07,901302,15:25:00,15:26:07,54840,54907.0,55500,55567.0,11.0,11.0,1.1166666666666667,1.1166666666666667,0.0,2025-08,Friday,0,2025-08-22,Friday,2025-08,15,Midday,0,0,1.1167,1.1167,680,1,0.0,0,0,2025,8,August,Q3,BA:Green-N | Midday,266,4.51,10.34,10.51,Critical,91.07,P1 - Primary Hotspot,2.0,Not Late,Not Severe,Eligible
BA:1771608:20250831,2025-08-22,BA:Green-N,901901,15:54:00,15:55:07,901302,16:05:00,16:06:07,57240,57307.0,57900,57967.0,11.0,11.0,1.1166666666666667,1.1166666666666667,0.0,2025-08,Friday,0,2025-08-22,Friday,2025-08,15,Midday,0,0,1.1167,1.1167,680,1,0.0,0,0,2025,8,August,Q3,BA:Green-N | Midday,266,4.51,10.34,10.51,Critical,91.07,P1 - Primary Hotspot,2.0,Not Late,Not Severe,Eligible
BA:1771609:20250831,2025-08-22,BA:Green-N,901901,16:14:00,16:15:07,901302,16:25:00,16:26:07,58440,58507.0,59100,59167.0,11.0,11.0,1.1166666666666667,1.1166666666666667,0.0,2025-08,Friday,0,2025-08-22,Friday,2025-08,16,Evening Peak,0,1,1.1167,1.1167,680,1,0.0,0,0,2025,8,August,Q3,BA:Green-N | Evening Peak,76,5.26,9.22,3.05,Critical,78.93,P3 - Reliability Watch,5.0,Not Late,Not Severe,Eligible
BA:1771610:20250831,2025-08-22,BA:Green-N,901901,16:34:00,16:35:07,901302,16:45:00,16:46:07,59640,59707.0,60300,60367.0,11.0,11.0,1.1166666666666667,1.1166666666666667,0.0,2025-08,Friday,0,2025-08-22,Friday,2025-08,16,Evening Peak,0,1,1.1167,1.1167,680,1,0.0,0,0,2025,8,August,Q3,BA:Green-N | Evening Peak,76,5.26,9.22,3.05,Critical,78.93,P3 - Reliability Watch,5.0,Not Late,Not Severe,Eligible
BA:1771612:20250831,2025-08-22,BA:Green-N,901901,17:14:00,17:15:07,901302,17:25:00,17:26:07,62040,62107.0,62700,62767.0,11.0,11.0,1.1166666666666667,1.1166666666666667,0.0,2025-08,Friday,0,2025-08-22,Friday,2025-08,17,Evening Peak,0,1,1.1167,1.1167,680,1,0.0,0,0,2025,8,August,Q3,BA:Green-N | Evening Peak,76,5.26,9.22,3.05,Critical,78.93,P3 - Reliability Watch,5.0,Not Late,Not Severe,Eligible
BA:1771613:20250831,2025-08-22,BA:Green-N,901901,17:34:00,17:35:07,901302,17:45:00,17:46:07,63240,63307.0,63900,63967.0,11.0,11.0,1.1166666666666667,1.1166666666666667,0.0,2025-08,Friday,0,2025-08-22,Friday,2025-08,17,Evening Peak,0,1,1.1167,1.1167,680,1,0.0,0,0,2025,8,August,Q3,BA:Green-N | Evening Peak,76,5.26,9.22,3.05,Critical,78.93,P3 - Reliability Watch,5.0,Not Late,Not Severe,Eligible
BA:1771614:20250831,2025-08-22,BA:Green-N,901901,17:54:00,17:55:07,901302,18:05:00,18:06:07,64440,64507.0,65100,65167.0,11.0,11.0,1.1166666666666667,1.1166666666666667,0.0,2025-08,Friday,0,2025-08-22,Friday,2025-08,17,Evening Peak,0,1,1.1167,1.1167,680,1,0.0,0,0,2025,8,August,Q3,BA:Green-N | Evening Peak,76,5.26,9.22,3.05,Critical,78.93,P3 - Reliability Watch,5.0,Not Late,Not Severe,Eligible
BA:1771615:20250831,2025-08-22,BA:Green-N,901901,18:14:00,18:15:07,901302,18:25:00,18:26:07,65640,65707.0,66300,66367.0,11.0,11.0,1.1166666666666667,1.1166666666666667,0.0,2025-08,Friday,0,2025-08-22,Friday,2025-08,18,Evening Peak,0,1,1.1167,1.1167,680,1,0.0,0,0,2025,8,August,Q3,BA:Green-N | Evening Peak,76,5.26,9.22,3.05,Critical,78.93,P3 - Reliability Watch,5.0,Not Late,Not Severe,Eligible
BA:1771616:20250831,2025-08-22,BA:Green-N,901901,18:34:00,18:35:07,901302,18:45:00,18:46:07,66840,66907.0,67500,67567.0,11.0,11.0,1.1166666666666667,1.1166666666666667,0.0,2025-08,Friday,0,2025-08-22,Friday,2025-08,18,Evening Peak,0,1,1.1167,1.1167,680,1,0.0,0,0,2025,8,August,Q3,BA:Green-N | Evening Peak,76,5.26,9.22,3.05,Critical,78.93,P3 - Reliability Watch,5.0,Not Late,Not Severe,Eligible
BA:1771617:20250831,2025-08-22,BA:Green-N,901901,18:54:00,18:55:07,901302,19:05:00,19:06:07,68040,68107.0,68700,68767.0,11.0,11.0,1.1166666666666667,1.1166666666666667,0.0,2025-08,Friday,0,2025-08-22,Friday,2025-08,18,Evening Peak,0,1,1.1167,1.1167,680,1,0.0,0,0,2025,8,August,Q3,BA:Green-N | Evening Peak,76,5.26,9.22,3.05,Critical,78.93,P3 - Reliability Watch,5.0,Not Late,Not Severe,Eligible
BA:1771618:20250831,2025-08-22,BA:Green-N,901901,19:14:00,19:15:07,901302,19:25:00,19:26:07,69240,69307.0,69900,69967.0,11.0,11.0,1.1166666666666667,1.1166666666666667,0.0,2025-08,Friday,0,2025-08-22,Friday,2025-08,19,Evening,0,0,1.1167,1.1167,680,1,0.0,0,0,2025,8,August,Q3,BA:Green-N | Evening,15,6.67,11.22,0.85,Insufficient Sample,,Insufficient Sample,,Not Late,Not Severe,Insufficient Sample
BA:1771619:20250831,2025-08-22,BA:Green-N,901901,19:34:00,19:35:07,901302,19:45:00,19:46:07,70440,70507.0,71100,71167.0,11.0,11.0,1.1166666666666667,1.1166666666666667,0.0,2025-08,Friday,0,2025-08-22,Friday,2025-08,19,Evening,0,0,1.1167,1.1167,680,1,0.0,0,0,2025,8,August,Q3,BA:Green-N | Evening,15,6.67,11.22,0.85,Insufficient Sample,,Insufficient Sample,,Not Late,Not Severe,Insufficient Sample
BA:1771781:20250831,2025-08-21,BA:Yellow-N,901902,24:08:00,24:12:03,901302,24:18:00,24:23:33,86880,87123.0,87480,87813.0,10.0,11.5,5.55,4.05,1.5,2025-08,Thursday,1,2025-08-22,Friday,2025-08,0,Overnight,0,0,5.55,1.4833,647,1,4.0667,1,0,2025,8,August,Q3,BA:Yellow-N | Overnight,335,26.27,7.33,68.28,Chronic,95.71,P1 - Primary Hotspot,1.0,Late,Not Severe,Eligible
BA:1771781:20250831,2025-08-22,BA:Yellow-N,901902,24:08:00,24:08:56,901302,24:18:00,24:20:09,86880,86936.0,87480,87609.0,10.0,11.216666666666669,2.15,0.9333333333333332,1.2166666666666668,2025-08,Friday,1,2025-08-23,Saturday,2025-08,0,Overnight,0,0,2.15,1.4833,647,1,0.6667,0,0,2025,8,August,Q3,BA:Yellow-N | Overnight,335,26.27,7.33,68.28,Chronic,95.71,P1 - Primary Hotspot,1.0,Not Late,Not Severe,Eligible
BA:1771476:20250831,2025-08-25,BA:Blue-N,901901,11:11:00,11:11:49,901302,11:22:00,11:22:49,40260,40309.0,40920,40969.0,11.0,11.0,0.8166666666666667,0.8166666666666667,0.0,2025-08,Monday,0,2025-08-25,Monday,2025-08,11,Midday,0,0,0.8167,0.8167,479,1,0.0,0,0,2025,8,August,Q3,BA:Blue-N | Midday,135,0.74,8.45,0.78,Acute,52.5,P3 - Reliability Watch,8.0,Not Late,Not Severe,Eligible
BA:1771575:20250831,2025-08-25,BA:Green-N,901901,04:54:00,04:55:07,901302,05:05:00,05:06:07,17640,17707.0,18300,18367.0,11.0,11.0,1.1166666666666667,1.1166666666666667,0.0,2025-08,Monday,0,2025-08-25,Monday,2025-08,4,Overnight,0,0,1.1167,1.1167,680,1,0.0,0,0,2025,8,August,Q3,BA:Green-N | Overnight,181,2.76,7.14,5.79,Chronic,76.07,P1 - Primary Hotspot,3.0,Not Late,Not Severe,Eligible
BA:1771576:20250831,2025-08-25,BA:Green-N,901901,05:14:00,05:15:07,901302,05:25:00,05:26:07,18840,18907.0,19500,19567.0,11.0,11.0,1.1166666666666667,1.1166666666666667,0.0,2025-08,Monday,0,2025-08-25,Monday,2025-08,5,Overnight,0,0,1.1167,1.1167,680,1,0.0,0,0,2025,8,August,Q3,BA:Green-N | Overnight,181,2.76,7.14,5.79,Chronic,76.07,P1 - Primary Hotspot,3.0,Not Late,Not Severe,Eligible
BA:1771577:20250831,2025-08-25,BA:Green-N,901901,05:34:00,05:35:07,901302,05:45:00,05:46:07,20040,20107.0,20700,20767.0,11.0,11.0,1.1166666666666667,1.1166666666666667,0.0,2025-08,Monday,0,2025-08-25,Monday,2025-08,5,Overnight,0,0,1.1167,1.1167,680,1,0.0,0,0,2025,8,August,Q3,BA:Green-N | Overnight,181,2.76,7.14,5.79,Chronic,76.07,P1 - Primary Hotspot,3.0,Not Late,Not Severe,Eligible
BA:1771578:20250831,2025-08-25,BA:Green-N,901901,05:54:00,05:55:07,901302,06:05:00,06:06:07,21240,21307.0,21900,21967.0,11.0,11.0,1.1166666666666667,1.1166666666666667,0.0,2025-08,Monday,0,2025-08-25,Monday,2025-08,5,Overnight,0,0,1.1167,1.1167,680,1,0.0,0,0,2025,8,August,Q3,BA:Green-N | Overnight,181,2.76,7.14,5.79,Chronic,76.07,P1 - Primary Hotspot,3.0,Not Late,Not Severe,Eligible
BA:1771604:20250831,2025-08-25,BA:Green-N,901901,14:34:00,14:35:07,901302,14:45:00,14:46:07,52440,52507.0,53100,53167.0,11.0,11.0,1.1166666666666667,1.1166666666666667,0.0,2025-08,Monday,0,2025-08-25,Monday,2025-08,14,Midday,0,0,1.1167,1.1167,680,1,0.0,0,0,2025,8,August,Q3,BA:Green-N | Midday,266,4.51,10.34,10.51,Critical,91.07,P1 - Primary Hotspot,2.0,Not Late,Not Severe,Eligible
BA:1771605:20250831,2025-08-25,BA:Green-N,901901,14:54:00,14:55:07,901302,15:05:00,15:06:07,53640,53707.0,54300,54367.0,11.0,11.0,1.1166666666666667,1.1166666666666667,0.0,2025-08,Monday,0,2025-08-25,Monday,2025-08,14,Midday,0,0,1.1167,1.1167,680,1,0.0,0,0,2025,8,August,Q3,BA:Green-N | Midday,266,4.51,10.34,10.51,Critical,91.07,P1 - Primary Hotspot,2.0,Not Late,Not Severe,Eligible
BA:1771607:20250831,2025-08-25,BA:Green-N,901901,15:34:00,15:35:07,901302,15:45:00,15:46:07,56040,56107.0,56700,56767.0,11.0,11.0,1.1166666666666667,1.1166666666666667,0.0,2025-08,Monday,0,2025-08-25,Monday,2025-08,15,Midday,0,0,1.1167,1.1167,680,1,0.0,0,0,2025,8,August,Q3,BA:Green-N | Midday,266,4.51,10.34,10.51,Critical,91.07,P1 - Primary Hotspot,2.0,Not Late,Not Severe,Eligible
BA:1771609:20250831,2025-08-25,BA:Green-N,901901,16:14:00,16:15:07,901302,16:25:00,16:26:07,58440,58507.0,59100,59167.0,11.0,11.0,1.1166666666666667,1.1166666666666667,0.0,2025-08,Monday,0,2025-08-25,Monday,2025-08,16,Evening Peak,0,1,1.1167,1.1167,680,1,0.0,0,0,2025,8,August,Q3,BA:Green-N | Evening Peak,76,5.26,9.22,3.05,Critical,78.93,P3 - Reliability Watch,5.0,Not Late,Not Severe,Eligible
BA:1771610:20250831,2025-08-25,BA:Green-N,901901,16:34:00,16:35:07,901302,16:45:00,16:46:07,59640,59707.0,60300,60367.0,11.0,11.0,1.1166666666666667,1.1166666666666667,0.0,2025-08,Monday,0,2025-08-25,Monday,2025-08,16,Evening Peak,0,1,1.1167,1.1167,680,1,0.0,0,0,2025,8,August,Q3,BA:Green-N | Evening Peak,76,5.26,9.22,3.05,Critical,78.93,P3 - Reliability Watch,5.0,Not Late,Not Severe,Eligible
BA:1771611:20250831,2025-08-25,BA:Green-N,901901,16:54:00,16:55:07,901302,17:05:00,17:06:07,60840,60907.0,61500,61567.0,11.0,11.0,1.1166666666666667,1.1166666666666667,0.0,2025-08,Monday,0,2025-08-25,Monday,2025-08,16,Evening Peak,0,1,1.1167,1.1167,680,1,0.0,0,0,2025,8,August,Q3,BA:Green-N | Evening Peak,76,5.26,9.22,3.05,Critical,78.93,P3 - Reliability Watch,5.0,Not Late,Not Severe,Eligible
BA:1771613:20250831,2025-08-25,BA:Green-N,901901,17:34:00,17:35:07,901302,17:45:00,17:46:07,63240,63307.0,63900,63967.0,11.0,11.0,1.1166666666666667,1.1166666666666667,0.0,2025-08,Monday,0,2025-08-25,Monday,2025-08,17,Evening Peak,0,1,1.1167,1.1167,680,1,0.0,0,0,2025,8,August,Q3,BA:Green-N | Evening Peak,76,5.26,9.22,3.05,Critical,78.93,P3 - Reliability Watch,5.0,Not Late,Not Severe,Eligible
BA:1771614:20250831,2025-08-25,BA:Green-N,901901,17:54:00,17:55:07,901302,18:05:00,18:06:07,64440,64507.0,65100,65167.0,11.0,11.0,1.1166666666666667,1.1166666666666667,0.0,2025-08,Monday,0,2025-08-25,Monday,2025-08,17,Evening Peak,0,1,1.1167,1.1167,680,1,0.0,0,0,2025,8,August,Q3,BA:Green-N | Evening Peak,76,5.26,9.22,3.05,Critical,78.93,P3 - Reliability Watch,5.0,Not Late,Not Severe,Eligible
BA:1771615:20250831,2025-08-25,BA:Green-N,901901,18:14:00,18:15:07,901302,18:25:00,18:26:07,65640,65707.0,66300,66367.0,11.0,11.0,1.1166666666666667,1.1166666666666667,0.0,2025-08,Monday,0,2025-08-25,Monday,2025-08,18,Evening Peak,0,1,1.1167,1.1167,680,1,0.0,0,0,2025,8,August,Q3,BA:Green-N | Evening Peak,76,5.26,9.22,3.05,Critical,78.93,P3 - Reliability Watch,5.0,Not Late,Not Severe,Eligible
BA:1771616:20250831,2025-08-25,BA:Green-N,901901,18:34:00,18:35:07,901302,18:45:00,18:46:07,66840,66907.0,67500,67567.0,11.0,11.0,1.1166666666666667,1.1166666666666667,0.0,2025-08,Monday,0,2025-08-25,Monday,2025-08,18,Evening Peak,0,1,1.1167,1.1167,680,1,0.0,0,0,2025,8,August,Q3,BA:Green-N | Evening Peak,76,5.26,9.22,3.05,Critical,78.93,P3 - Reliability Watch,5.0,Not Late,Not Severe,Eligible
BA:1771617:20250831,2025-08-25,BA:Green-N,901901,18:54:00,18:55:07,901302,19:05:00,19:06:07,68040,68107.0,68700,68767.0,11.0,11.0,1.1166666666666667,1.1166666666666667,0.0,2025-08,Monday,0,2025-08-25,Monday,2025-08,18,Evening Peak,0,1,1.1167,1.1167,680,1,0.0,0,0,2025,8,August,Q3,BA:Green-N | Evening Peak,76,5.26,9.22,3.05,Critical,78.93,P3 - Reliability Watch,5.0,Not Late,Not Severe,Eligible
BA:1771618:20250831,2025-08-25,BA:Green-N,901901,19:14:00,19:15:07,901302,19:25:00,19:26:07,69240,69307.0,69900,69967.0,11.0,11.0,1.1166666666666667,1.1166666666666667,0.0,2025-08,Monday,0,2025-08-25,Monday,2025-08,19,Evening,0,0,1.1167,1.1167,680,1,0.0,0,0,2025,8,August,Q3,BA:Green-N | Evening,15,6.67,11.22,0.85,Insufficient Sample,,Insufficient Sample,,Not Late,Not Severe,Insufficient Sample
BA:1771619:20250831,2025-08-25,BA:Green-N,901901,19:34:00,19:45:34,901302,19:45:00,19:56:13,70440,71134.0,71100,71773.0,11.0,10.65,11.216666666666669,11.566666666666666,-0.3499999999999996,2025-08,Monday,0,2025-08-25,Monday,2025-08,19,Evening,0,0,11.2167,1.1167,680,1,10.1,1,1,2025,8,August,Q3,BA:Green-N | Evening,15,6.67,11.22,0.85,Insufficient Sample,,Insufficient Sample,,Late,Severe Delay,Insufficient Sample
BA:1771799:20250831,2025-08-25,BA:Yellow-N,901902,08:57:00,08:57:41,901302,09:08:00,09:08:41,32220,32261.0,32880,32921.0,11.0,11.0,0.6833333333333333,0.6833333333333333,0.0,2025-08,Monday,0,2025-08-25,Monday,2025-08,8,Morning Peak,1,0,0.6833,1.4833,647,1,0.0,0,0,2025,8,August,Q3,BA:Yellow-N | Morning Peak,75,0.0,,0.44,Reliable,30.0,Monitor,10.0,Not Late,Not Severe,Eligible
BA:1771800:20250831,2025-08-25,BA:Yellow-N,901902,09:17:00,09:17:41,901302,09:28:00,09:28:41,33420,33461.0,34080,34121.0,11.0,11.0,0.6833333333333333,0.6833333333333333,0.0,2025-08,Monday,0,2025-08-25,Monday,2025-08,9,Morning Peak,1,0,0.6833,1.4833,647,1,0.0,0,0,2025,8,August,Q3,BA:Yellow-N | Morning Peak,75,0.0,,0.44,Reliable,30.0,Monitor,10.0,Not Late,Not Severe,Eligible
BA:1771820:20250831,2025-08-25,BA:Yellow-N,901902,15:57:00,15:57:41,901302,16:08:00,16:08:41,57420,57461.0,58080,58121.0,11.0,11.0,0.6833333333333333,0.6833333333333333,0.0,2025-08,Monday,0,2025-08-25,Monday,2025-08,15,Midday,0,0,0.6833,1.4833,647,1,0.0,0,0,2025,8,August,Q3,BA:Yellow-N | Midday,115,0.0,,0.0,Reliable,15.0,Monitor,14.0,Not Late,Not Severe,Eligible
BA:1771575:20250831,2025-08-26,BA:Green-N,901901,04:54:00,04:55:07,901302,05:05:00,05:06:07,17640,17707.0,18300,18367.0,11.0,11.0,1.1166666666666667,1.1166666666666667,0.0,2025-08,Tuesday,0,2025-08-26,Tuesday,2025-08,4,Overnight,0,0,1.1167,1.1167,680,1,0.0,0,0,2025,8,August,Q3,BA:Green-N | Overnight,181,2.76,7.14,5.79,Chronic,76.07,P1 - Primary Hotspot,3.0,Not Late,Not Severe,Eligible
BA:1771576:20250831,2025-08-26,BA:Green-N,901901,05:14:00,05:15:07,901302,05:25:00,05:26:07,18840,18907.0,19500,19567.0,11.0,11.0,1.1166666666666667,1.1166666666666667,0.0,2025-08,Tuesday,0,2025-08-26,Tuesday,2025-08,5,Overnight,0,0,1.1167,1.1167,680,1,0.0,0,0,2025,8,August,Q3,BA:Green-N | Overnight,181,2.76,7.14,5.79,Chronic,76.07,P1 - Primary Hotspot,3.0,Not Late,Not Severe,Eligible
BA:1771577:20250831,2025-08-26,BA:Green-N,901901,05:34:00,05:35:07,901302,05:45:00,05:46:07,20040,20107.0,20700,20767.0,11.0,11.0,1.1166666666666667,1.1166666666666667,0.0,2025-08,Tuesday,0,2025-08-26,Tuesday,2025-08,5,Overnight,0,0,1.1167,1.1167,680,1,0.0,0,0,2025,8,August,Q3,BA:Green-N | Overnight,181,2.76,7.14,5.79,Chronic,76.07,P1 - Primary Hotspot,3.0,Not Late,Not Severe,Eligible
BA:1771578:20250831,2025-08-26,BA:Green-N,901901,05:54:00,05:57:51,901302,06:05:00,06:08:23,21240,21471.0,21900,22103.0,11.0,10.533333333333331,3.3833333333333333,3.85,-0.4666666666666668,2025-08,Tuesday,0,2025-08-26,Tuesday,2025-08,5,Overnight,0,0,3.3833,1.1167,680,1,2.2667,0,0,2025,8,August,Q3,BA:Green-N | Overnight,181,2.76,7.14,5.79,Chronic,76.07,P1 - Primary Hotspot,3.0,Not Late,Not Severe,Eligible
BA:1771581:20250831,2025-08-26,BA:Green-N,901901,06:54:00,06:55:07,901302,07:05:00,07:06:07,24840,24907.0,25500,25567.0,11.0,11.0,1.1166666666666667,1.1166666666666667,0.0,2025-08,Tuesday,0,2025-08-26,Tuesday,2025-08,6,Overnight,0,0,1.1167,1.1167,680,1,0.0,0,0,2025,8,August,Q3,BA:Green-N | Overnight,181,2.76,7.14,5.79,Chronic,76.07,P1 - Primary Hotspot,3.0,Not Late,Not Severe,Eligible
BA:1771602:20250831,2025-08-26,BA:Green-N,901901,13:54:00,13:55:07,901302,14:05:00,14:06:07,50040,50107.0,50700,50767.0,11.0,11.0,1.1166666666666667,1.1166666666666667,0.0,2025-08,Tuesday,0,2025-08-26,Tuesday,2025-08,13,Midday,0,0,1.1167,1.1167,680,1,0.0,0,0,2025,8,August,Q3,BA:Green-N | Midday,266,4.51,10.34,10.51,Critical,91.07,P1 - Primary Hotspot,2.0,Not Late,Not Severe,Eligible
BA:1771604:20250831,2025-08-26,BA:Green-N,901901,14:34:00,14:35:07,901302,14:45:00,14:46:07,52440,52507.0,53100,53167.0,11.0,11.0,1.1166666666666667,1.1166666666666667,0.0,2025-08,Tuesday,0,2025-08-26,Tuesday,2025-08,14,Midday,0,0,1.1167,1.1167,680,1,0.0,0,0,2025,8,August,Q3,BA:Green-N | Midday,266,4.51,10.34,10.51,Critical,91.07,P1 - Primary Hotspot,2.0,Not Late,Not Severe,Eligible
BA:1771605:20250831,2025-08-26,BA:Green-N,901901,14:54:00,14:55:07,901302,15:05:00,15:06:07,53640,53707.0,54300,54367.0,11.0,11.0,1.1166666666666667,1.1166666666666667,0.0,2025-08,Tuesday,0,2025-08-26,Tuesday,2025-08,14,Midday,0,0,1.1167,1.1167,680,1,0.0,0,0,2025,8,August,Q3,BA:Green-N | Midday,266,4.51,10.34,10.51,Critical,91.07,P1 - Primary Hotspot,2.0,Not Late,Not Severe,Eligible
BA:1771606:20250831,2025-08-26,BA:Green-N,901901,15:14:00,15:15:07,901302,15:25:00,15:26:07,54840,54907.0,55500,55567.0,11.0,11.0,1.1166666666666667,1.1166666666666667,0.0,2025-08,Tuesday,0,2025-08-26,Tuesday,2025-08,15,Midday,0,0,1.1167,1.1167,680,1,0.0,0,0,2025,8,August,Q3,BA:Green-N | Midday,266,4.51,10.34,10.51,Critical,91.07,P1 - Primary Hotspot,2.0,Not Late,Not Severe,Eligible
BA:1771607:20250831,2025-08-26,BA:Green-N,901901,15:34:00,15:35:07,901302,15:45:00,15:46:07,56040,56107.0,56700,56767.0,11.0,11.0,1.1166666666666667,1.1166666666666667,0.0,2025-08,Tuesday,0,2025-08-26,Tuesday,2025-08,15,Midday,0,0,1.1167,1.1167,680,1,0.0,0,0,2025,8,August,Q3,BA:Green-N | Midday,266,4.51,10.34,10.51,Critical,91.07,P1 - Primary Hotspot,2.0,Not Late,Not Severe,Eligible
BA:1771608:20250831,2025-08-26,BA:Green-N,901901,15:54:00,15:55:07,901302,16:05:00,16:06:07,57240,57307.0,57900,57967.0,11.0,11.0,1.1166666666666667,1.1166666666666667,0.0,2025-08,Tuesday,0,2025-08-26,Tuesday,2025-08,15,Midday,0,0,1.1167,1.1167,680,1,0.0,0,0,2025,8,August,Q3,BA:Green-N | Midday,266,4.51,10.34,10.51,Critical,91.07,P1 - Primary Hotspot,2.0,Not Late,Not Severe,Eligible
BA:1771609:20250831,2025-08-26,BA:Green-N,901901,16:14:00,16:15:07,901302,16:25:00,16:26:07,58440,58507.0,59100,59167.0,11.0,11.0,1.1166666666666667,1.1166666666666667,0.0,2025-08,Tuesday,0,2025-08-26,Tuesday,2025-08,16,Evening Peak,0,1,1.1167,1.1167,680,1,0.0,0,0,2025,8,August,Q3,BA:Green-N | Evening Peak,76,5.26,9.22,3.05,Critical,78.93,P3 - Reliability Watch,5.0,Not Late,Not Severe,Eligible
BA:1771610:20250831,2025-08-26,BA:Green-N,901901,16:34:00,16:35:07,901302,16:45:00,16:46:07,59640,59707.0,60300,60367.0,11.0,11.0,1.1166666666666667,1.1166666666666667,0.0,2025-08,Tuesday,0,2025-08-26,Tuesday,2025-08,16,Evening Peak,0,1,1.1167,1.1167,680,1,0.0,0,0,2025,8,August,Q3,BA:Green-N | Evening Peak,76,5.26,9.22,3.05,Critical,78.93,P3 - Reliability Watch,5.0,Not Late,Not Severe,Eligible
BA:1771611:20250831,2025-08-26,BA:Green-N,901901,16:54:00,16:55:07,901302,17:05:00,17:06:07,60840,60907.0,61500,61567.0,11.0,11.0,1.1166666666666667,1.1166666666666667,0.0,2025-08,Tuesday,0,2025-08-26,Tuesday,2025-08,16,Evening Peak,0,1,1.1167,1.1167,680,1,0.0,0,0,2025,8,August,Q3,BA:Green-N | Evening Peak,76,5.26,9.22,3.05,Critical,78.93,P3 - Reliability Watch,5.0,Not Late,Not Severe,Eligible
BA:1771612:20250831,2025-08-26,BA:Green-N,901901,17:14:00,17:15:07,901302,17:25:00,17:26:07,62040,62107.0,62700,62767.0,11.0,11.0,1.1166666666666667,1.1166666666666667,0.0,2025-08,Tuesday,0,2025-08-26,Tuesday,2025-08,17,Evening Peak,0,1,1.1167,1.1167,680,1,0.0,0,0,2025,8,August,Q3,BA:Green-N | Evening Peak,76,5.26,9.22,3.05,Critical,78.93,P3 - Reliability Watch,5.0,Not Late,Not Severe,Eligible
BA:1771613:20250831,2025-08-26,BA:Green-N,901901,17:34:00,17:35:07,901302,17:45:00,17:46:07,63240,63307.0,63900,63967.0,11.0,11.0,1.1166666666666667,1.1166666666666667,0.0,2025-08,Tuesday,0,2025-08-26,Tuesday,2025-08,17,Evening Peak,0,1,1.1167,1.1167,680,1,0.0,0,0,2025,8,August,Q3,BA:Green-N | Evening Peak,76,5.26,9.22,3.05,Critical,78.93,P3 - Reliability Watch,5.0,Not Late,Not Severe,Eligible
BA:1771615:20250831,2025-08-26,BA:Green-N,901901,18:14:00,18:15:07,901302,18:25:00,18:26:07,65640,65707.0,66300,66367.0,11.0,11.0,1.1166666666666667,1.1166666666666667,0.0,2025-08,Tuesday,0,2025-08-26,Tuesday,2025-08,18,Evening Peak,0,1,1.1167,1.1167,680,1,0.0,0,0,2025,8,August,Q3,BA:Green-N | Evening Peak,76,5.26,9.22,3.05,Critical,78.93,P3 - Reliability Watch,5.0,Not Late,Not Severe,Eligible
BA:1771616:20250831,2025-08-26,BA:Green-N,901901,18:34:00,18:35:07,901302,18:45:00,18:46:07,66840,66907.0,67500,67567.0,11.0,11.0,1.1166666666666667,1.1166666666666667,0.0,2025-08,Tuesday,0,2025-08-26,Tuesday,2025-08,18,Evening Peak,0,1,1.1167,1.1167,680,1,0.0,0,0,2025,8,August,Q3,BA:Green-N | Evening Peak,76,5.26,9.22,3.05,Critical,78.93,P3 - Reliability Watch,5.0,Not Late,Not Severe,Eligible
BA:1771617:20250831,2025-08-26,BA:Green-N,901901,18:54:00,18:55:07,901302,19:05:00,19:06:07,68040,68107.0,68700,68767.0,11.0,11.0,1.1166666666666667,1.1166666666666667,0.0,2025-08,Tuesday,0,2025-08-26,Tuesday,2025-08,18,Evening Peak,0,1,1.1167,1.1167,680,1,0.0,0,0,2025,8,August,Q3,BA:Green-N | Evening Peak,76,5.26,9.22,3.05,Critical,78.93,P3 - Reliability Watch,5.0,Not Late,Not Severe,Eligible
BA:1771618:20250831,2025-08-26,BA:Green-N,901901,19:14:00,19:15:07,901302,19:25:00,19:26:07,69240,69307.0,69900,69967.0,11.0,11.0,1.1166666666666667,1.1166666666666667,0.0,2025-08,Tuesday,0,2025-08-26,Tuesday,2025-08,19,Evening,0,0,1.1167,1.1167,680,1,0.0,0,0,2025,8,August,Q3,BA:Green-N | Evening,15,6.67,11.22,0.85,Insufficient Sample,,Insufficient Sample,,Not Late,Not Severe,Insufficient Sample
BA:1771619:20250831,2025-08-26,BA:Green-N,901901,19:34:00,19:35:07,901302,19:45:00,19:46:07,70440,70507.0,71100,71167.0,11.0,11.0,1.1166666666666667,1.1166666666666667,0.0,2025-08,Tuesday,0,2025-08-26,Tuesday,2025-08,19,Evening,0,0,1.1167,1.1167,680,1,0.0,0,0,2025,8,August,Q3,BA:Green-N | Evening,15,6.67,11.22,0.85,Insufficient Sample,,Insufficient Sample,,Not Late,Not Severe,Insufficient Sample
BA:1771781:20250831,2025-08-25,BA:Yellow-N,901902,24:08:00,24:10:46,901302,24:18:00,24:22:13,86880,87046.0,87480,87733.0,10.0,11.45,4.216666666666667,2.7666666666666666,1.4499999999999993,2025-08,Monday,1,2025-08-26,Tuesday,2025-08,0,Overnight,0,0,4.2167,1.4833,647,1,2.7333,0,0,2025,8,August,Q3,BA:Yellow-N | Overnight,335,26.27,7.33,68.28,Chronic,95.71,P1 - Primary Hotspot,1.0,Not Late,Not Severe,Eligible
BA:1771470:20250831,2025-08-27,BA:Blue-N,901901,09:11:00,09:11:49,901302,09:22:00,09:22:49,33060,33109.0,33720,33769.0,11.0,11.0,0.8166666666666667,0.8166666666666667,0.0,2025-08,Wednesday,0,2025-08-27,Wednesday,2025-08,9,Morning Peak,1,0,0.8167,0.8167,479,1,0.0,0,0,2025,8,August,Q3,BA:Blue-N | Morning Peak,88,1.14,7.27,0.6,Chronic,47.86,P3 - Reliability Watch,9.0,Not Late,Not Severe,Eligible
BA:1771478:20250831,2025-08-27,BA:Blue-N,901901,11:51:00,11:51:49,901302,12:02:00,12:02:49,42660,42709.0,43320,43369.0,11.0,11.0,0.8166666666666667,0.8166666666666667,0.0,2025-08,Wednesday,0,2025-08-27,Wednesday,2025-08,11,Midday,0,0,0.8167,0.8167,479,1,0.0,0,0,2025,8,August,Q3,BA:Blue-N | Midday,135,0.74,8.45,0.78,Acute,52.5,P3 - Reliability Watch,8.0,Not Late,Not Severe,Eligible
BA:1771483:20250831,2025-08-27,BA:Blue-N,901901,13:31:00,13:31:49,901302,13:42:00,13:42:49,48660,48709.0,49320,49369.0,11.0,11.0,0.8166666666666667,0.8166666666666667,0.0,2025-08,Wednesday,0,2025-08-27,Wednesday,2025-08,13,Midday,0,0,0.8167,0.8167,479,1,0.0,0,0,2025,8,August,Q3,BA:Blue-N | Midday,135,0.74,8.45,0.78,Acute,52.5,P3 - Reliability Watch,8.0,Not Late,Not Severe,Eligible
BA:1771502:20250831,2025-08-27,BA:Blue-N,901901,20:17:00,20:17:25,901302,20:27:00,20:28:25,73020,73045.0,73620,73705.0,10.0,11.0,1.4166666666666667,0.4166666666666667,1.0,2025-08,Wednesday,0,2025-08-27,Wednesday,2025-08,20,Evening,0,0,1.4167,0.8167,479,1,0.6,0,0,2025,8,August,Q3,BA:Blue-N | Evening,103,2.91,5.87,5.12,Chronic,73.21,P2 - High Burden,4.0,Not Late,Not Severe,Eligible
BA:1771575:20250831,2025-08-27,BA:Green-N,901901,04:54:00,04:55:07,901302,05:05:00,05:06:07,17640,17707.0,18300,18367.0,11.0,11.0,1.1166666666666667,1.1166666666666667,0.0,2025-08,Wednesday,0,2025-08-27,Wednesday,2025-08,4,Overnight,0,0,1.1167,1.1167,680,1,0.0,0,0,2025,8,August,Q3,BA:Green-N | Overnight,181,2.76,7.14,5.79,Chronic,76.07,P1 - Primary Hotspot,3.0,Not Late,Not Severe,Eligible
BA:1771576:20250831,2025-08-27,BA:Green-N,901901,05:14:00,05:15:07,901302,05:25:00,05:26:07,18840,18907.0,19500,19567.0,11.0,11.0,1.1166666666666667,1.1166666666666667,0.0,2025-08,Wednesday,0,2025-08-27,Wednesday,2025-08,5,Overnight,0,0,1.1167,1.1167,680,1,0.0,0,0,2025,8,August,Q3,BA:Green-N | Overnight,181,2.76,7.14,5.79,Chronic,76.07,P1 - Primary Hotspot,3.0,Not Late,Not Severe,Eligible
BA:1771577:20250831,2025-08-27,BA:Green-N,901901,05:34:00,05:35:07,901302,05:45:00,05:46:07,20040,20107.0,20700,20767.0,11.0,11.0,1.1166666666666667,1.1166666666666667,0.0,2025-08,Wednesday,0,2025-08-27,Wednesday,2025-08,5,Overnight,0,0,1.1167,1.1167,680,1,0.0,0,0,2025,8,August,Q3,BA:Green-N | Overnight,181,2.76,7.14,5.79,Chronic,76.07,P1 - Primary Hotspot,3.0,Not Late,Not Severe,Eligible
BA:1771578:20250831,2025-08-27,BA:Green-N,901901,05:54:00,05:55:07,901302,06:05:00,06:06:07,21240,21307.0,21900,21967.0,11.0,11.0,1.1166666666666667,1.1166666666666667,0.0,2025-08,Wednesday,0,2025-08-27,Wednesday,2025-08,5,Overnight,0,0,1.1167,1.1167,680,1,0.0,0,0,2025,8,August,Q3,BA:Green-N | Overnight,181,2.76,7.14,5.79,Chronic,76.07,P1 - Primary Hotspot,3.0,Not Late,Not Severe,Eligible
BA:1771580:20250831,2025-08-27,BA:Green-N,901901,06:34:00,06:35:07,901302,06:45:00,06:46:07,23640,23707.0,24300,24367.0,11.0,11.0,1.1166666666666667,1.1166666666666667,0.0,2025-08,Wednesday,0,2025-08-27,Wednesday,2025-08,6,Overnight,0,0,1.1167,1.1167,680,1,0.0,0,0,2025,8,August,Q3,BA:Green-N | Overnight,181,2.76,7.14,5.79,Chronic,76.07,P1 - Primary Hotspot,3.0,Not Late,Not Severe,Eligible
BA:1771581:20250831,2025-08-27,BA:Green-N,901901,06:54:00,06:55:07,901302,07:05:00,07:06:07,24840,24907.0,25500,25567.0,11.0,11.0,1.1166666666666667,1.1166666666666667,0.0,2025-08,Wednesday,0,2025-08-27,Wednesday,2025-08,6,Overnight,0,0,1.1167,1.1167,680,1,0.0,0,0,2025,8,August,Q3,BA:Green-N | Overnight,181,2.76,7.14,5.79,Chronic,76.07,P1 - Primary Hotspot,3.0,Not Late,Not Severe,Eligible
BA:1771583:20250831,2025-08-27,BA:Green-N,901901,07:34:00,07:35:07,901302,07:45:00,07:46:07,27240,27307.0,27900,27967.0,11.0,11.0,1.1166666666666667,1.1166666666666667,0.0,2025-08,Wednesday,0,2025-08-27,Wednesday,2025-08,7,Morning Peak,1,0,1.1167,1.1167,680,1,0.0,0,0,2025,8,August,Q3,BA:Green-N | Morning Peak,142,2.82,6.27,1.81,Chronic,59.64,P3 - Reliability Watch,7.0,Not Late,Not Severe,Eligible
BA:1771584:20250831,2025-08-27,BA:Green-N,901901,07:54:00,07:55:07,901302,08:05:00,08:06:07,28440,28507.0,29100,29167.0,11.0,11.0,1.1166666666666667,1.1166666666666667,0.0,2025-08,Wednesday,0,2025-08-27,Wednesday,2025-08,7,Morning Peak,1,0,1.1167,1.1167,680,1,0.0,0,0,2025,8,August,Q3,BA:Green-N | Morning Peak,142,2.82,6.27,1.81,Chronic,59.64,P3 - Reliability Watch,7.0,Not Late,Not Severe,Eligible
BA:1771585:20250831,2025-08-27,BA:Green-N,901901,08:14:00,08:15:07,901302,08:25:00,08:26:07,29640,29707.0,30300,30367.0,11.0,11.0,1.1166666666666667,1.1166666666666667,0.0,2025-08,Wednesday,0,2025-08-27,Wednesday,2025-08,8,Morning Peak,1,0,1.1167,1.1167,680,1,0.0,0,0,2025,8,August,Q3,BA:Green-N | Morning Peak,142,2.82,6.27,1.81,Chronic,59.64,P3 - Reliability Watch,7.0,Not Late,Not Severe,Eligible
BA:1771590:20250831,2025-08-27,BA:Green-N,901901,09:54:00,09:55:07,901302,10:05:00,10:06:07,35640,35707.0,36300,36367.0,11.0,11.0,1.1166666666666667,1.1166666666666667,0.0,2025-08,Wednesday,0,2025-08-27,Wednesday,2025-08,9,Morning Peak,1,0,1.1167,1.1167,680,1,0.0,0,0,2025,8,August,Q3,BA:Green-N | Morning Peak,142,2.82,6.27,1.81,Chronic,59.64,P3 - Reliability Watch,7.0,Not Late,Not Severe,Eligible
BA:1771591:20250831,2025-08-27,BA:Green-N,901901,10:14:00,10:15:07,901302,10:25:00,10:26:07,36840,36907.0,37500,37567.0,11.0,11.0,1.1166666666666667,1.1166666666666667,0.0,2025-08,Wednesday,0,2025-08-27,Wednesday,2025-08,10,Midday,0,0,1.1167,1.1167,680,1,0.0,0,0,2025,8,August,Q3,BA:Green-N | Midday,266,4.51,10.34,10.51,Critical,91.07,P1 - Primary Hotspot,2.0,Not Late,Not Severe,Eligible
BA:1771592:20250831,2025-08-27,BA:Green-N,901901,10:34:00,10:35:07,901302,10:45:00,10:46:07,38040,38107.0,38700,38767.0,11.0,11.0,1.1166666666666667,1.1166666666666667,0.0,2025-08,Wednesday,0,2025-08-27,Wednesday,2025-08,10,Midday,0,0,1.1167,1.1167,680,1,0.0,0,0,2025,8,August,Q3,BA:Green-N | Midday,266,4.51,10.34,10.51,Critical,91.07,P1 - Primary Hotspot,2.0,Not Late,Not Severe,Eligible
BA:1771593:20250831,2025-08-27,BA:Green-N,901901,10:54:00,10:55:07,901302,11:05:00,11:06:07,39240,39307.0,39900,39967.0,11.0,11.0,1.1166666666666667,1.1166666666666667,0.0,2025-08,Wednesday,0,2025-08-27,Wednesday,2025-08,10,Midday,0,0,1.1167,1.1167,680,1,0.0,0,0,2025,8,August,Q3,BA:Green-N | Midday,266,4.51,10.34,10.51,Critical,91.07,P1 - Primary Hotspot,2.0,Not Late,Not Severe,Eligible
BA:1771594:20250831,2025-08-27,BA:Green-N,901901,11:14:00,11:15:07,901302,11:25:00,11:26:07,40440,40507.0,41100,41167.0,11.0,11.0,1.1166666666666667,1.1166666666666667,0.0,2025-08,Wednesday,0,2025-08-27,Wednesday,2025-08,11,Midday,0,0,1.1167,1.1167,680,1,0.0,0,0,2025,8,August,Q3,BA:Green-N | Midday,266,4.51,10.34,10.51,Critical,91.07,P1 - Primary Hotspot,2.0,Not Late,Not Severe,Eligible
BA:1771595:20250831,2025-08-27,BA:Green-N,901901,11:34:00,11:35:07,901302,11:45:00,11:46:07,41640,41707.0,42300,42367.0,11.0,11.0,1.1166666666666667,1.1166666666666667,0.0,2025-08,Wednesday,0,2025-08-27,Wednesday,2025-08,11,Midday,0,0,1.1167,1.1167,680,1,0.0,0,0,2025,8,August,Q3,BA:Green-N | Midday,266,4.51,10.34,10.51,Critical,91.07,P1 - Primary Hotspot,2.0,Not Late,Not Severe,Eligible
BA:1771599:20250831,2025-08-27,BA:Green-N,901901,12:54:00,12:55:07,901302,13:05:00,13:06:07,46440,46507.0,47100,47167.0,11.0,11.0,1.1166666666666667,1.1166666666666667,0.0,2025-08,Wednesday,0,2025-08-27,Wednesday,2025-08,12,Midday,0,0,1.1167,1.1167,680,1,0.0,0,0,2025,8,August,Q3,BA:Green-N | Midday,266,4.51,10.34,10.51,Critical,91.07,P1 - Primary Hotspot,2.0,Not Late,Not Severe,Eligible
BA:1771600:20250831,2025-08-27,BA:Green-N,901901,13:14:00,13:15:07,901302,13:25:00,13:26:07,47640,47707.0,48300,48367.0,11.0,11.0,1.1166666666666667,1.1166666666666667,0.0,2025-08,Wednesday,0,2025-08-27,Wednesday,2025-08,13,Midday,0,0,1.1167,1.1167,680,1,0.0,0,0,2025,8,August,Q3,BA:Green-N | Midday,266,4.51,10.34,10.51,Critical,91.07,P1 - Primary Hotspot,2.0,Not Late,Not Severe,Eligible
BA:1771601:20250831,2025-08-27,BA:Green-N,901901,13:34:00,13:35:07,901302,13:45:00,13:46:07,48840,48907.0,49500,49567.0,11.0,11.0,1.1166666666666667,1.1166666666666667,0.0,2025-08,Wednesday,0,2025-08-27,Wednesday,2025-08,13,Midday,0,0,1.1167,1.1167,680,1,0.0,0,0,2025,8,August,Q3,BA:Green-N | Midday,266,4.51,10.34,10.51,Critical,91.07,P1 - Primary Hotspot,2.0,Not Late,Not Severe,Eligible
BA:1771602:20250831,2025-08-27,BA:Green-N,901901,13:54:00,13:55:07,901302,14:05:00,14:06:07,50040,50107.0,50700,50767.0,11.0,11.0,1.1166666666666667,1.1166666666666667,0.0,2025-08,Wednesday,0,2025-08-27,Wednesday,2025-08,13,Midday,0,0,1.1167,1.1167,680,1,0.0,0,0,2025,8,August,Q3,BA:Green-N | Midday,266,4.51,10.34,10.51,Critical,91.07,P1 - Primary Hotspot,2.0,Not Late,Not Severe,Eligible
BA:1771781:20250831,2025-08-26,BA:Yellow-N,901902,24:08:00,24:12:06,901302,24:18:00,24:24:09,86880,87126.0,87480,87849.0,10.0,12.05,6.15,4.1,2.0500000000000007,2025-08,Tuesday,1,2025-08-27,Wednesday,2025-08,0,Overnight,0,0,6.15,1.4833,647,1,4.6667,1,0,2025,8,August,Q3,BA:Yellow-N | Overnight,335,26.27,7.33,68.28,Chronic,95.71,P1 - Primary Hotspot,1.0,Late,Not Severe,Eligible
BA:1771575:20250831,2025-08-28,BA:Green-N,901901,04:54:00,04:55:07,901302,05:05:00,05:06:07,17640,17707.0,18300,18367.0,11.0,11.0,1.1166666666666667,1.1166666666666667,0.0,2025-08,Thursday,0,2025-08-28,Thursday,2025-08,4,Overnight,0,0,1.1167,1.1167,680,1,0.0,0,0,2025,8,August,Q3,BA:Green-N | Overnight,181,2.76,7.14,5.79,Chronic,76.07,P1 - Primary Hotspot,3.0,Not Late,Not Severe,Eligible
BA:1771576:20250831,2025-08-28,BA:Green-N,901901,05:14:00,05:15:07,901302,05:25:00,05:26:07,18840,18907.0,19500,19567.0,11.0,11.0,1.1166666666666667,1.1166666666666667,0.0,2025-08,Thursday,0,2025-08-28,Thursday,2025-08,5,Overnight,0,0,1.1167,1.1167,680,1,0.0,0,0,2025,8,August,Q3,BA:Green-N | Overnight,181,2.76,7.14,5.79,Chronic,76.07,P1 - Primary Hotspot,3.0,Not Late,Not Severe,Eligible
BA:1771577:20250831,2025-08-28,BA:Green-N,901901,05:34:00,05:36:10,901302,05:45:00,05:46:41,20040,20170.0,20700,20801.0,11.0,10.516666666666667,1.6833333333333331,2.1666666666666665,-0.4833333333333325,2025-08,Thursday,0,2025-08-28,Thursday,2025-08,5,Overnight,0,0,1.6833,1.1167,680,1,0.5667,0,0,2025,8,August,Q3,BA:Green-N | Overnight,181,2.76,7.14,5.79,Chronic,76.07,P1 - Primary Hotspot,3.0,Not Late,Not Severe,Eligible
BA:1771578:20250831,2025-08-28,BA:Green-N,901901,05:54:00,05:55:07,901302,06:05:00,06:06:07,21240,21307.0,21900,21967.0,11.0,11.0,1.1166666666666667,1.1166666666666667,0.0,2025-08,Thursday,0,2025-08-28,Thursday,2025-08,5,Overnight,0,0,1.1167,1.1167,680,1,0.0,0,0,2025,8,August,Q3,BA:Green-N | Overnight,181,2.76,7.14,5.79,Chronic,76.07,P1 - Primary Hotspot,3.0,Not Late,Not Severe,Eligible
BA:1771581:20250831,2025-08-28,BA:Green-N,901901,06:54:00,06:55:07,901302,07:05:00,07:06:07,24840,24907.0,25500,25567.0,11.0,11.0,1.1166666666666667,1.1166666666666667,0.0,2025-08,Thursday,0,2025-08-28,Thursday,2025-08,6,Overnight,0,0,1.1167,1.1167,680,1,0.0,0,0,2025,8,August,Q3,BA:Green-N | Overnight,181,2.76,7.14,5.79,Chronic,76.07,P1 - Primary Hotspot,3.0,Not Late,Not Severe,Eligible
BA:1771587:20250831,2025-08-28,BA:Green-N,901901,08:54:00,08:55:07,901302,09:05:00,09:06:07,32040,32107.0,32700,32767.0,11.0,11.0,1.1166666666666667,1.1166666666666667,0.0,2025-08,Thursday,0,2025-08-28,Thursday,2025-08,8,Morning Peak,1,0,1.1167,1.1167,680,1,0.0,0,0,2025,8,August,Q3,BA:Green-N | Morning Peak,142,2.82,6.27,1.81,Chronic,59.64,P3 - Reliability Watch,7.0,Not Late,Not Severe,Eligible
BA:1771588:20250831,2025-08-28,BA:Green-N,901901,09:14:00,09:15:07,901302,09:25:00,09:26:07,33240,33307.0,33900,33967.0,11.0,11.0,1.1166666666666667,1.1166666666666667,0.0,2025-08,Thursday,0,2025-08-28,Thursday,2025-08,9,Morning Peak,1,0,1.1167,1.1167,680,1,0.0,0,0,2025,8,August,Q3,BA:Green-N | Morning Peak,142,2.82,6.27,1.81,Chronic,59.64,P3 - Reliability Watch,7.0,Not Late,Not Severe,Eligible
BA:1771592:20250831,2025-08-28,BA:Green-N,901901,10:34:00,10:35:07,901302,10:45:00,10:46:07,38040,38107.0,38700,38767.0,11.0,11.0,1.1166666666666667,1.1166666666666667,0.0,2025-08,Thursday,0,2025-08-28,Thursday,2025-08,10,Midday,0,0,1.1167,1.1167,680,1,0.0,0,0,2025,8,August,Q3,BA:Green-N | Midday,266,4.51,10.34,10.51,Critical,91.07,P1 - Primary Hotspot,2.0,Not Late,Not Severe,Eligible
BA:1771593:20250831,2025-08-28,BA:Green-N,901901,10:54:00,10:55:07,901302,11:05:00,11:06:07,39240,39307.0,39900,39967.0,11.0,11.0,1.1166666666666667,1.1166666666666667,0.0,2025-08,Thursday,0,2025-08-28,Thursday,2025-08,10,Midday,0,0,1.1167,1.1167,680,1,0.0,0,0,2025,8,August,Q3,BA:Green-N | Midday,266,4.51,10.34,10.51,Critical,91.07,P1 - Primary Hotspot,2.0,Not Late,Not Severe,Eligible
BA:1771594:20250831,2025-08-28,BA:Green-N,901901,11:14:00,11:15:07,901302,11:25:00,11:26:07,40440,40507.0,41100,41167.0,11.0,11.0,1.1166666666666667,1.1166666666666667,0.0,2025-08,Thursday,0,2025-08-28,Thursday,2025-08,11,Midday,0,0,1.1167,1.1167,680,1,0.0,0,0,2025,8,August,Q3,BA:Green-N | Midday,266,4.51,10.34,10.51,Critical,91.07,P1 - Primary Hotspot,2.0,Not Late,Not Severe,Eligible
BA:1771596:20250831,2025-08-28,BA:Green-N,901901,11:54:00,11:56:01,901302,12:05:00,12:06:37,42840,42961.0,43500,43597.0,11.0,10.6,1.6166666666666667,2.0166666666666666,-0.4000000000000003,2025-08,Thursday,0,2025-08-28,Thursday,2025-08,11,Midday,0,0,1.6167,1.1167,680,1,0.5,0,0,2025,8,August,Q3,BA:Green-N | Midday,266,4.51,10.34,10.51,Critical,91.07,P1 - Primary Hotspot,2.0,Not Late,Not Severe,Eligible
BA:1771600:20250831,2025-08-28,BA:Green-N,901901,13:14:00,13:15:07,901302,13:25:00,13:26:07,47640,47707.0,48300,48367.0,11.0,11.0,1.1166666666666667,1.1166666666666667,0.0,2025-08,Thursday,0,2025-08-28,Thursday,2025-08,13,Midday,0,0,1.1167,1.1167,680,1,0.0,0,0,2025,8,August,Q3,BA:Green-N | Midday,266,4.51,10.34,10.51,Critical,91.07,P1 - Primary Hotspot,2.0,Not Late,Not Severe,Eligible
BA:1771601:20250831,2025-08-28,BA:Green-N,901901,13:34:00,13:35:07,901302,13:45:00,13:46:07,48840,48907.0,49500,49567.0,11.0,11.0,1.1166666666666667,1.1166666666666667,0.0,2025-08,Thursday,0,2025-08-28,Thursday,2025-08,13,Midday,0,0,1.1167,1.1167,680,1,0.0,0,0,2025,8,August,Q3,BA:Green-N | Midday,266,4.51,10.34,10.51,Critical,91.07,P1 - Primary Hotspot,2.0,Not Late,Not Severe,Eligible
BA:1771781:20250831,2025-08-27,BA:Yellow-N,901902,24:08:00,24:11:30,901302,24:18:00,24:22:46,86880,87090.0,87480,87766.0,10.0,11.266666666666667,4.766666666666667,3.5,1.2666666666666675,2025-08,Wednesday,1,2025-08-28,Thursday,2025-08,0,Overnight,0,0,4.7667,1.4833,647,1,3.2833,0,0,2025,8,August,Q3,BA:Yellow-N | Overnight,335,26.27,7.33,68.28,Chronic,95.71,P1 - Primary Hotspot,1.0,Not Late,Not Severe,Eligible
BA:1771464:20250831,2025-08-29,BA:Blue-N,901901,07:13:00,07:14:07,901302,07:22:00,07:22:49,25980,26047.0,26520,26569.0,9.0,8.7,0.8166666666666667,1.1166666666666667,-0.3000000000000007,2025-08,Friday,0,2025-08-29,Friday,2025-08,7,Morning Peak,1,0,0.8167,0.8167,479,1,0.0,0,0,2025,8,August,Q3,BA:Blue-N | Morning Peak,88,1.14,7.27,0.6,Chronic,47.86,P3 - Reliability Watch,9.0,Not Late,Not Severe,Eligible
BA:1771466:20250831,2025-08-29,BA:Blue-N,901901,07:51:00,07:51:49,901302,08:02:00,08:02:49,28260,28309.0,28920,28969.0,11.0,11.0,0.8166666666666667,0.8166666666666667,0.0,2025-08,Friday,0,2025-08-29,Friday,2025-08,7,Morning Peak,1,0,0.8167,0.8167,479,1,0.0,0,0,2025,8,August,Q3,BA:Blue-N | Morning Peak,88,1.14,7.27,0.6,Chronic,47.86,P3 - Reliability Watch,9.0,Not Late,Not Severe,Eligible
BA:1771467:20250831,2025-08-29,BA:Blue-N,901901,08:11:00,08:11:49,901302,08:22:00,08:22:49,29460,29509.0,30120,30169.0,11.0,11.0,0.8166666666666667,0.8166666666666667,0.0,2025-08,Friday,0,2025-08-29,Friday,2025-08,8,Morning Peak,1,0,0.8167,0.8167,479,1,0.0,0,0,2025,8,August,Q3,BA:Blue-N | Morning Peak,88,1.14,7.27,0.6,Chronic,47.86,P3 - Reliability Watch,9.0,Not Late,Not Severe,Eligible
BA:1771469:20250831,2025-08-29,BA:Blue-N,901901,08:51:00,08:51:49,901302,09:02:00,09:02:49,31860,31909.0,32520,32569.0,11.0,11.0,0.8166666666666667,0.8166666666666667,0.0,2025-08,Friday,0,2025-08-29,Friday,2025-08,8,Morning Peak,1,0,0.8167,0.8167,479,1,0.0,0,0,2025,8,August,Q3,BA:Blue-N | Morning Peak,88,1.14,7.27,0.6,Chronic,47.86,P3 - Reliability Watch,9.0,Not Late,Not Severe,Eligible
BA:1771471:20250831,2025-08-29,BA:Blue-N,901901,09:31:00,09:31:49,901302,09:42:00,09:42:49,34260,34309.0,34920,34969.0,11.0,11.0,0.8166666666666667,0.8166666666666667,0.0,2025-08,Friday,0,2025-08-29,Friday,2025-08,9,Morning Peak,1,0,0.8167,0.8167,479,1,0.0,0,0,2025,8,August,Q3,BA:Blue-N | Morning Peak,88,1.14,7.27,0.6,Chronic,47.86,P3 - Reliability Watch,9.0,Not Late,Not Severe,Eligible
BA:1771575:20250831,2025-08-29,BA:Green-N,901901,04:54:00,04:55:37,901302,05:05:00,05:06:07,17640,17737.0,18300,18367.0,11.0,10.5,1.1166666666666667,1.6166666666666667,-0.5,2025-08,Friday,0,2025-08-29,Friday,2025-08,4,Overnight,0,0,1.1167,1.1167,680,1,0.0,0,0,2025,8,August,Q3,BA:Green-N | Overnight,181,2.76,7.14,5.79,Chronic,76.07,P1 - Primary Hotspot,3.0,Not Late,Not Severe,Eligible
BA:1771576:20250831,2025-08-29,BA:Green-N,901901,05:14:00,05:17:17,901302,05:25:00,05:27:42,18840,19037.0,19500,19662.0,11.0,10.416666666666666,2.7,3.283333333333333,-0.5833333333333339,2025-08,Friday,0,2025-08-29,Friday,2025-08,5,Overnight,0,0,2.7,1.1167,680,1,1.5833,0,0,2025,8,August,Q3,BA:Green-N | Overnight,181,2.76,7.14,5.79,Chronic,76.07,P1 - Primary Hotspot,3.0,Not Late,Not Severe,Eligible
BA:1771577:20250831,2025-08-29,BA:Green-N,901901,05:34:00,05:35:37,901302,05:45:00,05:46:07,20040,20137.0,20700,20767.0,11.0,10.5,1.1166666666666667,1.6166666666666667,-0.5,2025-08,Friday,0,2025-08-29,Friday,2025-08,5,Overnight,0,0,1.1167,1.1167,680,1,0.0,0,0,2025,8,August,Q3,BA:Green-N | Overnight,181,2.76,7.14,5.79,Chronic,76.07,P1 - Primary Hotspot,3.0,Not Late,Not Severe,Eligible
BA:1771578:20250831,2025-08-29,BA:Green-N,901901,05:54:00,06:04:05,901302,06:05:00,06:14:46,21240,21845.0,21900,22486.0,11.0,10.683333333333334,9.766666666666667,10.083333333333334,-0.3166666666666664,2025-08,Friday,0,2025-08-29,Friday,2025-08,5,Overnight,0,0,9.7667,1.1167,680,1,8.65,1,0,2025,8,August,Q3,BA:Green-N | Overnight,181,2.76,7.14,5.79,Chronic,76.07,P1 - Primary Hotspot,3.0,Late,Not Severe,Eligible
BA:1771579:20250831,2025-08-29,BA:Green-N,901901,06:14:00,06:15:07,901302,06:25:00,06:26:07,22440,22507.0,23100,23167.0,11.0,11.0,1.1166666666666667,1.1166666666666667,0.0,2025-08,Friday,0,2025-08-29,Friday,2025-08,6,Overnight,0,0,1.1167,1.1167,680,1,0.0,0,0,2025,8,August,Q3,BA:Green-N | Overnight,181,2.76,7.14,5.79,Chronic,76.07,P1 - Primary Hotspot,3.0,Not Late,Not Severe,Eligible
BA:1771580:20250831,2025-08-29,BA:Green-N,901901,06:34:00,06:35:07,901302,06:45:00,06:46:07,23640,23707.0,24300,24367.0,11.0,11.0,1.1166666666666667,1.1166666666666667,0.0,2025-08,Friday,0,2025-08-29,Friday,2025-08,6,Overnight,0,0,1.1167,1.1167,680,1,0.0,0,0,2025,8,August,Q3,BA:Green-N | Overnight,181,2.76,7.14,5.79,Chronic,76.07,P1 - Primary Hotspot,3.0,Not Late,Not Severe,Eligible
BA:1771581:20250831,2025-08-29,BA:Green-N,901901,06:54:00,06:55:07,901302,07:05:00,07:06:07,24840,24907.0,25500,25567.0,11.0,11.0,1.1166666666666667,1.1166666666666667,0.0,2025-08,Friday,0,2025-08-29,Friday,2025-08,6,Overnight,0,0,1.1167,1.1167,680,1,0.0,0,0,2025,8,August,Q3,BA:Green-N | Overnight,181,2.76,7.14,5.79,Chronic,76.07,P1 - Primary Hotspot,3.0,Not Late,Not Severe,Eligible
BA:1771583:20250831,2025-08-29,BA:Green-N,901901,07:34:00,07:35:07,901302,07:45:00,07:46:07,27240,27307.0,27900,27967.0,11.0,11.0,1.1166666666666667,1.1166666666666667,0.0,2025-08,Friday,0,2025-08-29,Friday,2025-08,7,Morning Peak,1,0,1.1167,1.1167,680,1,0.0,0,0,2025,8,August,Q3,BA:Green-N | Morning Peak,142,2.82,6.27,1.81,Chronic,59.64,P3 - Reliability Watch,7.0,Not Late,Not Severe,Eligible
BA:1771584:20250831,2025-08-29,BA:Green-N,901901,07:54:00,07:55:19,901302,08:05:00,08:06:07,28440,28519.0,29100,29167.0,11.0,10.8,1.1166666666666667,1.3166666666666669,-0.1999999999999993,2025-08,Friday,0,2025-08-29,Friday,2025-08,7,Morning Peak,1,0,1.1167,1.1167,680,1,0.0,0,0,2025,8,August,Q3,BA:Green-N | Morning Peak,142,2.82,6.27,1.81,Chronic,59.64,P3 - Reliability Watch,7.0,Not Late,Not Severe,Eligible
BA:1771585:20250831,2025-08-29,BA:Green-N,901901,08:14:00,08:15:07,901302,08:25:00,08:26:07,29640,29707.0,30300,30367.0,11.0,11.0,1.1166666666666667,1.1166666666666667,0.0,2025-08,Friday,0,2025-08-29,Friday,2025-08,8,Morning Peak,1,0,1.1167,1.1167,680,1,0.0,0,0,2025,8,August,Q3,BA:Green-N | Morning Peak,142,2.82,6.27,1.81,Chronic,59.64,P3 - Reliability Watch,7.0,Not Late,Not Severe,Eligible
BA:1771586:20250831,2025-08-29,BA:Green-N,901901,08:34:00,08:35:07,901302,08:45:00,08:46:07,30840,30907.0,31500,31567.0,11.0,11.0,1.1166666666666667,1.1166666666666667,0.0,2025-08,Friday,0,2025-08-29,Friday,2025-08,8,Morning Peak,1,0,1.1167,1.1167,680,1,0.0,0,0,2025,8,August,Q3,BA:Green-N | Morning Peak,142,2.82,6.27,1.81,Chronic,59.64,P3 - Reliability Watch,7.0,Not Late,Not Severe,Eligible
BA:1771587:20250831,2025-08-29,BA:Green-N,901901,08:54:00,08:55:07,901302,09:05:00,09:06:07,32040,32107.0,32700,32767.0,11.0,11.0,1.1166666666666667,1.1166666666666667,0.0,2025-08,Friday,0,2025-08-29,Friday,2025-08,8,Morning Peak,1,0,1.1167,1.1167,680,1,0.0,0,0,2025,8,August,Q3,BA:Green-N | Morning Peak,142,2.82,6.27,1.81,Chronic,59.64,P3 - Reliability Watch,7.0,Not Late,Not Severe,Eligible
BA:1771588:20250831,2025-08-29,BA:Green-N,901901,09:14:00,09:21:23,901302,09:25:00,09:31:56,33240,33683.0,33900,34316.0,11.0,10.55,6.933333333333334,7.383333333333334,-0.4499999999999993,2025-08,Friday,0,2025-08-29,Friday,2025-08,9,Morning Peak,1,0,6.9333,1.1167,680,1,5.8167,1,0,2025,8,August,Q3,BA:Green-N | Morning Peak,142,2.82,6.27,1.81,Chronic,59.64,P3 - Reliability Watch,7.0,Late,Not Severe,Eligible
BA:1771589:20250831,2025-08-29,BA:Green-N,901901,09:34:00,09:39:27,901302,09:45:00,09:50:01,34440,34767.0,35100,35401.0,11.0,10.566666666666666,5.016666666666667,5.45,-0.4333333333333335,2025-08,Friday,0,2025-08-29,Friday,2025-08,9,Morning Peak,1,0,5.0167,1.1167,680,1,3.9,1,0,2025,8,August,Q3,BA:Green-N | Morning Peak,142,2.82,6.27,1.81,Chronic,59.64,P3 - Reliability Watch,7.0,Late,Not Severe,Eligible
BA:1771590:20250831,2025-08-29,BA:Green-N,901901,09:54:00,10:00:00,901302,10:05:00,10:10:30,35640,36000.0,36300,36630.0,11.0,10.5,5.5,6.0,-0.5,2025-08,Friday,0,2025-08-29,Friday,2025-08,9,Morning Peak,1,0,5.5,1.1167,680,1,4.3833,1,0,2025,8,August,Q3,BA:Green-N | Morning Peak,142,2.82,6.27,1.81,Chronic,59.64,P3 - Reliability Watch,7.0,Late,Not Severe,Eligible
BA:1771592:20250831,2025-08-29,BA:Green-N,901901,10:34:00,10:35:07,901302,10:45:00,10:46:07,38040,38107.0,38700,38767.0,11.0,11.0,1.1166666666666667,1.1166666666666667,0.0,2025-08,Friday,0,2025-08-29,Friday,2025-08,10,Midday,0,0,1.1167,1.1167,680,1,0.0,0,0,2025,8,August,Q3,BA:Green-N | Midday,266,4.51,10.34,10.51,Critical,91.07,P1 - Primary Hotspot,2.0,Not Late,Not Severe,Eligible
BA:1771593:20250831,2025-08-29,BA:Green-N,901901,10:54:00,10:55:07,901302,11:05:00,11:06:07,39240,39307.0,39900,39967.0,11.0,11.0,1.1166666666666667,1.1166666666666667,0.0,2025-08,Friday,0,2025-08-29,Friday,2025-08,10,Midday,0,0,1.1167,1.1167,680,1,0.0,0,0,2025,8,August,Q3,BA:Green-N | Midday,266,4.51,10.34,10.51,Critical,91.07,P1 - Primary Hotspot,2.0,Not Late,Not Severe,Eligible
BA:1771594:20250831,2025-08-29,BA:Green-N,901901,11:14:00,11:15:07,901302,11:25:00,11:26:07,40440,40507.0,41100,41167.0,11.0,11.0,1.1166666666666667,1.1166666666666667,0.0,2025-08,Friday,0,2025-08-29,Friday,2025-08,11,Midday,0,0,1.1167,1.1167,680,1,0.0,0,0,2025,8,August,Q3,BA:Green-N | Midday,266,4.51,10.34,10.51,Critical,91.07,P1 - Primary Hotspot,2.0,Not Late,Not Severe,Eligible
BA:1771595:20250831,2025-08-29,BA:Green-N,901901,11:34:00,11:35:07,901302,11:45:00,11:46:07,41640,41707.0,42300,42367.0,11.0,11.0,1.1166666666666667,1.1166666666666667,0.0,2025-08,Friday,0,2025-08-29,Friday,2025-08,11,Midday,0,0,1.1167,1.1167,680,1,0.0,0,0,2025,8,August,Q3,BA:Green-N | Midday,266,4.51,10.34,10.51,Critical,91.07,P1 - Primary Hotspot,2.0,Not Late,Not Severe,Eligible
BA:1771596:20250831,2025-08-29,BA:Green-N,901901,11:54:00,11:56:04,901302,12:05:00,12:06:07,42840,42964.0,43500,43567.0,11.0,10.05,1.1166666666666667,2.066666666666667,-0.9499999999999992,2025-08,Friday,0,2025-08-29,Friday,2025-08,11,Midday,0,0,1.1167,1.1167,680,1,0.0,0,0,2025,8,August,Q3,BA:Green-N | Midday,266,4.51,10.34,10.51,Critical,91.07,P1 - Primary Hotspot,2.0,Not Late,Not Severe,Eligible
BA:1771597:20250831,2025-08-29,BA:Green-N,901901,12:14:00,12:15:07,901302,12:25:00,12:26:07,44040,44107.0,44700,44767.0,11.0,11.0,1.1166666666666667,1.1166666666666667,0.0,2025-08,Friday,0,2025-08-29,Friday,2025-08,12,Midday,0,0,1.1167,1.1167,680,1,0.0,0,0,2025,8,August,Q3,BA:Green-N | Midday,266,4.51,10.34,10.51,Critical,91.07,P1 - Primary Hotspot,2.0,Not Late,Not Severe,Eligible
BA:1771598:20250831,2025-08-29,BA:Green-N,901901,12:34:00,12:39:09,901302,12:45:00,12:49:38,45240,45549.0,45900,46178.0,11.0,10.483333333333333,4.633333333333334,5.15,-0.5166666666666675,2025-08,Friday,0,2025-08-29,Friday,2025-08,12,Midday,0,0,4.6333,1.1167,680,1,3.5167,0,0,2025,8,August,Q3,BA:Green-N | Midday,266,4.51,10.34,10.51,Critical,91.07,P1 - Primary Hotspot,2.0,Not Late,Not Severe,Eligible
BA:1771599:20250831,2025-08-29,BA:Green-N,901901,12:54:00,12:56:25,901302,13:05:00,13:06:59,46440,46585.0,47100,47219.0,11.0,10.566666666666666,1.9833333333333336,2.4166666666666665,-0.4333333333333335,2025-08,Friday,0,2025-08-29,Friday,2025-08,12,Midday,0,0,1.9833,1.1167,680,1,0.8667,0,0,2025,8,August,Q3,BA:Green-N | Midday,266,4.51,10.34,10.51,Critical,91.07,P1 - Primary Hotspot,2.0,Not Late,Not Severe,Eligible
BA:1771600:20250831,2025-08-29,BA:Green-N,901901,13:14:00,13:15:07,901302,13:25:00,13:26:07,47640,47707.0,48300,48367.0,11.0,11.0,1.1166666666666667,1.1166666666666667,0.0,2025-08,Friday,0,2025-08-29,Friday,2025-08,13,Midday,0,0,1.1167,1.1167,680,1,0.0,0,0,2025,8,August,Q3,BA:Green-N | Midday,266,4.51,10.34,10.51,Critical,91.07,P1 - Primary Hotspot,2.0,Not Late,Not Severe,Eligible
BA:1771601:20250831,2025-08-29,BA:Green-N,901901,13:34:00,13:35:07,901302,13:45:00,13:46:07,48840,48907.0,49500,49567.0,11.0,11.0,1.1166666666666667,1.1166666666666667,0.0,2025-08,Friday,0,2025-08-29,Friday,2025-08,13,Midday,0,0,1.1167,1.1167,680,1,0.0,0,0,2025,8,August,Q3,BA:Green-N | Midday,266,4.51,10.34,10.51,Critical,91.07,P1 - Primary Hotspot,2.0,Not Late,Not Severe,Eligible
BA:1771602:20250831,2025-08-29,BA:Green-N,901901,13:54:00,13:55:07,901302,14:05:00,14:06:07,50040,50107.0,50700,50767.0,11.0,11.0,1.1166666666666667,1.1166666666666667,0.0,2025-08,Friday,0,2025-08-29,Friday,2025-08,13,Midday,0,0,1.1167,1.1167,680,1,0.0,0,0,2025,8,August,Q3,BA:Green-N | Midday,266,4.51,10.34,10.51,Critical,91.07,P1 - Primary Hotspot,2.0,Not Late,Not Severe,Eligible
BA:1771603:20250831,2025-08-29,BA:Green-N,901901,14:14:00,14:15:07,901302,14:25:00,14:26:07,51240,51307.0,51900,51967.0,11.0,11.0,1.1166666666666667,1.1166666666666667,0.0,2025-08,Friday,0,2025-08-29,Friday,2025-08,14,Midday,0,0,1.1167,1.1167,680,1,0.0,0,0,2025,8,August,Q3,BA:Green-N | Midday,266,4.51,10.34,10.51,Critical,91.07,P1 - Primary Hotspot,2.0,Not Late,Not Severe,Eligible
BA:1771604:20250831,2025-08-29,BA:Green-N,901901,14:34:00,14:35:07,901302,14:45:00,14:46:07,52440,52507.0,53100,53167.0,11.0,11.0,1.1166666666666667,1.1166666666666667,0.0,2025-08,Friday,0,2025-08-29,Friday,2025-08,14,Midday,0,0,1.1167,1.1167,680,1,0.0,0,0,2025,8,August,Q3,BA:Green-N | Midday,266,4.51,10.34,10.51,Critical,91.07,P1 - Primary Hotspot,2.0,Not Late,Not Severe,Eligible
BA:1771605:20250831,2025-08-29,BA:Green-N,901901,14:54:00,15:05:07,901302,15:05:00,15:15:43,53640,54307.0,54300,54943.0,11.0,10.6,10.716666666666669,11.116666666666667,-0.4000000000000003,2025-08,Friday,0,2025-08-29,Friday,2025-08,14,Midday,0,0,10.7167,1.1167,680,1,9.6,1,1,2025,8,August,Q3,BA:Green-N | Midday,266,4.51,10.34,10.51,Critical,91.07,P1 - Primary Hotspot,2.0,Late,Severe Delay,Eligible
BA:1771608:20250831,2025-08-29,BA:Green-N,901901,15:54:00,15:55:07,901302,16:05:00,16:06:07,57240,57307.0,57900,57967.0,11.0,11.0,1.1166666666666667,1.1166666666666667,0.0,2025-08,Friday,0,2025-08-29,Friday,2025-08,15,Midday,0,0,1.1167,1.1167,680,1,0.0,0,0,2025,8,August,Q3,BA:Green-N | Midday,266,4.51,10.34,10.51,Critical,91.07,P1 - Primary Hotspot,2.0,Not Late,Not Severe,Eligible
BA:1771615:20250831,2025-08-29,BA:Green-N,901902,18:14:00,18:30:42,901302,18:25:00,18:41:25,65640,66642.0,66300,67285.0,11.0,10.716666666666669,16.416666666666668,16.7,-0.2833333333333332,2025-08,Friday,0,2025-08-29,Friday,2025-08,18,Evening Peak,0,1,16.4167,1.1167,680,1,15.3,1,1,2025,8,August,Q3,BA:Green-N | Evening Peak,76,5.26,9.22,3.05,Critical,78.93,P3 - Reliability Watch,5.0,Late,Severe Delay,Eligible
BA:1771781:20250831,2025-08-28,BA:Yellow-N,901902,24:08:00,24:09:05,901302,24:18:00,24:21:17,86880,86945.0,87480,87677.0,10.0,12.2,3.283333333333333,1.0833333333333333,2.1999999999999993,2025-08,Thursday,1,2025-08-29,Friday,2025-08,0,Overnight,0,0,3.2833,1.4833,647,1,1.8,0,0,2025,8,August,Q3,BA:Yellow-N | Overnight,335,26.27,7.33,68.28,Chronic,95.71,P1 - Primary Hotspot,1.0,Not Late,Not Severe,Eligible
BA:1771781:20250831,2025-08-29,BA:Yellow-N,901902,24:08:00,24:11:37,901302,24:18:00,24:23:57,86880,87097.0,87480,87837.0,10.0,12.333333333333334,5.95,3.6166666666666663,2.333333333333334,2025-08,Friday,1,2025-08-30,Saturday,2025-08,0,Overnight,0,0,5.95,1.4833,647,1,4.4667,1,0,2025,8,August,Q3,BA:Yellow-N | Overnight,335,26.27,7.33,68.28,Chronic,95.71,P1 - Primary Hotspot,1.0,Late,Not Severe,Eligible
BA:1760116:20250930,2025-09-01,BA:Blue-N,901901,16:51:00,16:51:49,901302,17:02:00,17:02:49,60660,60709.0,61320,61369.0,11.0,11.0,0.8166666666666667,0.8166666666666667,0.0,2025-09,Monday,0,2025-09-01,Monday,2025-09,16,Evening Peak,0,1,0.8167,0.8167,479,1,0.0,0,0,2025,9,September,Q3,BA:Blue-N | Evening Peak,89,0.0,,0.11,Reliable,23.57,Monitor,11.0,Not Late,Not Severe,Eligible
BA:1772876:20250930,2025-09-01,BA:Green-N,901901,07:54:00,07:55:07,901302,08:05:00,08:06:07,28440,28507.0,29100,29167.0,11.0,11.0,1.1166666666666667,1.1166666666666667,0.0,2025-09,Monday,0,2025-09-01,Monday,2025-09,7,Morning Peak,1,0,1.1167,1.1167,680,1,0.0,0,0,2025,9,September,Q3,BA:Green-N | Morning Peak,142,2.82,6.27,1.81,Chronic,59.64,P3 - Reliability Watch,7.0,Not Late,Not Severe,Eligible
BA:1759825:20250930,2025-09-01,BA:Green-N,901901,08:14:00,08:15:07,901302,08:25:00,08:26:07,29640,29707.0,30300,30367.0,11.0,11.0,1.1166666666666667,1.1166666666666667,0.0,2025-09,Monday,0,2025-09-01,Monday,2025-09,8,Morning Peak,1,0,1.1167,1.1167,680,1,0.0,0,0,2025,9,September,Q3,BA:Green-N | Morning Peak,142,2.82,6.27,1.81,Chronic,59.64,P3 - Reliability Watch,7.0,Not Late,Not Severe,Eligible
BA:1759826:20250930,2025-09-01,BA:Green-N,901901,08:34:00,08:35:07,901302,08:45:00,08:46:07,30840,30907.0,31500,31567.0,11.0,11.0,1.1166666666666667,1.1166666666666667,0.0,2025-09,Monday,0,2025-09-01,Monday,2025-09,8,Morning Peak,1,0,1.1167,1.1167,680,1,0.0,0,0,2025,9,September,Q3,BA:Green-N | Morning Peak,142,2.82,6.27,1.81,Chronic,59.64,P3 - Reliability Watch,7.0,Not Late,Not Severe,Eligible
BA:1772875:20250930,2025-09-01,BA:Green-N,901901,08:54:00,08:55:03,901302,09:05:00,09:06:03,32040,32103.0,32700,32763.0,11.0,11.0,1.05,1.05,0.0,2025-09,Monday,0,2025-09-01,Monday,2025-09,8,Morning Peak,1,0,1.05,1.1167,680,1,0.0,0,0,2025,9,September,Q3,BA:Green-N | Morning Peak,142,2.82,6.27,1.81,Chronic,59.64,P3 - Reliability Watch,7.0,Not Late,Not Severe,Eligible
BA:1759828:20250930,2025-09-01,BA:Green-N,901901,09:14:00,09:15:07,901302,09:25:00,09:26:07,33240,33307.0,33900,33967.0,11.0,11.0,1.1166666666666667,1.1166666666666667,0.0,2025-09,Monday,0,2025-09-01,Monday,2025-09,9,Morning Peak,1,0,1.1167,1.1167,680,1,0.0,0,0,2025,9,September,Q3,BA:Green-N | Morning Peak,142,2.82,6.27,1.81,Chronic,59.64,P3 - Reliability Watch,7.0,Not Late,Not Severe,Eligible
BA:1759829:20250930,2025-09-01,BA:Green-N,901901,09:34:00,09:35:07,901302,09:45:00,09:46:07,34440,34507.0,35100,35167.0,11.0,11.0,1.1166666666666667,1.1166666666666667,0.0,2025-09,Monday,0,2025-09-01,Monday,2025-09,9,Morning Peak,1,0,1.1167,1.1167,680,1,0.0,0,0,2025,9,September,Q3,BA:Green-N | Morning Peak,142,2.82,6.27,1.81,Chronic,59.64,P3 - Reliability Watch,7.0,Not Late,Not Severe,Eligible
BA:1759830:20250930,2025-09-01,BA:Green-N,901901,09:54:00,09:55:07,901302,10:05:00,10:06:07,35640,35707.0,36300,36367.0,11.0,11.0,1.1166666666666667,1.1166666666666667,0.0,2025-09,Monday,0,2025-09-01,Monday,2025-09,9,Morning Peak,1,0,1.1167,1.1167,680,1,0.0,0,0,2025,9,September,Q3,BA:Green-N | Morning Peak,142,2.82,6.27,1.81,Chronic,59.64,P3 - Reliability Watch,7.0,Not Late,Not Severe,Eligible
BA:1759836:20250930,2025-09-01,BA:Green-N,901901,11:54:00,11:55:07,901302,12:05:00,12:06:07,42840,42907.0,43500,43567.0,11.0,11.0,1.1166666666666667,1.1166666666666667,0.0,2025-09,Monday,0,2025-09-01,Monday,2025-09,11,Midday,0,0,1.1167,1.1167,680,1,0.0,0,0,2025,9,September,Q3,BA:Green-N | Midday,266,4.51,10.34,10.51,Critical,91.07,P1 - Primary Hotspot,2.0,Not Late,Not Severe,Eligible
BA:1759837:20250930,2025-09-01,BA:Green-N,901901,12:14:00,12:15:07,901302,12:25:00,12:26:07,44040,44107.0,44700,44767.0,11.0,11.0,1.1166666666666667,1.1166666666666667,0.0,2025-09,Monday,0,2025-09-01,Monday,2025-09,12,Midday,0,0,1.1167,1.1167,680,1,0.0,0,0,2025,9,September,Q3,BA:Green-N | Midday,266,4.51,10.34,10.51,Critical,91.07,P1 - Primary Hotspot,2.0,Not Late,Not Severe,Eligible
BA:1759838:20250930,2025-09-01,BA:Green-N,901901,12:34:00,12:35:07,901302,12:45:00,12:46:07,45240,45307.0,45900,45967.0,11.0,11.0,1.1166666666666667,1.1166666666666667,0.0,2025-09,Monday,0,2025-09-01,Monday,2025-09,12,Midday,0,0,1.1167,1.1167,680,1,0.0,0,0,2025,9,September,Q3,BA:Green-N | Midday,266,4.51,10.34,10.51,Critical,91.07,P1 - Primary Hotspot,2.0,Not Late,Not Severe,Eligible
BA:1759839:20250930,2025-09-01,BA:Green-N,901901,12:54:00,12:55:07,901302,13:05:00,13:06:07,46440,46507.0,47100,47167.0,11.0,11.0,1.1166666666666667,1.1166666666666667,0.0,2025-09,Monday,0,2025-09-01,Monday,2025-09,12,Midday,0,0,1.1167,1.1167,680,1,0.0,0,0,2025,9,September,Q3,BA:Green-N | Midday,266,4.51,10.34,10.51,Critical,91.07,P1 - Primary Hotspot,2.0,Not Late,Not Severe,Eligible
BA:1759840:20250930,2025-09-01,BA:Green-N,901901,13:14:00,13:15:07,901302,13:25:00,13:26:07,47640,47707.0,48300,48367.0,11.0,11.0,1.1166666666666667,1.1166666666666667,0.0,2025-09,Monday,0,2025-09-01,Monday,2025-09,13,Midday,0,0,1.1167,1.1167,680,1,0.0,0,0,2025,9,September,Q3,BA:Green-N | Midday,266,4.51,10.34,10.51,Critical,91.07,P1 - Primary Hotspot,2.0,Not Late,Not Severe,Eligible
BA:1759841:20250930,2025-09-01,BA:Green-N,901901,13:34:00,13:35:07,901302,13:45:00,13:46:07,48840,48907.0,49500,49567.0,11.0,11.0,1.1166666666666667,1.1166666666666667,0.0,2025-09,Monday,0,2025-09-01,Monday,2025-09,13,Midday,0,0,1.1167,1.1167,680,1,0.0,0,0,2025,9,September,Q3,BA:Green-N | Midday,266,4.51,10.34,10.51,Critical,91.07,P1 - Primary Hotspot,2.0,Not Late,Not Severe,Eligible
BA:1759842:20250930,2025-09-01,BA:Green-N,901901,13:54:00,13:55:07,901302,14:05:00,14:06:07,50040,50107.0,50700,50767.0,11.0,11.0,1.1166666666666667,1.1166666666666667,0.0,2025-09,Monday,0,2025-09-01,Monday,2025-09,13,Midday,0,0,1.1167,1.1167,680,1,0.0,0,0,2025,9,September,Q3,BA:Green-N | Midday,266,4.51,10.34,10.51,Critical,91.07,P1 - Primary Hotspot,2.0,Not Late,Not Severe,Eligible
BA:1759843:20250930,2025-09-01,BA:Green-N,901901,14:14:00,14:15:07,901302,14:25:00,14:26:07,51240,51307.0,51900,51967.0,11.0,11.0,1.1166666666666667,1.1166666666666667,0.0,2025-09,Monday,0,2025-09-01,Monday,2025-09,14,Midday,0,0,1.1167,1.1167,680,1,0.0,0,0,2025,9,September,Q3,BA:Green-N | Midday,266,4.51,10.34,10.51,Critical,91.07,P1 - Primary Hotspot,2.0,Not Late,Not Severe,Eligible
BA:1759844:20250930,2025-09-01,BA:Green-N,901901,14:34:00,14:35:07,901302,14:45:00,14:46:07,52440,52507.0,53100,53167.0,11.0,11.0,1.1166666666666667,1.1166666666666667,0.0,2025-09,Monday,0,2025-09-01,Monday,2025-09,14,Midday,0,0,1.1167,1.1167,680,1,0.0,0,0,2025,9,September,Q3,BA:Green-N | Midday,266,4.51,10.34,10.51,Critical,91.07,P1 - Primary Hotspot,2.0,Not Late,Not Severe,Eligible
BA:1771575:20250930,2025-09-02,BA:Green-N,901901,04:54:00,04:55:41,901302,05:05:00,05:06:07,17640,17741.0,18300,18367.0,11.0,10.433333333333334,1.1166666666666667,1.6833333333333331,-0.5666666666666664,2025-09,Tuesday,0,2025-09-02,Tuesday,2025-09,4,Overnight,0,0,1.1167,1.1167,680,1,0.0,0,0,2025,9,September,Q3,BA:Green-N | Overnight,181,2.76,7.14,5.79,Chronic,76.07,P1 - Primary Hotspot,3.0,Not Late,Not Severe,Eligible
BA:1771576:20250930,2025-09-02,BA:Green-N,901901,05:14:00,05:20:01,901302,05:25:00,05:30:22,18840,19201.0,19500,19822.0,11.0,10.35,5.366666666666666,6.016666666666667,-0.6500000000000004,2025-09,Tuesday,0,2025-09-02,Tuesday,2025-09,5,Overnight,0,0,5.3667,1.1167,680,1,4.25,1,0,2025,9,September,Q3,BA:Green-N | Overnight,181,2.76,7.14,5.79,Chronic,76.07,P1 - Primary Hotspot,3.0,Late,Not Severe,Eligible
BA:1771577:20250930,2025-09-02,BA:Green-N,901901,05:34:00,05:35:07,901302,05:45:00,05:46:07,20040,20107.0,20700,20767.0,11.0,11.0,1.1166666666666667,1.1166666666666667,0.0,2025-09,Tuesday,0,2025-09-02,Tuesday,2025-09,5,Overnight,0,0,1.1167,1.1167,680,1,0.0,0,0,2025,9,September,Q3,BA:Green-N | Overnight,181,2.76,7.14,5.79,Chronic,76.07,P1 - Primary Hotspot,3.0,Not Late,Not Severe,Eligible
BA:1771578:20250930,2025-09-02,BA:Green-N,901901,05:54:00,05:55:07,901302,06:05:00,06:06:07,21240,21307.0,21900,21967.0,11.0,11.0,1.1166666666666667,1.1166666666666667,0.0,2025-09,Tuesday,0,2025-09-02,Tuesday,2025-09,5,Overnight,0,0,1.1167,1.1167,680,1,0.0,0,0,2025,9,September,Q3,BA:Green-N | Overnight,181,2.76,7.14,5.79,Chronic,76.07,P1 - Primary Hotspot,3.0,Not Late,Not Severe,Eligible
BA:1771579:20250930,2025-09-02,BA:Green-N,901901,06:14:00,06:15:07,901302,06:25:00,06:26:07,22440,22507.0,23100,23167.0,11.0,11.0,1.1166666666666667,1.1166666666666667,0.0,2025-09,Tuesday,0,2025-09-02,Tuesday,2025-09,6,Overnight,0,0,1.1167,1.1167,680,1,0.0,0,0,2025,9,September,Q3,BA:Green-N | Overnight,181,2.76,7.14,5.79,Chronic,76.07,P1 - Primary Hotspot,3.0,Not Late,Not Severe,Eligible
BA:1771588:20250930,2025-09-02,BA:Green-N,901901,09:14:00,09:15:07,901302,09:25:00,09:26:07,33240,33307.0,33900,33967.0,11.0,11.0,1.1166666666666667,1.1166666666666667,0.0,2025-09,Tuesday,0,2025-09-02,Tuesday,2025-09,9,Morning Peak,1,0,1.1167,1.1167,680,1,0.0,0,0,2025,9,September,Q3,BA:Green-N | Morning Peak,142,2.82,6.27,1.81,Chronic,59.64,P3 - Reliability Watch,7.0,Not Late,Not Severe,Eligible
BA:1771589:20250930,2025-09-02,BA:Green-N,901901,09:34:00,09:35:07,901302,09:45:00,09:46:07,34440,34507.0,35100,35167.0,11.0,11.0,1.1166666666666667,1.1166666666666667,0.0,2025-09,Tuesday,0,2025-09-02,Tuesday,2025-09,9,Morning Peak,1,0,1.1167,1.1167,680,1,0.0,0,0,2025,9,September,Q3,BA:Green-N | Morning Peak,142,2.82,6.27,1.81,Chronic,59.64,P3 - Reliability Watch,7.0,Not Late,Not Severe,Eligible
BA:1771590:20250930,2025-09-02,BA:Green-N,901901,09:54:00,09:55:07,901302,10:05:00,10:06:07,35640,35707.0,36300,36367.0,11.0,11.0,1.1166666666666667,1.1166666666666667,0.0,2025-09,Tuesday,0,2025-09-02,Tuesday,2025-09,9,Morning Peak,1,0,1.1167,1.1167,680,1,0.0,0,0,2025,9,September,Q3,BA:Green-N | Morning Peak,142,2.82,6.27,1.81,Chronic,59.64,P3 - Reliability Watch,7.0,Not Late,Not Severe,Eligible
BA:1771596:20250930,2025-09-02,BA:Green-N,901901,11:54:00,11:55:07,901302,12:05:00,12:06:07,42840,42907.0,43500,43567.0,11.0,11.0,1.1166666666666667,1.1166666666666667,0.0,2025-09,Tuesday,0,2025-09-02,Tuesday,2025-09,11,Midday,0,0,1.1167,1.1167,680,1,0.0,0,0,2025,9,September,Q3,BA:Green-N | Midday,266,4.51,10.34,10.51,Critical,91.07,P1 - Primary Hotspot,2.0,Not Late,Not Severe,Eligible
BA:1771597:20250930,2025-09-02,BA:Green-N,901901,12:14:00,12:15:07,901302,12:25:00,12:26:07,44040,44107.0,44700,44767.0,11.0,11.0,1.1166666666666667,1.1166666666666667,0.0,2025-09,Tuesday,0,2025-09-02,Tuesday,2025-09,12,Midday,0,0,1.1167,1.1167,680,1,0.0,0,0,2025,9,September,Q3,BA:Green-N | Midday,266,4.51,10.34,10.51,Critical,91.07,P1 - Primary Hotspot,2.0,Not Late,Not Severe,Eligible
BA:1771598:20250930,2025-09-02,BA:Green-N,901901,12:34:00,12:35:07,901302,12:45:00,12:46:07,45240,45307.0,45900,45967.0,11.0,11.0,1.1166666666666667,1.1166666666666667,0.0,2025-09,Tuesday,0,2025-09-02,Tuesday,2025-09,12,Midday,0,0,1.1167,1.1167,680,1,0.0,0,0,2025,9,September,Q3,BA:Green-N | Midday,266,4.51,10.34,10.51,Critical,91.07,P1 - Primary Hotspot,2.0,Not Late,Not Severe,Eligible
BA:1771599:20250930,2025-09-02,BA:Green-N,901901,12:54:00,12:55:07,901302,13:05:00,13:06:07,46440,46507.0,47100,47167.0,11.0,11.0,1.1166666666666667,1.1166666666666667,0.0,2025-09,Tuesday,0,2025-09-02,Tuesday,2025-09,12,Midday,0,0,1.1167,1.1167,680,1,0.0,0,0,2025,9,September,Q3,BA:Green-N | Midday,266,4.51,10.34,10.51,Critical,91.07,P1 - Primary Hotspot,2.0,Not Late,Not Severe,Eligible
BA:1771600:20250930,2025-09-02,BA:Green-N,901901,13:14:00,13:15:07,901302,13:25:00,13:26:07,47640,47707.0,48300,48367.0,11.0,11.0,1.1166666666666667,1.1166666666666667,0.0,2025-09,Tuesday,0,2025-09-02,Tuesday,2025-09,13,Midday,0,0,1.1167,1.1167,680,1,0.0,0,0,2025,9,September,Q3,BA:Green-N | Midday,266,4.51,10.34,10.51,Critical,91.07,P1 - Primary Hotspot,2.0,Not Late,Not Severe,Eligible
BA:1771602:20250930,2025-09-02,BA:Green-N,901901,13:54:00,13:55:07,901302,14:05:00,14:06:07,50040,50107.0,50700,50767.0,11.0,11.0,1.1166666666666667,1.1166666666666667,0.0,2025-09,Tuesday,0,2025-09-02,Tuesday,2025-09,13,Midday,0,0,1.1167,1.1167,680,1,0.0,0,0,2025,9,September,Q3,BA:Green-N | Midday,266,4.51,10.34,10.51,Critical,91.07,P1 - Primary Hotspot,2.0,Not Late,Not Severe,Eligible
BA:1771606:20250930,2025-09-02,BA:Green-N,901901,15:14:00,15:15:07,901302,15:25:00,15:26:07,54840,54907.0,55500,55567.0,11.0,11.0,1.1166666666666667,1.1166666666666667,0.0,2025-09,Tuesday,0,2025-09-02,Tuesday,2025-09,15,Midday,0,0,1.1167,1.1167,680,1,0.0,0,0,2025,9,September,Q3,BA:Green-N | Midday,266,4.51,10.34,10.51,Critical,91.07,P1 - Primary Hotspot,2.0,Not Late,Not Severe,Eligible
BA:1771608:20250930,2025-09-02,BA:Green-N,901901,15:54:00,15:55:07,901302,16:05:00,16:06:07,57240,57307.0,57900,57967.0,11.0,11.0,1.1166666666666667,1.1166666666666667,0.0,2025-09,Tuesday,0,2025-09-02,Tuesday,2025-09,15,Midday,0,0,1.1167,1.1167,680,1,0.0,0,0,2025,9,September,Q3,BA:Green-N | Midday,266,4.51,10.34,10.51,Critical,91.07,P1 - Primary Hotspot,2.0,Not Late,Not Severe,Eligible
BA:1771609:20250930,2025-09-02,BA:Green-N,901901,16:14:00,16:15:07,901302,16:25:00,16:26:07,58440,58507.0,59100,59167.0,11.0,11.0,1.1166666666666667,1.1166666666666667,0.0,2025-09,Tuesday,0,2025-09-02,Tuesday,2025-09,16,Evening Peak,0,1,1.1167,1.1167,680,1,0.0,0,0,2025,9,September,Q3,BA:Green-N | Evening Peak,76,5.26,9.22,3.05,Critical,78.93,P3 - Reliability Watch,5.0,Not Late,Not Severe,Eligible
BA:1771610:20250930,2025-09-02,BA:Green-N,901901,16:34:00,16:35:07,901302,16:45:00,16:46:07,59640,59707.0,60300,60367.0,11.0,11.0,1.1166666666666667,1.1166666666666667,0.0,2025-09,Tuesday,0,2025-09-02,Tuesday,2025-09,16,Evening Peak,0,1,1.1167,1.1167,680,1,0.0,0,0,2025,9,September,Q3,BA:Green-N | Evening Peak,76,5.26,9.22,3.05,Critical,78.93,P3 - Reliability Watch,5.0,Not Late,Not Severe,Eligible
BA:1771611:20250930,2025-09-02,BA:Green-N,901901,16:54:00,16:55:07,901302,17:05:00,17:06:07,60840,60907.0,61500,61567.0,11.0,11.0,1.1166666666666667,1.1166666666666667,0.0,2025-09,Tuesday,0,2025-09-02,Tuesday,2025-09,16,Evening Peak,0,1,1.1167,1.1167,680,1,0.0,0,0,2025,9,September,Q3,BA:Green-N | Evening Peak,76,5.26,9.22,3.05,Critical,78.93,P3 - Reliability Watch,5.0,Not Late,Not Severe,Eligible
BA:1771614:20250930,2025-09-02,BA:Green-N,901901,17:54:00,17:55:07,901302,18:05:00,18:06:07,64440,64507.0,65100,65167.0,11.0,11.0,1.1166666666666667,1.1166666666666667,0.0,2025-09,Tuesday,0,2025-09-02,Tuesday,2025-09,17,Evening Peak,0,1,1.1167,1.1167,680,1,0.0,0,0,2025,9,September,Q3,BA:Green-N | Evening Peak,76,5.26,9.22,3.05,Critical,78.93,P3 - Reliability Watch,5.0,Not Late,Not Severe,Eligible
BA:1771615:20250930,2025-09-02,BA:Green-N,901901,18:14:00,18:15:07,901302,18:25:00,18:26:07,65640,65707.0,66300,66367.0,11.0,11.0,1.1166666666666667,1.1166666666666667,0.0,2025-09,Tuesday,0,2025-09-02,Tuesday,2025-09,18,Evening Peak,0,1,1.1167,1.1167,680,1,0.0,0,0,2025,9,September,Q3,BA:Green-N | Evening Peak,76,5.26,9.22,3.05,Critical,78.93,P3 - Reliability Watch,5.0,Not Late,Not Severe,Eligible
BA:1771616:20250930,2025-09-02,BA:Green-N,901901,18:34:00,18:35:07,901302,18:45:00,18:46:07,66840,66907.0,67500,67567.0,11.0,11.0,1.1166666666666667,1.1166666666666667,0.0,2025-09,Tuesday,0,2025-09-02,Tuesday,2025-09,18,Evening Peak,0,1,1.1167,1.1167,680,1,0.0,0,0,2025,9,September,Q3,BA:Green-N | Evening Peak,76,5.26,9.22,3.05,Critical,78.93,P3 - Reliability Watch,5.0,Not Late,Not Severe,Eligible
BA:1771617:20250930,2025-09-02,BA:Green-N,901901,18:54:00,18:55:07,901302,19:05:00,19:06:07,68040,68107.0,68700,68767.0,11.0,11.0,1.1166666666666667,1.1166666666666667,0.0,2025-09,Tuesday,0,2025-09-02,Tuesday,2025-09,18,Evening Peak,0,1,1.1167,1.1167,680,1,0.0,0,0,2025,9,September,Q3,BA:Green-N | Evening Peak,76,5.26,9.22,3.05,Critical,78.93,P3 - Reliability Watch,5.0,Not Late,Not Severe,Eligible
BA:1771619:20250930,2025-09-02,BA:Green-N,901901,19:34:00,19:35:07,901302,19:45:00,19:46:07,70440,70507.0,71100,71167.0,11.0,11.0,1.1166666666666667,1.1166666666666667,0.0,2025-09,Tuesday,0,2025-09-02,Tuesday,2025-09,19,Evening,0,0,1.1167,1.1167,680,1,0.0,0,0,2025,9,September,Q3,BA:Green-N | Evening,15,6.67,11.22,0.85,Insufficient Sample,,Insufficient Sample,,Not Late,Not Severe,Insufficient Sample
BA:1759638:20250930,2025-09-01,BA:Yellow-N,901902,24:08:00,24:10:20,901302,24:18:00,24:23:09,86880,87020.0,87480,87789.0,10.0,12.816666666666666,5.15,2.3333333333333335,2.8166666666666664,2025-09,Monday,1,2025-09-02,Tuesday,2025-09,0,Overnight,0,0,5.15,1.4833,647,1,3.6667,1,0,2025,9,September,Q3,BA:Yellow-N | Overnight,335,26.27,7.33,68.28,Chronic,95.71,P1 - Primary Hotspot,1.0,Late,Not Severe,Eligible
BA:1771479:20250930,2025-09-03,BA:Blue-N,901901,12:11:00,12:11:49,901302,12:22:00,12:22:49,43860,43909.0,44520,44569.0,11.0,11.0,0.8166666666666667,0.8166666666666667,0.0,2025-09,Wednesday,0,2025-09-03,Wednesday,2025-09,12,Midday,0,0,0.8167,0.8167,479,1,0.0,0,0,2025,9,September,Q3,BA:Blue-N | Midday,135,0.74,8.45,0.78,Acute,52.5,P3 - Reliability Watch,8.0,Not Late,Not Severe,Eligible
BA:1771575:20250930,2025-09-03,BA:Green-N,901901,04:54:00,04:55:07,901302,05:05:00,05:06:07,17640,17707.0,18300,18367.0,11.0,11.0,1.1166666666666667,1.1166666666666667,0.0,2025-09,Wednesday,0,2025-09-03,Wednesday,2025-09,4,Overnight,0,0,1.1167,1.1167,680,1,0.0,0,0,2025,9,September,Q3,BA:Green-N | Overnight,181,2.76,7.14,5.79,Chronic,76.07,P1 - Primary Hotspot,3.0,Not Late,Not Severe,Eligible
BA:1771576:20250930,2025-09-03,BA:Green-N,901901,05:14:00,05:15:07,901302,05:25:00,05:26:07,18840,18907.0,19500,19567.0,11.0,11.0,1.1166666666666667,1.1166666666666667,0.0,2025-09,Wednesday,0,2025-09-03,Wednesday,2025-09,5,Overnight,0,0,1.1167,1.1167,680,1,0.0,0,0,2025,9,September,Q3,BA:Green-N | Overnight,181,2.76,7.14,5.79,Chronic,76.07,P1 - Primary Hotspot,3.0,Not Late,Not Severe,Eligible
BA:1771577:20250930,2025-09-03,BA:Green-N,901901,05:34:00,05:35:07,901302,05:45:00,05:46:07,20040,20107.0,20700,20767.0,11.0,11.0,1.1166666666666667,1.1166666666666667,0.0,2025-09,Wednesday,0,2025-09-03,Wednesday,2025-09,5,Overnight,0,0,1.1167,1.1167,680,1,0.0,0,0,2025,9,September,Q3,BA:Green-N | Overnight,181,2.76,7.14,5.79,Chronic,76.07,P1 - Primary Hotspot,3.0,Not Late,Not Severe,Eligible
BA:1771578:20250930,2025-09-03,BA:Green-N,901901,05:54:00,05:55:07,901302,06:05:00,06:06:07,21240,21307.0,21900,21967.0,11.0,11.0,1.1166666666666667,1.1166666666666667,0.0,2025-09,Wednesday,0,2025-09-03,Wednesday,2025-09,5,Overnight,0,0,1.1167,1.1167,680,1,0.0,0,0,2025,9,September,Q3,BA:Green-N | Overnight,181,2.76,7.14,5.79,Chronic,76.07,P1 - Primary Hotspot,3.0,Not Late,Not Severe,Eligible
BA:1771582:20250930,2025-09-03,BA:Green-N,901901,07:14:00,07:15:07,901302,07:25:00,07:26:07,26040,26107.0,26700,26767.0,11.0,11.0,1.1166666666666667,1.1166666666666667,0.0,2025-09,Wednesday,0,2025-09-03,Wednesday,2025-09,7,Morning Peak,1,0,1.1167,1.1167,680,1,0.0,0,0,2025,9,September,Q3,BA:Green-N | Morning Peak,142,2.82,6.27,1.81,Chronic,59.64,P3 - Reliability Watch,7.0,Not Late,Not Severe,Eligible
BA:1771584:20250930,2025-09-03,BA:Green-N,901901,07:54:00,07:55:07,901302,08:05:00,08:06:07,28440,28507.0,29100,29167.0,11.0,11.0,1.1166666666666667,1.1166666666666667,0.0,2025-09,Wednesday,0,2025-09-03,Wednesday,2025-09,7,Morning Peak,1,0,1.1167,1.1167,680,1,0.0,0,0,2025,9,September,Q3,BA:Green-N | Morning Peak,142,2.82,6.27,1.81,Chronic,59.64,P3 - Reliability Watch,7.0,Not Late,Not Severe,Eligible
BA:1771591:20250930,2025-09-03,BA:Green-N,901901,10:14:00,10:15:07,901302,10:25:00,10:26:07,36840,36907.0,37500,37567.0,11.0,11.0,1.1166666666666667,1.1166666666666667,0.0,2025-09,Wednesday,0,2025-09-03,Wednesday,2025-09,10,Midday,0,0,1.1167,1.1167,680,1,0.0,0,0,2025,9,September,Q3,BA:Green-N | Midday,266,4.51,10.34,10.51,Critical,91.07,P1 - Primary Hotspot,2.0,Not Late,Not Severe,Eligible
BA:1771593:20250930,2025-09-03,BA:Green-N,901901,10:54:00,10:55:07,901302,11:05:00,11:06:07,39240,39307.0,39900,39967.0,11.0,11.0,1.1166666666666667,1.1166666666666667,0.0,2025-09,Wednesday,0,2025-09-03,Wednesday,2025-09,10,Midday,0,0,1.1167,1.1167,680,1,0.0,0,0,2025,9,September,Q3,BA:Green-N | Midday,266,4.51,10.34,10.51,Critical,91.07,P1 - Primary Hotspot,2.0,Not Late,Not Severe,Eligible
BA:1771594:20250930,2025-09-03,BA:Green-N,901901,11:14:00,11:15:07,901302,11:25:00,11:26:07,40440,40507.0,41100,41167.0,11.0,11.0,1.1166666666666667,1.1166666666666667,0.0,2025-09,Wednesday,0,2025-09-03,Wednesday,2025-09,11,Midday,0,0,1.1167,1.1167,680,1,0.0,0,0,2025,9,September,Q3,BA:Green-N | Midday,266,4.51,10.34,10.51,Critical,91.07,P1 - Primary Hotspot,2.0,Not Late,Not Severe,Eligible
BA:1771595:20250930,2025-09-03,BA:Green-N,901901,11:34:00,11:35:07,901302,11:45:00,11:46:07,41640,41707.0,42300,42367.0,11.0,11.0,1.1166666666666667,1.1166666666666667,0.0,2025-09,Wednesday,0,2025-09-03,Wednesday,2025-09,11,Midday,0,0,1.1167,1.1167,680,1,0.0,0,0,2025,9,September,Q3,BA:Green-N | Midday,266,4.51,10.34,10.51,Critical,91.07,P1 - Primary Hotspot,2.0,Not Late,Not Severe,Eligible
BA:1771596:20250930,2025-09-03,BA:Green-N,901901,11:54:00,11:55:07,901302,12:05:00,12:06:07,42840,42907.0,43500,43567.0,11.0,11.0,1.1166666666666667,1.1166666666666667,0.0,2025-09,Wednesday,0,2025-09-03,Wednesday,2025-09,11,Midday,0,0,1.1167,1.1167,680,1,0.0,0,0,2025,9,September,Q3,BA:Green-N | Midday,266,4.51,10.34,10.51,Critical,91.07,P1 - Primary Hotspot,2.0,Not Late,Not Severe,Eligible
BA:1771606:20250930,2025-09-03,BA:Green-N,901901,15:14:00,15:15:07,901302,15:25:00,15:26:07,54840,54907.0,55500,55567.0,11.0,11.0,1.1166666666666667,1.1166666666666667,0.0,2025-09,Wednesday,0,2025-09-03,Wednesday,2025-09,15,Midday,0,0,1.1167,1.1167,680,1,0.0,0,0,2025,9,September,Q3,BA:Green-N | Midday,266,4.51,10.34,10.51,Critical,91.07,P1 - Primary Hotspot,2.0,Not Late,Not Severe,Eligible
BA:1771607:20250930,2025-09-03,BA:Green-N,901901,15:34:00,15:35:07,901302,15:45:00,15:46:07,56040,56107.0,56700,56767.0,11.0,11.0,1.1166666666666667,1.1166666666666667,0.0,2025-09,Wednesday,0,2025-09-03,Wednesday,2025-09,15,Midday,0,0,1.1167,1.1167,680,1,0.0,0,0,2025,9,September,Q3,BA:Green-N | Midday,266,4.51,10.34,10.51,Critical,91.07,P1 - Primary Hotspot,2.0,Not Late,Not Severe,Eligible
BA:1771608:20250930,2025-09-03,BA:Green-N,901901,15:54:00,15:55:07,901302,16:05:00,16:06:07,57240,57307.0,57900,57967.0,11.0,11.0,1.1166666666666667,1.1166666666666667,0.0,2025-09,Wednesday,0,2025-09-03,Wednesday,2025-09,15,Midday,0,0,1.1167,1.1167,680,1,0.0,0,0,2025,9,September,Q3,BA:Green-N | Midday,266,4.51,10.34,10.51,Critical,91.07,P1 - Primary Hotspot,2.0,Not Late,Not Severe,Eligible
BA:1771609:20250930,2025-09-03,BA:Green-N,901901,16:14:00,16:15:07,901302,16:25:00,16:26:07,58440,58507.0,59100,59167.0,11.0,11.0,1.1166666666666667,1.1166666666666667,0.0,2025-09,Wednesday,0,2025-09-03,Wednesday,2025-09,16,Evening Peak,0,1,1.1167,1.1167,680,1,0.0,0,0,2025,9,September,Q3,BA:Green-N | Evening Peak,76,5.26,9.22,3.05,Critical,78.93,P3 - Reliability Watch,5.0,Not Late,Not Severe,Eligible
BA:1771610:20250930,2025-09-03,BA:Green-N,901901,16:34:00,16:35:07,901302,16:45:00,16:46:07,59640,59707.0,60300,60367.0,11.0,11.0,1.1166666666666667,1.1166666666666667,0.0,2025-09,Wednesday,0,2025-09-03,Wednesday,2025-09,16,Evening Peak,0,1,1.1167,1.1167,680,1,0.0,0,0,2025,9,September,Q3,BA:Green-N | Evening Peak,76,5.26,9.22,3.05,Critical,78.93,P3 - Reliability Watch,5.0,Not Late,Not Severe,Eligible
BA:1771611:20250930,2025-09-03,BA:Green-N,901901,16:54:00,16:55:07,901302,17:05:00,17:06:07,60840,60907.0,61500,61567.0,11.0,11.0,1.1166666666666667,1.1166666666666667,0.0,2025-09,Wednesday,0,2025-09-03,Wednesday,2025-09,16,Evening Peak,0,1,1.1167,1.1167,680,1,0.0,0,0,2025,9,September,Q3,BA:Green-N | Evening Peak,76,5.26,9.22,3.05,Critical,78.93,P3 - Reliability Watch,5.0,Not Late,Not Severe,Eligible
BA:1771612:20250930,2025-09-03,BA:Green-N,901901,17:14:00,17:15:07,901302,17:25:00,17:26:07,62040,62107.0,62700,62767.0,11.0,11.0,1.1166666666666667,1.1166666666666667,0.0,2025-09,Wednesday,0,2025-09-03,Wednesday,2025-09,17,Evening Peak,0,1,1.1167,1.1167,680,1,0.0,0,0,2025,9,September,Q3,BA:Green-N | Evening Peak,76,5.26,9.22,3.05,Critical,78.93,P3 - Reliability Watch,5.0,Not Late,Not Severe,Eligible
BA:1771781:20250930,2025-09-02,BA:Yellow-N,901902,24:08:00,24:08:55,901302,24:18:00,24:21:10,86880,86935.0,87480,87670.0,10.0,12.25,3.1666666666666665,0.9166666666666666,2.25,2025-09,Tuesday,1,2025-09-03,Wednesday,2025-09,0,Overnight,0,0,3.1667,1.4833,647,1,1.6833,0,0,2025,9,September,Q3,BA:Yellow-N | Overnight,335,26.27,7.33,68.28,Chronic,95.71,P1 - Primary Hotspot,1.0,Not Late,Not Severe,Eligible
BA:1771575:20250930,2025-09-04,BA:Green-N,901901,04:54:00,04:56:33,901302,05:05:00,05:07:10,17640,17793.0,18300,18430.0,11.0,10.616666666666667,2.1666666666666665,2.55,-0.3833333333333328,2025-09,Thursday,0,2025-09-04,Thursday,2025-09,4,Overnight,0,0,2.1667,1.1167,680,1,1.05,0,0,2025,9,September,Q3,BA:Green-N | Overnight,181,2.76,7.14,5.79,Chronic,76.07,P1 - Primary Hotspot,3.0,Not Late,Not Severe,Eligible
BA:1771576:20250930,2025-09-04,BA:Green-N,901901,05:14:00,05:20:28,901302,05:25:00,05:30:53,18840,19228.0,19500,19853.0,11.0,10.416666666666666,5.883333333333334,6.466666666666667,-0.5833333333333339,2025-09,Thursday,0,2025-09-04,Thursday,2025-09,5,Overnight,0,0,5.8833,1.1167,680,1,4.7667,1,0,2025,9,September,Q3,BA:Green-N | Overnight,181,2.76,7.14,5.79,Chronic,76.07,P1 - Primary Hotspot,3.0,Late,Not Severe,Eligible
BA:1771577:20250930,2025-09-04,BA:Green-N,901901,05:34:00,05:35:07,901302,05:45:00,05:46:07,20040,20107.0,20700,20767.0,11.0,11.0,1.1166666666666667,1.1166666666666667,0.0,2025-09,Thursday,0,2025-09-04,Thursday,2025-09,5,Overnight,0,0,1.1167,1.1167,680,1,0.0,0,0,2025,9,September,Q3,BA:Green-N | Overnight,181,2.76,7.14,5.79,Chronic,76.07,P1 - Primary Hotspot,3.0,Not Late,Not Severe,Eligible
BA:1771578:20250930,2025-09-04,BA:Green-N,901901,05:54:00,05:55:07,901302,06:05:00,06:06:07,21240,21307.0,21900,21967.0,11.0,11.0,1.1166666666666667,1.1166666666666667,0.0,2025-09,Thursday,0,2025-09-04,Thursday,2025-09,5,Overnight,0,0,1.1167,1.1167,680,1,0.0,0,0,2025,9,September,Q3,BA:Green-N | Overnight,181,2.76,7.14,5.79,Chronic,76.07,P1 - Primary Hotspot,3.0,Not Late,Not Severe,Eligible
BA:1771582:20250930,2025-09-04,BA:Green-N,901901,07:14:00,07:15:07,901302,07:25:00,07:26:07,26040,26107.0,26700,26767.0,11.0,11.0,1.1166666666666667,1.1166666666666667,0.0,2025-09,Thursday,0,2025-09-04,Thursday,2025-09,7,Morning Peak,1,0,1.1167,1.1167,680,1,0.0,0,0,2025,9,September,Q3,BA:Green-N | Morning Peak,142,2.82,6.27,1.81,Chronic,59.64,P3 - Reliability Watch,7.0,Not Late,Not Severe,Eligible
BA:1771583:20250930,2025-09-04,BA:Green-N,901901,07:34:00,07:35:07,901302,07:45:00,07:46:07,27240,27307.0,27900,27967.0,11.0,11.0,1.1166666666666667,1.1166666666666667,0.0,2025-09,Thursday,0,2025-09-04,Thursday,2025-09,7,Morning Peak,1,0,1.1167,1.1167,680,1,0.0,0,0,2025,9,September,Q3,BA:Green-N | Morning Peak,142,2.82,6.27,1.81,Chronic,59.64,P3 - Reliability Watch,7.0,Not Late,Not Severe,Eligible
BA:1771584:20250930,2025-09-04,BA:Green-N,901901,07:54:00,07:55:07,901302,08:05:00,08:06:07,28440,28507.0,29100,29167.0,11.0,11.0,1.1166666666666667,1.1166666666666667,0.0,2025-09,Thursday,0,2025-09-04,Thursday,2025-09,7,Morning Peak,1,0,1.1167,1.1167,680,1,0.0,0,0,2025,9,September,Q3,BA:Green-N | Morning Peak,142,2.82,6.27,1.81,Chronic,59.64,P3 - Reliability Watch,7.0,Not Late,Not Severe,Eligible
BA:1771585:20250930,2025-09-04,BA:Green-N,901901,08:14:00,08:15:07,901302,08:25:00,08:26:07,29640,29707.0,30300,30367.0,11.0,11.0,1.1166666666666667,1.1166666666666667,0.0,2025-09,Thursday,0,2025-09-04,Thursday,2025-09,8,Morning Peak,1,0,1.1167,1.1167,680,1,0.0,0,0,2025,9,September,Q3,BA:Green-N | Morning Peak,142,2.82,6.27,1.81,Chronic,59.64,P3 - Reliability Watch,7.0,Not Late,Not Severe,Eligible
BA:1771586:20250930,2025-09-04,BA:Green-N,901901,08:34:00,08:35:07,901302,08:45:00,08:46:07,30840,30907.0,31500,31567.0,11.0,11.0,1.1166666666666667,1.1166666666666667,0.0,2025-09,Thursday,0,2025-09-04,Thursday,2025-09,8,Morning Peak,1,0,1.1167,1.1167,680,1,0.0,0,0,2025,9,September,Q3,BA:Green-N | Morning Peak,142,2.82,6.27,1.81,Chronic,59.64,P3 - Reliability Watch,7.0,Not Late,Not Severe,Eligible
BA:1771587:20250930,2025-09-04,BA:Green-N,901901,08:54:00,08:55:07,901302,09:05:00,09:06:07,32040,32107.0,32700,32767.0,11.0,11.0,1.1166666666666667,1.1166666666666667,0.0,2025-09,Thursday,0,2025-09-04,Thursday,2025-09,8,Morning Peak,1,0,1.1167,1.1167,680,1,0.0,0,0,2025,9,September,Q3,BA:Green-N | Morning Peak,142,2.82,6.27,1.81,Chronic,59.64,P3 - Reliability Watch,7.0,Not Late,Not Severe,Eligible
BA:1771595:20250930,2025-09-04,BA:Green-N,901901,11:34:00,11:35:07,901302,11:45:00,11:46:07,41640,41707.0,42300,42367.0,11.0,11.0,1.1166666666666667,1.1166666666666667,0.0,2025-09,Thursday,0,2025-09-04,Thursday,2025-09,11,Midday,0,0,1.1167,1.1167,680,1,0.0,0,0,2025,9,September,Q3,BA:Green-N | Midday,266,4.51,10.34,10.51,Critical,91.07,P1 - Primary Hotspot,2.0,Not Late,Not Severe,Eligible
BA:1771596:20250930,2025-09-04,BA:Green-N,901901,11:54:00,11:55:07,901302,12:05:00,12:06:07,42840,42907.0,43500,43567.0,11.0,11.0,1.1166666666666667,1.1166666666666667,0.0,2025-09,Thursday,0,2025-09-04,Thursday,2025-09,11,Midday,0,0,1.1167,1.1167,680,1,0.0,0,0,2025,9,September,Q3,BA:Green-N | Midday,266,4.51,10.34,10.51,Critical,91.07,P1 - Primary Hotspot,2.0,Not Late,Not Severe,Eligible
BA:1771597:20250930,2025-09-04,BA:Green-N,901901,12:14:00,12:15:07,901302,12:25:00,12:26:07,44040,44107.0,44700,44767.0,11.0,11.0,1.1166666666666667,1.1166666666666667,0.0,2025-09,Thursday,0,2025-09-04,Thursday,2025-09,12,Midday,0,0,1.1167,1.1167,680,1,0.0,0,0,2025,9,September,Q3,BA:Green-N | Midday,266,4.51,10.34,10.51,Critical,91.07,P1 - Primary Hotspot,2.0,Not Late,Not Severe,Eligible
BA:1771617:20250930,2025-09-04,BA:Green-N,901901,18:54:00,19:02:51,901302,19:05:00,19:13:27,68040,68571.0,68700,69207.0,11.0,10.6,8.45,8.85,-0.4000000000000003,2025-09,Thursday,0,2025-09-04,Thursday,2025-09,18,Evening Peak,0,1,8.45,1.1167,680,1,7.3333,1,0,2025,9,September,Q3,BA:Green-N | Evening Peak,76,5.26,9.22,3.05,Critical,78.93,P3 - Reliability Watch,5.0,Late,Not Severe,Eligible
BA:1771618:20250930,2025-09-04,BA:Green-N,901901,19:14:00,19:15:07,901302,19:25:00,19:26:07,69240,69307.0,69900,69967.0,11.0,11.0,1.1166666666666667,1.1166666666666667,0.0,2025-09,Thursday,0,2025-09-04,Thursday,2025-09,19,Evening,0,0,1.1167,1.1167,680,1,0.0,0,0,2025,9,September,Q3,BA:Green-N | Evening,15,6.67,11.22,0.85,Insufficient Sample,,Insufficient Sample,,Not Late,Not Severe,Insufficient Sample
BA:1771781:20250930,2025-09-03,BA:Yellow-N,901902,24:08:00,24:12:30,901302,24:18:00,24:24:40,86880,87150.0,87480,87880.0,10.0,12.166666666666666,6.666666666666667,4.5,2.166666666666666,2025-09,Wednesday,1,2025-09-04,Thursday,2025-09,0,Overnight,0,0,6.6667,1.4833,647,1,5.1833,1,0,2025,9,September,Q3,BA:Yellow-N | Overnight,335,26.27,7.33,68.28,Chronic,95.71,P1 - Primary Hotspot,1.0,Late,Not Severe,Eligible
BA:1771479:20250930,2025-09-05,BA:Blue-N,901901,12:13:00,12:14:07,901302,12:22:00,12:22:49,43980,44047.0,44520,44569.0,9.0,8.7,0.8166666666666667,1.1166666666666667,-0.3000000000000007,2025-09,Friday,0,2025-09-05,Friday,2025-09,12,Midday,0,0,0.8167,0.8167,479,1,0.0,0,0,2025,9,September,Q3,BA:Blue-N | Midday,135,0.74,8.45,0.78,Acute,52.5,P3 - Reliability Watch,8.0,Not Late,Not Severe,Eligible
BA:1771480:20250930,2025-09-05,BA:Blue-N,901901,12:33:00,12:34:07,901302,12:42:00,12:42:49,45180,45247.0,45720,45769.0,9.0,8.7,0.8166666666666667,1.1166666666666667,-0.3000000000000007,2025-09,Friday,0,2025-09-05,Friday,2025-09,12,Midday,0,0,0.8167,0.8167,479,1,0.0,0,0,2025,9,September,Q3,BA:Blue-N | Midday,135,0.74,8.45,0.78,Acute,52.5,P3 - Reliability Watch,8.0,Not Late,Not Severe,Eligible
BA:1771481:20250930,2025-09-05,BA:Blue-N,901901,12:51:00,12:51:49,901302,13:02:00,13:02:49,46260,46309.0,46920,46969.0,11.0,11.0,0.8166666666666667,0.8166666666666667,0.0,2025-09,Friday,0,2025-09-05,Friday,2025-09,12,Midday,0,0,0.8167,0.8167,479,1,0.0,0,0,2025,9,September,Q3,BA:Blue-N | Midday,135,0.74,8.45,0.78,Acute,52.5,P3 - Reliability Watch,8.0,Not Late,Not Severe,Eligible
BA:1771483:20250930,2025-09-05,BA:Blue-N,901901,13:31:00,13:31:49,901302,13:42:00,13:42:49,48660,48709.0,49320,49369.0,11.0,11.0,0.8166666666666667,0.8166666666666667,0.0,2025-09,Friday,0,2025-09-05,Friday,2025-09,13,Midday,0,0,0.8167,0.8167,479,1,0.0,0,0,2025,9,September,Q3,BA:Blue-N | Midday,135,0.74,8.45,0.78,Acute,52.5,P3 - Reliability Watch,8.0,Not Late,Not Severe,Eligible
BA:1771600:20250930,2025-09-05,BA:Green-N,901901,13:14:00,13:17:08,901302,13:25:00,13:27:40,47640,47828.0,48300,48460.0,11.0,10.533333333333331,2.6666666666666665,3.1333333333333333,-0.4666666666666668,2025-09,Friday,0,2025-09-05,Friday,2025-09,13,Midday,0,0,2.6667,1.1167,680,1,1.55,0,0,2025,9,September,Q3,BA:Green-N | Midday,266,4.51,10.34,10.51,Critical,91.07,P1 - Primary Hotspot,2.0,Not Late,Not Severe,Eligible
BA:1771602:20250930,2025-09-05,BA:Green-N,901901,13:54:00,13:55:07,901302,14:05:00,14:06:07,50040,50107.0,50700,50767.0,11.0,11.0,1.1166666666666667,1.1166666666666667,0.0,2025-09,Friday,0,2025-09-05,Friday,2025-09,13,Midday,0,0,1.1167,1.1167,680,1,0.0,0,0,2025,9,September,Q3,BA:Green-N | Midday,266,4.51,10.34,10.51,Critical,91.07,P1 - Primary Hotspot,2.0,Not Late,Not Severe,Eligible
BA:1771295:20250930,2025-09-05,BA:Red-N,901902,12:43:00,12:44:05,901302,12:54:00,12:55:05,45780,45845.0,46440,46505.0,11.0,11.0,1.0833333333333333,1.0833333333333333,0.0,2025-09,Friday,0,2025-09-05,Friday,2025-09,12,Midday,0,0,1.0833,4.0,7,0,0.0,0,0,2025,9,September,Q3,BA:Red-N | Midday,2,0.0,,0.0,Insufficient Sample,,Insufficient Sample,,Not Late,Not Severe,Insufficient Sample
BA:1771298:20250930,2025-09-05,BA:Red-N,901902,13:43:00,13:44:05,901302,13:54:00,13:55:05,49380,49445.0,50040,50105.0,11.0,11.0,1.0833333333333333,1.0833333333333333,0.0,2025-09,Friday,0,2025-09-05,Friday,2025-09,13,Midday,0,0,1.0833,4.0,7,0,0.0,0,0,2025,9,September,Q3,BA:Red-N | Midday,2,0.0,,0.0,Insufficient Sample,,Insufficient Sample,,Not Late,Not Severe,Insufficient Sample
BA:1771787:20250930,2025-09-05,BA:Yellow-N,901902,05:37:00,05:58:27,901302,05:48:00,06:07:47,20220,21507.0,20880,22067.0,11.0,9.333333333333334,19.783333333333335,21.45,-1.666666666666666,2025-09,Friday,0,2025-09-05,Friday,2025-09,5,Overnight,0,0,19.7833,1.4833,647,1,18.3,1,1,2025,9,September,Q3,BA:Yellow-N | Overnight,335,26.27,7.33,68.28,Chronic,95.71,P1 - Primary Hotspot,1.0,Late,Severe Delay,Eligible
BA:1771781:20250930,2025-09-04,BA:Yellow-N,901902,24:08:00,24:09:35,901302,24:18:00,24:22:44,86880,86975.0,87480,87764.0,10.0,13.15,4.733333333333333,1.5833333333333333,3.1500000000000004,2025-09,Thursday,1,2025-09-05,Friday,2025-09,0,Overnight,0,0,4.7333,1.4833,647,1,3.25,0,0,2025,9,September,Q3,BA:Yellow-N | Overnight,335,26.27,7.33,68.28,Chronic,95.71,P1 - Primary Hotspot,1.0,Not Late,Not Severe,Eligible
BA:1771781:20250930,2025-09-05,BA:Yellow-N,901902,24:08:00,24:10:00,901302,24:18:00,24:22:38,86880,87000.0,87480,87758.0,10.0,12.633333333333333,4.633333333333334,2.0,2.633333333333333,2025-09,Friday,1,2025-09-06,Saturday,2025-09,0,Overnight,0,0,4.6333,1.4833,647,1,3.15,0,0,2025,9,September,Q3,BA:Yellow-N | Overnight,335,26.27,7.33,68.28,Chronic,95.71,P1 - Primary Hotspot,1.0,Not Late,Not Severe,Eligible
BA:1771575:20250930,2025-09-08,BA:Green-N,901901,04:54:00,04:55:07,901302,05:05:00,05:06:07,17640,17707.0,18300,18367.0,11.0,11.0,1.1166666666666667,1.1166666666666667,0.0,2025-09,Monday,0,2025-09-08,Monday,2025-09,4,Overnight,0,0,1.1167,1.1167,680,1,0.0,0,0,2025,9,September,Q3,BA:Green-N | Overnight,181,2.76,7.14,5.79,Chronic,76.07,P1 - Primary Hotspot,3.0,Not Late,Not Severe,Eligible
BA:1771576:20250930,2025-09-08,BA:Green-N,901901,05:14:00,05:17:11,901302,05:25:00,05:27:44,18840,19031.0,19500,19664.0,11.0,10.55,2.7333333333333334,3.183333333333333,-0.4499999999999993,2025-09,Monday,0,2025-09-08,Monday,2025-09,5,Overnight,0,0,2.7333,1.1167,680,1,1.6167,0,0,2025,9,September,Q3,BA:Green-N | Overnight,181,2.76,7.14,5.79,Chronic,76.07,P1 - Primary Hotspot,3.0,Not Late,Not Severe,Eligible
BA:1771577:20250930,2025-09-08,BA:Green-N,901901,05:34:00,05:36:08,901302,05:45:00,05:47:00,20040,20168.0,20700,20820.0,11.0,10.866666666666667,2.0,2.1333333333333333,-0.1333333333333328,2025-09,Monday,0,2025-09-08,Monday,2025-09,5,Overnight,0,0,2.0,1.1167,680,1,0.8833,0,0,2025,9,September,Q3,BA:Green-N | Overnight,181,2.76,7.14,5.79,Chronic,76.07,P1 - Primary Hotspot,3.0,Not Late,Not Severe,Eligible
BA:1771578:20250930,2025-09-08,BA:Green-N,901901,05:54:00,05:55:07,901302,06:05:00,06:06:07,21240,21307.0,21900,21967.0,11.0,11.0,1.1166666666666667,1.1166666666666667,0.0,2025-09,Monday,0,2025-09-08,Monday,2025-09,5,Overnight,0,0,1.1167,1.1167,680,1,0.0,0,0,2025,9,September,Q3,BA:Green-N | Overnight,181,2.76,7.14,5.79,Chronic,76.07,P1 - Primary Hotspot,3.0,Not Late,Not Severe,Eligible
BA:1771599:20250930,2025-09-08,BA:Green-N,901901,12:54:00,12:55:07,901302,13:05:00,13:06:07,46440,46507.0,47100,47167.0,11.0,11.0,1.1166666666666667,1.1166666666666667,0.0,2025-09,Monday,0,2025-09-08,Monday,2025-09,12,Midday,0,0,1.1167,1.1167,680,1,0.0,0,0,2025,9,September,Q3,BA:Green-N | Midday,266,4.51,10.34,10.51,Critical,91.07,P1 - Primary Hotspot,2.0,Not Late,Not Severe,Eligible
BA:1771600:20250930,2025-09-08,BA:Green-N,901901,13:14:00,13:15:07,901302,13:25:00,13:26:07,47640,47707.0,48300,48367.0,11.0,11.0,1.1166666666666667,1.1166666666666667,0.0,2025-09,Monday,0,2025-09-08,Monday,2025-09,13,Midday,0,0,1.1167,1.1167,680,1,0.0,0,0,2025,9,September,Q3,BA:Green-N | Midday,266,4.51,10.34,10.51,Critical,91.07,P1 - Primary Hotspot,2.0,Not Late,Not Severe,Eligible
BA:1771601:20250930,2025-09-08,BA:Green-N,901901,13:34:00,13:35:07,901302,13:45:00,13:46:07,48840,48907.0,49500,49567.0,11.0,11.0,1.1166666666666667,1.1166666666666667,0.0,2025-09,Monday,0,2025-09-08,Monday,2025-09,13,Midday,0,0,1.1167,1.1167,680,1,0.0,0,0,2025,9,September,Q3,BA:Green-N | Midday,266,4.51,10.34,10.51,Critical,91.07,P1 - Primary Hotspot,2.0,Not Late,Not Severe,Eligible
BA:1771604:20250930,2025-09-08,BA:Green-N,901901,14:34:00,14:35:07,901302,14:45:00,14:46:07,52440,52507.0,53100,53167.0,11.0,11.0,1.1166666666666667,1.1166666666666667,0.0,2025-09,Monday,0,2025-09-08,Monday,2025-09,14,Midday,0,0,1.1167,1.1167,680,1,0.0,0,0,2025,9,September,Q3,BA:Green-N | Midday,266,4.51,10.34,10.51,Critical,91.07,P1 - Primary Hotspot,2.0,Not Late,Not Severe,Eligible
BA:1771606:20250930,2025-09-08,BA:Green-N,901901,15:14:00,15:15:07,901302,15:25:00,15:26:07,54840,54907.0,55500,55567.0,11.0,11.0,1.1166666666666667,1.1166666666666667,0.0,2025-09,Monday,0,2025-09-08,Monday,2025-09,15,Midday,0,0,1.1167,1.1167,680,1,0.0,0,0,2025,9,September,Q3,BA:Green-N | Midday,266,4.51,10.34,10.51,Critical,91.07,P1 - Primary Hotspot,2.0,Not Late,Not Severe,Eligible
BA:1771607:20250930,2025-09-08,BA:Green-N,901901,15:34:00,15:38:17,901302,15:45:00,15:48:49,56040,56297.0,56700,56929.0,11.0,10.533333333333331,3.816666666666667,4.283333333333333,-0.4666666666666668,2025-09,Monday,0,2025-09-08,Monday,2025-09,15,Midday,0,0,3.8167,1.1167,680,1,2.7,0,0,2025,9,September,Q3,BA:Green-N | Midday,266,4.51,10.34,10.51,Critical,91.07,P1 - Primary Hotspot,2.0,Not Late,Not Severe,Eligible
BA:1771575:20250930,2025-09-09,BA:Green-N,901901,04:54:00,04:56:15,901302,05:05:00,05:06:40,17640,17775.0,18300,18400.0,11.0,10.416666666666666,1.6666666666666667,2.25,-0.5833333333333339,2025-09,Tuesday,0,2025-09-09,Tuesday,2025-09,4,Overnight,0,0,1.6667,1.1167,680,1,0.55,0,0,2025,9,September,Q3,BA:Green-N | Overnight,181,2.76,7.14,5.79,Chronic,76.07,P1 - Primary Hotspot,3.0,Not Late,Not Severe,Eligible
BA:1771576:20250930,2025-09-09,BA:Green-N,901901,05:14:00,05:15:07,901302,05:25:00,05:26:07,18840,18907.0,19500,19567.0,11.0,11.0,1.1166666666666667,1.1166666666666667,0.0,2025-09,Tuesday,0,2025-09-09,Tuesday,2025-09,5,Overnight,0,0,1.1167,1.1167,680,1,0.0,0,0,2025,9,September,Q3,BA:Green-N | Overnight,181,2.76,7.14,5.79,Chronic,76.07,P1 - Primary Hotspot,3.0,Not Late,Not Severe,Eligible
BA:1771577:20250930,2025-09-09,BA:Green-N,901901,05:34:00,05:35:07,901302,05:45:00,05:46:07,20040,20107.0,20700,20767.0,11.0,11.0,1.1166666666666667,1.1166666666666667,0.0,2025-09,Tuesday,0,2025-09-09,Tuesday,2025-09,5,Overnight,0,0,1.1167,1.1167,680,1,0.0,0,0,2025,9,September,Q3,BA:Green-N | Overnight,181,2.76,7.14,5.79,Chronic,76.07,P1 - Primary Hotspot,3.0,Not Late,Not Severe,Eligible
BA:1771578:20250930,2025-09-09,BA:Green-N,901901,05:54:00,05:55:07,901302,06:05:00,06:06:07,21240,21307.0,21900,21967.0,11.0,11.0,1.1166666666666667,1.1166666666666667,0.0,2025-09,Tuesday,0,2025-09-09,Tuesday,2025-09,5,Overnight,0,0,1.1167,1.1167,680,1,0.0,0,0,2025,9,September,Q3,BA:Green-N | Overnight,181,2.76,7.14,5.79,Chronic,76.07,P1 - Primary Hotspot,3.0,Not Late,Not Severe,Eligible
BA:1771584:20250930,2025-09-09,BA:Green-N,901901,07:54:00,07:55:07,901302,08:05:00,08:06:07,28440,28507.0,29100,29167.0,11.0,11.0,1.1166666666666667,1.1166666666666667,0.0,2025-09,Tuesday,0,2025-09-09,Tuesday,2025-09,7,Morning Peak,1,0,1.1167,1.1167,680,1,0.0,0,0,2025,9,September,Q3,BA:Green-N | Morning Peak,142,2.82,6.27,1.81,Chronic,59.64,P3 - Reliability Watch,7.0,Not Late,Not Severe,Eligible
BA:1771585:20250930,2025-09-09,BA:Green-N,901901,08:14:00,08:15:07,901302,08:25:00,08:26:07,29640,29707.0,30300,30367.0,11.0,11.0,1.1166666666666667,1.1166666666666667,0.0,2025-09,Tuesday,0,2025-09-09,Tuesday,2025-09,8,Morning Peak,1,0,1.1167,1.1167,680,1,0.0,0,0,2025,9,September,Q3,BA:Green-N | Morning Peak,142,2.82,6.27,1.81,Chronic,59.64,P3 - Reliability Watch,7.0,Not Late,Not Severe,Eligible
BA:1771586:20250930,2025-09-09,BA:Green-N,901901,08:34:00,08:35:07,901302,08:45:00,08:46:07,30840,30907.0,31500,31567.0,11.0,11.0,1.1166666666666667,1.1166666666666667,0.0,2025-09,Tuesday,0,2025-09-09,Tuesday,2025-09,8,Morning Peak,1,0,1.1167,1.1167,680,1,0.0,0,0,2025,9,September,Q3,BA:Green-N | Morning Peak,142,2.82,6.27,1.81,Chronic,59.64,P3 - Reliability Watch,7.0,Not Late,Not Severe,Eligible
BA:1771587:20250930,2025-09-09,BA:Green-N,901901,08:54:00,08:55:07,901302,09:05:00,09:06:07,32040,32107.0,32700,32767.0,11.0,11.0,1.1166666666666667,1.1166666666666667,0.0,2025-09,Tuesday,0,2025-09-09,Tuesday,2025-09,8,Morning Peak,1,0,1.1167,1.1167,680,1,0.0,0,0,2025,9,September,Q3,BA:Green-N | Morning Peak,142,2.82,6.27,1.81,Chronic,59.64,P3 - Reliability Watch,7.0,Not Late,Not Severe,Eligible
BA:1771590:20250930,2025-09-09,BA:Green-N,901901,09:54:00,09:55:07,901302,10:05:00,10:06:07,35640,35707.0,36300,36367.0,11.0,11.0,1.1166666666666667,1.1166666666666667,0.0,2025-09,Tuesday,0,2025-09-09,Tuesday,2025-09,9,Morning Peak,1,0,1.1167,1.1167,680,1,0.0,0,0,2025,9,September,Q3,BA:Green-N | Morning Peak,142,2.82,6.27,1.81,Chronic,59.64,P3 - Reliability Watch,7.0,Not Late,Not Severe,Eligible
BA:1771597:20250930,2025-09-09,BA:Green-N,901901,12:14:00,12:15:07,901302,12:25:00,12:26:07,44040,44107.0,44700,44767.0,11.0,11.0,1.1166666666666667,1.1166666666666667,0.0,2025-09,Tuesday,0,2025-09-09,Tuesday,2025-09,12,Midday,0,0,1.1167,1.1167,680,1,0.0,0,0,2025,9,September,Q3,BA:Green-N | Midday,266,4.51,10.34,10.51,Critical,91.07,P1 - Primary Hotspot,2.0,Not Late,Not Severe,Eligible
BA:1771598:20250930,2025-09-09,BA:Green-N,901901,12:34:00,12:35:07,901302,12:45:00,12:46:07,45240,45307.0,45900,45967.0,11.0,11.0,1.1166666666666667,1.1166666666666667,0.0,2025-09,Tuesday,0,2025-09-09,Tuesday,2025-09,12,Midday,0,0,1.1167,1.1167,680,1,0.0,0,0,2025,9,September,Q3,BA:Green-N | Midday,266,4.51,10.34,10.51,Critical,91.07,P1 - Primary Hotspot,2.0,Not Late,Not Severe,Eligible
BA:1771599:20250930,2025-09-09,BA:Green-N,901901,12:54:00,12:55:07,901302,13:05:00,13:06:07,46440,46507.0,47100,47167.0,11.0,11.0,1.1166666666666667,1.1166666666666667,0.0,2025-09,Tuesday,0,2025-09-09,Tuesday,2025-09,12,Midday,0,0,1.1167,1.1167,680,1,0.0,0,0,2025,9,September,Q3,BA:Green-N | Midday,266,4.51,10.34,10.51,Critical,91.07,P1 - Primary Hotspot,2.0,Not Late,Not Severe,Eligible
BA:1771600:20250930,2025-09-09,BA:Green-N,901901,13:14:00,13:15:07,901302,13:25:00,13:26:07,47640,47707.0,48300,48367.0,11.0,11.0,1.1166666666666667,1.1166666666666667,0.0,2025-09,Tuesday,0,2025-09-09,Tuesday,2025-09,13,Midday,0,0,1.1167,1.1167,680,1,0.0,0,0,2025,9,September,Q3,BA:Green-N | Midday,266,4.51,10.34,10.51,Critical,91.07,P1 - Primary Hotspot,2.0,Not Late,Not Severe,Eligible
BA:1771602:20250930,2025-09-09,BA:Green-N,901901,13:54:00,13:55:07,901302,14:05:00,14:06:07,50040,50107.0,50700,50767.0,11.0,11.0,1.1166666666666667,1.1166666666666667,0.0,2025-09,Tuesday,0,2025-09-09,Tuesday,2025-09,13,Midday,0,0,1.1167,1.1167,680,1,0.0,0,0,2025,9,September,Q3,BA:Green-N | Midday,266,4.51,10.34,10.51,Critical,91.07,P1 - Primary Hotspot,2.0,Not Late,Not Severe,Eligible
BA:1771603:20250930,2025-09-09,BA:Green-N,901901,14:14:00,14:15:07,901302,14:25:00,14:26:07,51240,51307.0,51900,51967.0,11.0,11.0,1.1166666666666667,1.1166666666666667,0.0,2025-09,Tuesday,0,2025-09-09,Tuesday,2025-09,14,Midday,0,0,1.1167,1.1167,680,1,0.0,0,0,2025,9,September,Q3,BA:Green-N | Midday,266,4.51,10.34,10.51,Critical,91.07,P1 - Primary Hotspot,2.0,Not Late,Not Severe,Eligible
BA:1771604:20250930,2025-09-09,BA:Green-N,901901,14:34:00,14:35:07,901302,14:45:00,14:46:07,52440,52507.0,53100,53167.0,11.0,11.0,1.1166666666666667,1.1166666666666667,0.0,2025-09,Tuesday,0,2025-09-09,Tuesday,2025-09,14,Midday,0,0,1.1167,1.1167,680,1,0.0,0,0,2025,9,September,Q3,BA:Green-N | Midday,266,4.51,10.34,10.51,Critical,91.07,P1 - Primary Hotspot,2.0,Not Late,Not Severe,Eligible
BA:1771605:20250930,2025-09-09,BA:Green-N,901901,14:54:00,14:55:07,901302,15:05:00,15:06:07,53640,53707.0,54300,54367.0,11.0,11.0,1.1166666666666667,1.1166666666666667,0.0,2025-09,Tuesday,0,2025-09-09,Tuesday,2025-09,14,Midday,0,0,1.1167,1.1167,680,1,0.0,0,0,2025,9,September,Q3,BA:Green-N | Midday,266,4.51,10.34,10.51,Critical,91.07,P1 - Primary Hotspot,2.0,Not Late,Not Severe,Eligible
BA:1771606:20250930,2025-09-09,BA:Green-N,901901,15:14:00,15:15:07,901302,15:25:00,15:26:07,54840,54907.0,55500,55567.0,11.0,11.0,1.1166666666666667,1.1166666666666667,0.0,2025-09,Tuesday,0,2025-09-09,Tuesday,2025-09,15,Midday,0,0,1.1167,1.1167,680,1,0.0,0,0,2025,9,September,Q3,BA:Green-N | Midday,266,4.51,10.34,10.51,Critical,91.07,P1 - Primary Hotspot,2.0,Not Late,Not Severe,Eligible
BA:1771607:20250930,2025-09-09,BA:Green-N,901901,15:34:00,15:35:07,901302,15:45:00,15:46:07,56040,56107.0,56700,56767.0,11.0,11.0,1.1166666666666667,1.1166666666666667,0.0,2025-09,Tuesday,0,2025-09-09,Tuesday,2025-09,15,Midday,0,0,1.1167,1.1167,680,1,0.0,0,0,2025,9,September,Q3,BA:Green-N | Midday,266,4.51,10.34,10.51,Critical,91.07,P1 - Primary Hotspot,2.0,Not Late,Not Severe,Eligible
BA:1771781:20250930,2025-09-08,BA:Yellow-N,901902,24:08:00,24:08:51,901302,24:18:00,24:20:22,86880,86931.0,87480,87622.0,10.0,11.516666666666667,2.3666666666666667,0.85,1.5166666666666675,2025-09,Monday,1,2025-09-09,Tuesday,2025-09,0,Overnight,0,0,2.3667,1.4833,647,1,0.8833,0,0,2025,9,September,Q3,BA:Yellow-N | Overnight,335,26.27,7.33,68.28,Chronic,95.71,P1 - Primary Hotspot,1.0,Not Late,Not Severe,Eligible
BA:1771575:20250930,2025-09-10,BA:Green-N,901901,04:54:00,04:56:36,901302,05:05:00,05:07:13,17640,17796.0,18300,18433.0,11.0,10.616666666666667,2.216666666666667,2.6,-0.3833333333333328,2025-09,Wednesday,0,2025-09-10,Wednesday,2025-09,4,Overnight,0,0,2.2167,1.1167,680,1,1.1,0,0,2025,9,September,Q3,BA:Green-N | Overnight,181,2.76,7.14,5.79,Chronic,76.07,P1 - Primary Hotspot,3.0,Not Late,Not Severe,Eligible
BA:1771576:20250930,2025-09-10,BA:Green-N,901901,05:14:00,05:17:48,901302,05:25:00,05:28:49,18840,19068.0,19500,19729.0,11.0,11.016666666666667,3.816666666666667,3.8,0.0166666666666674,2025-09,Wednesday,0,2025-09-10,Wednesday,2025-09,5,Overnight,0,0,3.8167,1.1167,680,1,2.7,0,0,2025,9,September,Q3,BA:Green-N | Overnight,181,2.76,7.14,5.79,Chronic,76.07,P1 - Primary Hotspot,3.0,Not Late,Not Severe,Eligible
BA:1771577:20250930,2025-09-10,BA:Green-N,901901,05:34:00,05:35:07,901302,05:45:00,05:46:07,20040,20107.0,20700,20767.0,11.0,11.0,1.1166666666666667,1.1166666666666667,0.0,2025-09,Wednesday,0,2025-09-10,Wednesday,2025-09,5,Overnight,0,0,1.1167,1.1167,680,1,0.0,0,0,2025,9,September,Q3,BA:Green-N | Overnight,181,2.76,7.14,5.79,Chronic,76.07,P1 - Primary Hotspot,3.0,Not Late,Not Severe,Eligible
BA:1771578:20250930,2025-09-10,BA:Green-N,901901,05:54:00,05:55:07,901302,06:05:00,06:06:07,21240,21307.0,21900,21967.0,11.0,11.0,1.1166666666666667,1.1166666666666667,0.0,2025-09,Wednesday,0,2025-09-10,Wednesday,2025-09,5,Overnight,0,0,1.1167,1.1167,680,1,0.0,0,0,2025,9,September,Q3,BA:Green-N | Overnight,181,2.76,7.14,5.79,Chronic,76.07,P1 - Primary Hotspot,3.0,Not Late,Not Severe,Eligible
BA:1771585:20250930,2025-09-10,BA:Green-N,901901,08:14:00,08:15:07,901302,08:25:00,08:26:07,29640,29707.0,30300,30367.0,11.0,11.0,1.1166666666666667,1.1166666666666667,0.0,2025-09,Wednesday,0,2025-09-10,Wednesday,2025-09,8,Morning Peak,1,0,1.1167,1.1167,680,1,0.0,0,0,2025,9,September,Q3,BA:Green-N | Morning Peak,142,2.82,6.27,1.81,Chronic,59.64,P3 - Reliability Watch,7.0,Not Late,Not Severe,Eligible
BA:1771586:20250930,2025-09-10,BA:Green-N,901901,08:34:00,08:35:07,901302,08:45:00,08:46:07,30840,30907.0,31500,31567.0,11.0,11.0,1.1166666666666667,1.1166666666666667,0.0,2025-09,Wednesday,0,2025-09-10,Wednesday,2025-09,8,Morning Peak,1,0,1.1167,1.1167,680,1,0.0,0,0,2025,9,September,Q3,BA:Green-N | Morning Peak,142,2.82,6.27,1.81,Chronic,59.64,P3 - Reliability Watch,7.0,Not Late,Not Severe,Eligible
BA:1771587:20250930,2025-09-10,BA:Green-N,901901,08:54:00,08:55:07,901302,09:05:00,09:06:07,32040,32107.0,32700,32767.0,11.0,11.0,1.1166666666666667,1.1166666666666667,0.0,2025-09,Wednesday,0,2025-09-10,Wednesday,2025-09,8,Morning Peak,1,0,1.1167,1.1167,680,1,0.0,0,0,2025,9,September,Q3,BA:Green-N | Morning Peak,142,2.82,6.27,1.81,Chronic,59.64,P3 - Reliability Watch,7.0,Not Late,Not Severe,Eligible
BA:1771595:20250930,2025-09-10,BA:Green-N,901901,11:34:00,11:35:07,901302,11:45:00,11:46:07,41640,41707.0,42300,42367.0,11.0,11.0,1.1166666666666667,1.1166666666666667,0.0,2025-09,Wednesday,0,2025-09-10,Wednesday,2025-09,11,Midday,0,0,1.1167,1.1167,680,1,0.0,0,0,2025,9,September,Q3,BA:Green-N | Midday,266,4.51,10.34,10.51,Critical,91.07,P1 - Primary Hotspot,2.0,Not Late,Not Severe,Eligible
BA:1771598:20250930,2025-09-10,BA:Green-N,901901,12:34:00,12:35:07,901302,12:45:00,12:46:07,45240,45307.0,45900,45967.0,11.0,11.0,1.1166666666666667,1.1166666666666667,0.0,2025-09,Wednesday,0,2025-09-10,Wednesday,2025-09,12,Midday,0,0,1.1167,1.1167,680,1,0.0,0,0,2025,9,September,Q3,BA:Green-N | Midday,266,4.51,10.34,10.51,Critical,91.07,P1 - Primary Hotspot,2.0,Not Late,Not Severe,Eligible
BA:1771599:20250930,2025-09-10,BA:Green-N,901901,12:54:00,12:55:07,901302,13:05:00,13:06:07,46440,46507.0,47100,47167.0,11.0,11.0,1.1166666666666667,1.1166666666666667,0.0,2025-09,Wednesday,0,2025-09-10,Wednesday,2025-09,12,Midday,0,0,1.1167,1.1167,680,1,0.0,0,0,2025,9,September,Q3,BA:Green-N | Midday,266,4.51,10.34,10.51,Critical,91.07,P1 - Primary Hotspot,2.0,Not Late,Not Severe,Eligible
BA:1771600:20250930,2025-09-10,BA:Green-N,901901,13:14:00,13:15:07,901302,13:25:00,13:26:07,47640,47707.0,48300,48367.0,11.0,11.0,1.1166666666666667,1.1166666666666667,0.0,2025-09,Wednesday,0,2025-09-10,Wednesday,2025-09,13,Midday,0,0,1.1167,1.1167,680,1,0.0,0,0,2025,9,September,Q3,BA:Green-N | Midday,266,4.51,10.34,10.51,Critical,91.07,P1 - Primary Hotspot,2.0,Not Late,Not Severe,Eligible
BA:1771601:20250930,2025-09-10,BA:Green-N,901901,13:34:00,13:35:07,901302,13:45:00,13:46:07,48840,48907.0,49500,49567.0,11.0,11.0,1.1166666666666667,1.1166666666666667,0.0,2025-09,Wednesday,0,2025-09-10,Wednesday,2025-09,13,Midday,0,0,1.1167,1.1167,680,1,0.0,0,0,2025,9,September,Q3,BA:Green-N | Midday,266,4.51,10.34,10.51,Critical,91.07,P1 - Primary Hotspot,2.0,Not Late,Not Severe,Eligible
BA:1771602:20250930,2025-09-10,BA:Green-N,901901,13:54:00,13:55:07,901302,14:05:00,14:06:07,50040,50107.0,50700,50767.0,11.0,11.0,1.1166666666666667,1.1166666666666667,0.0,2025-09,Wednesday,0,2025-09-10,Wednesday,2025-09,13,Midday,0,0,1.1167,1.1167,680,1,0.0,0,0,2025,9,September,Q3,BA:Green-N | Midday,266,4.51,10.34,10.51,Critical,91.07,P1 - Primary Hotspot,2.0,Not Late,Not Severe,Eligible
BA:1771604:20250930,2025-09-10,BA:Green-N,901901,14:34:00,14:42:56,901302,14:45:00,14:53:33,52440,52976.0,53100,53613.0,11.0,10.616666666666667,8.55,8.933333333333334,-0.3833333333333328,2025-09,Wednesday,0,2025-09-10,Wednesday,2025-09,14,Midday,0,0,8.55,1.1167,680,1,7.4333,1,0,2025,9,September,Q3,BA:Green-N | Midday,266,4.51,10.34,10.51,Critical,91.07,P1 - Primary Hotspot,2.0,Late,Not Severe,Eligible
BA:1771605:20250930,2025-09-10,BA:Green-N,901901,14:54:00,14:55:07,901302,15:05:00,15:06:07,53640,53707.0,54300,54367.0,11.0,11.0,1.1166666666666667,1.1166666666666667,0.0,2025-09,Wednesday,0,2025-09-10,Wednesday,2025-09,14,Midday,0,0,1.1167,1.1167,680,1,0.0,0,0,2025,9,September,Q3,BA:Green-N | Midday,266,4.51,10.34,10.51,Critical,91.07,P1 - Primary Hotspot,2.0,Not Late,Not Severe,Eligible
BA:1771606:20250930,2025-09-10,BA:Green-N,901901,15:14:00,15:15:07,901302,15:25:00,15:26:07,54840,54907.0,55500,55567.0,11.0,11.0,1.1166666666666667,1.1166666666666667,0.0,2025-09,Wednesday,0,2025-09-10,Wednesday,2025-09,15,Midday,0,0,1.1167,1.1167,680,1,0.0,0,0,2025,9,September,Q3,BA:Green-N | Midday,266,4.51,10.34,10.51,Critical,91.07,P1 - Primary Hotspot,2.0,Not Late,Not Severe,Eligible
BA:1771607:20250930,2025-09-10,BA:Green-N,901901,15:34:00,15:46:55,901302,15:45:00,15:57:28,56040,56815.0,56700,57448.0,11.0,10.55,12.466666666666669,12.916666666666666,-0.4499999999999993,2025-09,Wednesday,0,2025-09-10,Wednesday,2025-09,15,Midday,0,0,12.4667,1.1167,680,1,11.35,1,1,2025,9,September,Q3,BA:Green-N | Midday,266,4.51,10.34,10.51,Critical,91.07,P1 - Primary Hotspot,2.0,Late,Severe Delay,Eligible
BA:1771781:20250930,2025-09-09,BA:Yellow-N,901902,24:08:00,24:08:50,901302,24:18:00,24:22:09,86880,86930.0,87480,87729.0,10.0,13.316666666666666,4.15,0.8333333333333334,3.3166666666666664,2025-09,Tuesday,1,2025-09-10,Wednesday,2025-09,0,Overnight,0,0,4.15,1.4833,647,1,2.6667,0,0,2025,9,September,Q3,BA:Yellow-N | Overnight,335,26.27,7.33,68.28,Chronic,95.71,P1 - Primary Hotspot,1.0,Not Late,Not Severe,Eligible
BA:1771575:20250930,2025-09-11,BA:Green-N,901901,04:54:00,04:57:35,901302,05:05:00,05:08:02,17640,17855.0,18300,18482.0,11.0,10.45,3.033333333333333,3.5833333333333335,-0.5500000000000007,2025-09,Thursday,0,2025-09-11,Thursday,2025-09,4,Overnight,0,0,3.0333,1.1167,680,1,1.9167,0,0,2025,9,September,Q3,BA:Green-N | Overnight,181,2.76,7.14,5.79,Chronic,76.07,P1 - Primary Hotspot,3.0,Not Late,Not Severe,Eligible
BA:1771576:20250930,2025-09-11,BA:Green-N,901901,05:14:00,05:15:07,901302,05:25:00,05:26:07,18840,18907.0,19500,19567.0,11.0,11.0,1.1166666666666667,1.1166666666666667,0.0,2025-09,Thursday,0,2025-09-11,Thursday,2025-09,5,Overnight,0,0,1.1167,1.1167,680,1,0.0,0,0,2025,9,September,Q3,BA:Green-N | Overnight,181,2.76,7.14,5.79,Chronic,76.07,P1 - Primary Hotspot,3.0,Not Late,Not Severe,Eligible
BA:1771577:20250930,2025-09-11,BA:Green-N,901901,05:34:00,05:35:07,901302,05:45:00,05:46:07,20040,20107.0,20700,20767.0,11.0,11.0,1.1166666666666667,1.1166666666666667,0.0,2025-09,Thursday,0,2025-09-11,Thursday,2025-09,5,Overnight,0,0,1.1167,1.1167,680,1,0.0,0,0,2025,9,September,Q3,BA:Green-N | Overnight,181,2.76,7.14,5.79,Chronic,76.07,P1 - Primary Hotspot,3.0,Not Late,Not Severe,Eligible
BA:1771578:20250930,2025-09-11,BA:Green-N,901901,05:54:00,05:55:07,901302,06:05:00,06:06:07,21240,21307.0,21900,21967.0,11.0,11.0,1.1166666666666667,1.1166666666666667,0.0,2025-09,Thursday,0,2025-09-11,Thursday,2025-09,5,Overnight,0,0,1.1167,1.1167,680,1,0.0,0,0,2025,9,September,Q3,BA:Green-N | Overnight,181,2.76,7.14,5.79,Chronic,76.07,P1 - Primary Hotspot,3.0,Not Late,Not Severe,Eligible
BA:1771584:20250930,2025-09-11,BA:Green-N,901901,07:54:00,07:55:07,901302,08:05:00,08:06:07,28440,28507.0,29100,29167.0,11.0,11.0,1.1166666666666667,1.1166666666666667,0.0,2025-09,Thursday,0,2025-09-11,Thursday,2025-09,7,Morning Peak,1,0,1.1167,1.1167,680,1,0.0,0,0,2025,9,September,Q3,BA:Green-N | Morning Peak,142,2.82,6.27,1.81,Chronic,59.64,P3 - Reliability Watch,7.0,Not Late,Not Severe,Eligible
BA:1771585:20250930,2025-09-11,BA:Green-N,901901,08:14:00,08:15:07,901302,08:25:00,08:26:07,29640,29707.0,30300,30367.0,11.0,11.0,1.1166666666666667,1.1166666666666667,0.0,2025-09,Thursday,0,2025-09-11,Thursday,2025-09,8,Morning Peak,1,0,1.1167,1.1167,680,1,0.0,0,0,2025,9,September,Q3,BA:Green-N | Morning Peak,142,2.82,6.27,1.81,Chronic,59.64,P3 - Reliability Watch,7.0,Not Late,Not Severe,Eligible
BA:1771586:20250930,2025-09-11,BA:Green-N,901901,08:34:00,08:35:07,901302,08:45:00,08:46:07,30840,30907.0,31500,31567.0,11.0,11.0,1.1166666666666667,1.1166666666666667,0.0,2025-09,Thursday,0,2025-09-11,Thursday,2025-09,8,Morning Peak,1,0,1.1167,1.1167,680,1,0.0,0,0,2025,9,September,Q3,BA:Green-N | Morning Peak,142,2.82,6.27,1.81,Chronic,59.64,P3 - Reliability Watch,7.0,Not Late,Not Severe,Eligible
BA:1771587:20250930,2025-09-11,BA:Green-N,901901,08:54:00,08:55:07,901302,09:05:00,09:06:07,32040,32107.0,32700,32767.0,11.0,11.0,1.1166666666666667,1.1166666666666667,0.0,2025-09,Thursday,0,2025-09-11,Thursday,2025-09,8,Morning Peak,1,0,1.1167,1.1167,680,1,0.0,0,0,2025,9,September,Q3,BA:Green-N | Morning Peak,142,2.82,6.27,1.81,Chronic,59.64,P3 - Reliability Watch,7.0,Not Late,Not Severe,Eligible
BA:1771588:20250930,2025-09-11,BA:Green-N,901901,09:14:00,09:15:07,901302,09:25:00,09:26:07,33240,33307.0,33900,33967.0,11.0,11.0,1.1166666666666667,1.1166666666666667,0.0,2025-09,Thursday,0,2025-09-11,Thursday,2025-09,9,Morning Peak,1,0,1.1167,1.1167,680,1,0.0,0,0,2025,9,September,Q3,BA:Green-N | Morning Peak,142,2.82,6.27,1.81,Chronic,59.64,P3 - Reliability Watch,7.0,Not Late,Not Severe,Eligible
BA:1771589:20250930,2025-09-11,BA:Green-N,901901,09:34:00,09:35:07,901302,09:45:00,09:46:07,34440,34507.0,35100,35167.0,11.0,11.0,1.1166666666666667,1.1166666666666667,0.0,2025-09,Thursday,0,2025-09-11,Thursday,2025-09,9,Morning Peak,1,0,1.1167,1.1167,680,1,0.0,0,0,2025,9,September,Q3,BA:Green-N | Morning Peak,142,2.82,6.27,1.81,Chronic,59.64,P3 - Reliability Watch,7.0,Not Late,Not Severe,Eligible
BA:1771590:20250930,2025-09-11,BA:Green-N,901901,09:54:00,09:55:07,901302,10:05:00,10:06:07,35640,35707.0,36300,36367.0,11.0,11.0,1.1166666666666667,1.1166666666666667,0.0,2025-09,Thursday,0,2025-09-11,Thursday,2025-09,9,Morning Peak,1,0,1.1167,1.1167,680,1,0.0,0,0,2025,9,September,Q3,BA:Green-N | Morning Peak,142,2.82,6.27,1.81,Chronic,59.64,P3 - Reliability Watch,7.0,Not Late,Not Severe,Eligible
BA:1771595:20250930,2025-09-11,BA:Green-N,901901,11:34:00,11:35:07,901302,11:45:00,11:46:07,41640,41707.0,42300,42367.0,11.0,11.0,1.1166666666666667,1.1166666666666667,0.0,2025-09,Thursday,0,2025-09-11,Thursday,2025-09,11,Midday,0,0,1.1167,1.1167,680,1,0.0,0,0,2025,9,September,Q3,BA:Green-N | Midday,266,4.51,10.34,10.51,Critical,91.07,P1 - Primary Hotspot,2.0,Not Late,Not Severe,Eligible
BA:1771596:20250930,2025-09-11,BA:Green-N,901901,11:54:00,11:55:07,901302,12:05:00,12:06:07,42840,42907.0,43500,43567.0,11.0,11.0,1.1166666666666667,1.1166666666666667,0.0,2025-09,Thursday,0,2025-09-11,Thursday,2025-09,11,Midday,0,0,1.1167,1.1167,680,1,0.0,0,0,2025,9,September,Q3,BA:Green-N | Midday,266,4.51,10.34,10.51,Critical,91.07,P1 - Primary Hotspot,2.0,Not Late,Not Severe,Eligible
BA:1771597:20250930,2025-09-11,BA:Green-N,901901,12:14:00,12:15:07,901302,12:25:00,12:26:07,44040,44107.0,44700,44767.0,11.0,11.0,1.1166666666666667,1.1166666666666667,0.0,2025-09,Thursday,0,2025-09-11,Thursday,2025-09,12,Midday,0,0,1.1167,1.1167,680,1,0.0,0,0,2025,9,September,Q3,BA:Green-N | Midday,266,4.51,10.34,10.51,Critical,91.07,P1 - Primary Hotspot,2.0,Not Late,Not Severe,Eligible
BA:1771598:20250930,2025-09-11,BA:Green-N,901901,12:34:00,12:35:07,901302,12:45:00,12:46:07,45240,45307.0,45900,45967.0,11.0,11.0,1.1166666666666667,1.1166666666666667,0.0,2025-09,Thursday,0,2025-09-11,Thursday,2025-09,12,Midday,0,0,1.1167,1.1167,680,1,0.0,0,0,2025,9,September,Q3,BA:Green-N | Midday,266,4.51,10.34,10.51,Critical,91.07,P1 - Primary Hotspot,2.0,Not Late,Not Severe,Eligible
BA:1771781:20250930,2025-09-10,BA:Yellow-N,901902,24:08:00,24:09:35,901302,24:18:00,24:22:36,86880,86975.0,87480,87756.0,10.0,13.016666666666667,4.6,1.5833333333333333,3.0166666666666675,2025-09,Wednesday,1,2025-09-11,Thursday,2025-09,0,Overnight,0,0,4.6,1.4833,647,1,3.1167,0,0,2025,9,September,Q3,BA:Yellow-N | Overnight,335,26.27,7.33,68.28,Chronic,95.71,P1 - Primary Hotspot,1.0,Not Late,Not Severe,Eligible
BA:1771575:20250930,2025-09-12,BA:Green-N,901901,04:54:00,04:57:11,901302,05:05:00,05:07:44,17640,17831.0,18300,18464.0,11.0,10.55,2.7333333333333334,3.183333333333333,-0.4499999999999993,2025-09,Friday,0,2025-09-12,Friday,2025-09,4,Overnight,0,0,2.7333,1.1167,680,1,1.6167,0,0,2025,9,September,Q3,BA:Green-N | Overnight,181,2.76,7.14,5.79,Chronic,76.07,P1 - Primary Hotspot,3.0,Not Late,Not Severe,Eligible
BA:1771576:20250930,2025-09-12,BA:Green-N,901901,05:14:00,05:15:41,901302,05:25:00,05:26:07,18840,18941.0,19500,19567.0,11.0,10.433333333333334,1.1166666666666667,1.6833333333333331,-0.5666666666666664,2025-09,Friday,0,2025-09-12,Friday,2025-09,5,Overnight,0,0,1.1167,1.1167,680,1,0.0,0,0,2025,9,September,Q3,BA:Green-N | Overnight,181,2.76,7.14,5.79,Chronic,76.07,P1 - Primary Hotspot,3.0,Not Late,Not Severe,Eligible
BA:1771577:20250930,2025-09-12,BA:Green-N,901901,05:34:00,05:35:07,901302,05:45:00,05:46:07,20040,20107.0,20700,20767.0,11.0,11.0,1.1166666666666667,1.1166666666666667,0.0,2025-09,Friday,0,2025-09-12,Friday,2025-09,5,Overnight,0,0,1.1167,1.1167,680,1,0.0,0,0,2025,9,September,Q3,BA:Green-N | Overnight,181,2.76,7.14,5.79,Chronic,76.07,P1 - Primary Hotspot,3.0,Not Late,Not Severe,Eligible
BA:1771578:20250930,2025-09-12,BA:Green-N,901901,05:54:00,05:55:07,901302,06:05:00,06:06:07,21240,21307.0,21900,21967.0,11.0,11.0,1.1166666666666667,1.1166666666666667,0.0,2025-09,Friday,0,2025-09-12,Friday,2025-09,5,Overnight,0,0,1.1167,1.1167,680,1,0.0,0,0,2025,9,September,Q3,BA:Green-N | Overnight,181,2.76,7.14,5.79,Chronic,76.07,P1 - Primary Hotspot,3.0,Not Late,Not Severe,Eligible
BA:1771584:20250930,2025-09-12,BA:Green-N,901901,07:54:00,07:55:07,901302,08:05:00,08:06:07,28440,28507.0,29100,29167.0,11.0,11.0,1.1166666666666667,1.1166666666666667,0.0,2025-09,Friday,0,2025-09-12,Friday,2025-09,7,Morning Peak,1,0,1.1167,1.1167,680,1,0.0,0,0,2025,9,September,Q3,BA:Green-N | Morning Peak,142,2.82,6.27,1.81,Chronic,59.64,P3 - Reliability Watch,7.0,Not Late,Not Severe,Eligible
BA:1771585:20250930,2025-09-12,BA:Green-N,901901,08:14:00,08:15:07,901302,08:25:00,08:26:07,29640,29707.0,30300,30367.0,11.0,11.0,1.1166666666666667,1.1166666666666667,0.0,2025-09,Friday,0,2025-09-12,Friday,2025-09,8,Morning Peak,1,0,1.1167,1.1167,680,1,0.0,0,0,2025,9,September,Q3,BA:Green-N | Morning Peak,142,2.82,6.27,1.81,Chronic,59.64,P3 - Reliability Watch,7.0,Not Late,Not Severe,Eligible
BA:1771586:20250930,2025-09-12,BA:Green-N,901901,08:34:00,08:35:07,901302,08:45:00,08:46:07,30840,30907.0,31500,31567.0,11.0,11.0,1.1166666666666667,1.1166666666666667,0.0,2025-09,Friday,0,2025-09-12,Friday,2025-09,8,Morning Peak,1,0,1.1167,1.1167,680,1,0.0,0,0,2025,9,September,Q3,BA:Green-N | Morning Peak,142,2.82,6.27,1.81,Chronic,59.64,P3 - Reliability Watch,7.0,Not Late,Not Severe,Eligible
BA:1771587:20250930,2025-09-12,BA:Green-N,901901,08:54:00,08:55:07,901302,09:05:00,09:06:07,32040,32107.0,32700,32767.0,11.0,11.0,1.1166666666666667,1.1166666666666667,0.0,2025-09,Friday,0,2025-09-12,Friday,2025-09,8,Morning Peak,1,0,1.1167,1.1167,680,1,0.0,0,0,2025,9,September,Q3,BA:Green-N | Morning Peak,142,2.82,6.27,1.81,Chronic,59.64,P3 - Reliability Watch,7.0,Not Late,Not Severe,Eligible
BA:1771588:20250930,2025-09-12,BA:Green-N,901901,09:14:00,09:15:07,901302,09:25:00,09:26:07,33240,33307.0,33900,33967.0,11.0,11.0,1.1166666666666667,1.1166666666666667,0.0,2025-09,Friday,0,2025-09-12,Friday,2025-09,9,Morning Peak,1,0,1.1167,1.1167,680,1,0.0,0,0,2025,9,September,Q3,BA:Green-N | Morning Peak,142,2.82,6.27,1.81,Chronic,59.64,P3 - Reliability Watch,7.0,Not Late,Not Severe,Eligible
BA:1771589:20250930,2025-09-12,BA:Green-N,901901,09:34:00,09:35:07,901302,09:45:00,09:46:07,34440,34507.0,35100,35167.0,11.0,11.0,1.1166666666666667,1.1166666666666667,0.0,2025-09,Friday,0,2025-09-12,Friday,2025-09,9,Morning Peak,1,0,1.1167,1.1167,680,1,0.0,0,0,2025,9,September,Q3,BA:Green-N | Morning Peak,142,2.82,6.27,1.81,Chronic,59.64,P3 - Reliability Watch,7.0,Not Late,Not Severe,Eligible
BA:1771590:20250930,2025-09-12,BA:Green-N,901901,09:54:00,09:55:07,901302,10:05:00,10:06:07,35640,35707.0,36300,36367.0,11.0,11.0,1.1166666666666667,1.1166666666666667,0.0,2025-09,Friday,0,2025-09-12,Friday,2025-09,9,Morning Peak,1,0,1.1167,1.1167,680,1,0.0,0,0,2025,9,September,Q3,BA:Green-N | Morning Peak,142,2.82,6.27,1.81,Chronic,59.64,P3 - Reliability Watch,7.0,Not Late,Not Severe,Eligible
BA:1771595:20250930,2025-09-12,BA:Green-N,901901,11:34:00,11:35:07,901302,11:45:00,11:46:07,41640,41707.0,42300,42367.0,11.0,11.0,1.1166666666666667,1.1166666666666667,0.0,2025-09,Friday,0,2025-09-12,Friday,2025-09,11,Midday,0,0,1.1167,1.1167,680,1,0.0,0,0,2025,9,September,Q3,BA:Green-N | Midday,266,4.51,10.34,10.51,Critical,91.07,P1 - Primary Hotspot,2.0,Not Late,Not Severe,Eligible
BA:1771596:20250930,2025-09-12,BA:Green-N,901901,11:54:00,11:55:07,901302,12:05:00,12:06:07,42840,42907.0,43500,43567.0,11.0,11.0,1.1166666666666667,1.1166666666666667,0.0,2025-09,Friday,0,2025-09-12,Friday,2025-09,11,Midday,0,0,1.1167,1.1167,680,1,0.0,0,0,2025,9,September,Q3,BA:Green-N | Midday,266,4.51,10.34,10.51,Critical,91.07,P1 - Primary Hotspot,2.0,Not Late,Not Severe,Eligible
BA:1771597:20250930,2025-09-12,BA:Green-N,901901,12:14:00,12:15:07,901302,12:25:00,12:26:07,44040,44107.0,44700,44767.0,11.0,11.0,1.1166666666666667,1.1166666666666667,0.0,2025-09,Friday,0,2025-09-12,Friday,2025-09,12,Midday,0,0,1.1167,1.1167,680,1,0.0,0,0,2025,9,September,Q3,BA:Green-N | Midday,266,4.51,10.34,10.51,Critical,91.07,P1 - Primary Hotspot,2.0,Not Late,Not Severe,Eligible
BA:1771776:20250930,2025-09-12,BA:Yellow-N,901902,22:28:00,22:28:29,901302,22:38:00,22:39:29,80880,80909.0,81480,81569.0,10.0,11.0,1.4833333333333334,0.4833333333333333,1.0,2025-09,Friday,0,2025-09-12,Friday,2025-09,22,Evening,0,0,1.4833,1.4833,647,1,0.0,0,0,2025,9,September,Q3,BA:Yellow-N | Evening,50,2.0,24.0,1.84,Critical,67.86,P3 - Reliability Watch,6.0,Not Late,Not Severe,Eligible
BA:1771781:20250930,2025-09-11,BA:Yellow-N,901902,24:08:00,24:09:23,901302,24:18:00,24:20:37,86880,86963.0,87480,87637.0,10.0,11.233333333333333,2.6166666666666667,1.3833333333333333,1.2333333333333325,2025-09,Thursday,1,2025-09-12,Friday,2025-09,0,Overnight,0,0,2.6167,1.4833,647,1,1.1333,0,0,2025,9,September,Q3,BA:Yellow-N | Overnight,335,26.27,7.33,68.28,Chronic,95.71,P1 - Primary Hotspot,1.0,Not Late,Not Severe,Eligible
BA:1771781:20250930,2025-09-12,BA:Yellow-N,901902,24:08:00,24:09:10,901302,24:18:00,24:20:28,86880,86950.0,87480,87628.0,10.0,11.3,2.466666666666667,1.1666666666666667,1.3000000000000007,2025-09,Friday,1,2025-09-13,Saturday,2025-09,0,Overnight,0,0,2.4667,1.4833,647,1,0.9833,0,0,2025,9,September,Q3,BA:Yellow-N | Overnight,335,26.27,7.33,68.28,Chronic,95.71,P1 - Primary Hotspot,1.0,Not Late,Not Severe,Eligible
BA:1771458:20250930,2025-09-15,BA:Blue-N,901901,05:11:00,05:11:49,901302,05:22:00,05:22:49,18660,18709.0,19320,19369.0,11.0,11.0,0.8166666666666667,0.8166666666666667,0.0,2025-09,Monday,0,2025-09-15,Monday,2025-09,5,Overnight,0,0,0.8167,0.8167,479,1,0.0,0,0,2025,9,September,Q3,BA:Blue-N | Overnight,64,0.0,,0.11,Reliable,23.57,Monitor,12.0,Not Late,Not Severe,Eligible
BA:1771459:20250930,2025-09-15,BA:Blue-N,901901,05:31:00,05:31:49,901302,05:42:00,05:42:49,19860,19909.0,20520,20569.0,11.0,11.0,0.8166666666666667,0.8166666666666667,0.0,2025-09,Monday,0,2025-09-15,Monday,2025-09,5,Overnight,0,0,0.8167,0.8167,479,1,0.0,0,0,2025,9,September,Q3,BA:Blue-N | Overnight,64,0.0,,0.11,Reliable,23.57,Monitor,12.0,Not Late,Not Severe,Eligible
BA:1771460:20250930,2025-09-15,BA:Blue-N,901901,05:51:00,05:51:49,901302,06:02:00,06:02:49,21060,21109.0,21720,21769.0,11.0,11.0,0.8166666666666667,0.8166666666666667,0.0,2025-09,Monday,0,2025-09-15,Monday,2025-09,5,Overnight,0,0,0.8167,0.8167,479,1,0.0,0,0,2025,9,September,Q3,BA:Blue-N | Overnight,64,0.0,,0.11,Reliable,23.57,Monitor,12.0,Not Late,Not Severe,Eligible
BA:1771461:20250930,2025-09-15,BA:Blue-N,901901,06:11:00,06:11:49,901302,06:22:00,06:22:49,22260,22309.0,22920,22969.0,11.0,11.0,0.8166666666666667,0.8166666666666667,0.0,2025-09,Monday,0,2025-09-15,Monday,2025-09,6,Overnight,0,0,0.8167,0.8167,479,1,0.0,0,0,2025,9,September,Q3,BA:Blue-N | Overnight,64,0.0,,0.11,Reliable,23.57,Monitor,12.0,Not Late,Not Severe,Eligible
BA:1771462:20250930,2025-09-15,BA:Blue-N,901901,06:31:00,06:31:49,901302,06:42:00,06:42:49,23460,23509.0,24120,24169.0,11.0,11.0,0.8166666666666667,0.8166666666666667,0.0,2025-09,Monday,0,2025-09-15,Monday,2025-09,6,Overnight,0,0,0.8167,0.8167,479,1,0.0,0,0,2025,9,September,Q3,BA:Blue-N | Overnight,64,0.0,,0.11,Reliable,23.57,Monitor,12.0,Not Late,Not Severe,Eligible
BA:1771463:20250930,2025-09-15,BA:Blue-N,901901,06:51:00,06:51:49,901302,07:02:00,07:02:49,24660,24709.0,25320,25369.0,11.0,11.0,0.8166666666666667,0.8166666666666667,0.0,2025-09,Monday,0,2025-09-15,Monday,2025-09,6,Overnight,0,0,0.8167,0.8167,479,1,0.0,0,0,2025,9,September,Q3,BA:Blue-N | Overnight,64,0.0,,0.11,Reliable,23.57,Monitor,12.0,Not Late,Not Severe,Eligible
BA:1771464:20250930,2025-09-15,BA:Blue-N,901901,07:11:00,07:11:49,901302,07:22:00,07:22:49,25860,25909.0,26520,26569.0,11.0,11.0,0.8166666666666667,0.8166666666666667,0.0,2025-09,Monday,0,2025-09-15,Monday,2025-09,7,Morning Peak,1,0,0.8167,0.8167,479,1,0.0,0,0,2025,9,September,Q3,BA:Blue-N | Morning Peak,88,1.14,7.27,0.6,Chronic,47.86,P3 - Reliability Watch,9.0,Not Late,Not Severe,Eligible
BA:1771466:20250930,2025-09-15,BA:Blue-N,901901,07:51:00,07:51:49,901302,08:02:00,08:02:49,28260,28309.0,28920,28969.0,11.0,11.0,0.8166666666666667,0.8166666666666667,0.0,2025-09,Monday,0,2025-09-15,Monday,2025-09,7,Morning Peak,1,0,0.8167,0.8167,479,1,0.0,0,0,2025,9,September,Q3,BA:Blue-N | Morning Peak,88,1.14,7.27,0.6,Chronic,47.86,P3 - Reliability Watch,9.0,Not Late,Not Severe,Eligible
BA:1771469:20250930,2025-09-15,BA:Blue-N,901901,08:51:00,08:51:49,901302,09:02:00,09:02:49,31860,31909.0,32520,32569.0,11.0,11.0,0.8166666666666667,0.8166666666666667,0.0,2025-09,Monday,0,2025-09-15,Monday,2025-09,8,Morning Peak,1,0,0.8167,0.8167,479,1,0.0,0,0,2025,9,September,Q3,BA:Blue-N | Morning Peak,88,1.14,7.27,0.6,Chronic,47.86,P3 - Reliability Watch,9.0,Not Late,Not Severe,Eligible
BA:1771471:20250930,2025-09-15,BA:Blue-N,901901,09:31:00,09:31:49,901302,09:42:00,09:42:49,34260,34309.0,34920,34969.0,11.0,11.0,0.8166666666666667,0.8166666666666667,0.0,2025-09,Monday,0,2025-09-15,Monday,2025-09,9,Morning Peak,1,0,0.8167,0.8167,479,1,0.0,0,0,2025,9,September,Q3,BA:Blue-N | Morning Peak,88,1.14,7.27,0.6,Chronic,47.86,P3 - Reliability Watch,9.0,Not Late,Not Severe,Eligible
BA:1771472:20250930,2025-09-15,BA:Blue-N,901901,09:51:00,09:51:49,901302,10:02:00,10:02:49,35460,35509.0,36120,36169.0,11.0,11.0,0.8166666666666667,0.8166666666666667,0.0,2025-09,Monday,0,2025-09-15,Monday,2025-09,9,Morning Peak,1,0,0.8167,0.8167,479,1,0.0,0,0,2025,9,September,Q3,BA:Blue-N | Morning Peak,88,1.14,7.27,0.6,Chronic,47.86,P3 - Reliability Watch,9.0,Not Late,Not Severe,Eligible
BA:1771576:20250930,2025-09-15,BA:Green-N,901901,05:14:00,05:15:07,901302,05:25:00,05:26:07,18840,18907.0,19500,19567.0,11.0,11.0,1.1166666666666667,1.1166666666666667,0.0,2025-09,Monday,0,2025-09-15,Monday,2025-09,5,Overnight,0,0,1.1167,1.1167,680,1,0.0,0,0,2025,9,September,Q3,BA:Green-N | Overnight,181,2.76,7.14,5.79,Chronic,76.07,P1 - Primary Hotspot,3.0,Not Late,Not Severe,Eligible
BA:1771577:20250930,2025-09-15,BA:Green-N,901901,05:34:00,05:35:07,901302,05:45:00,05:46:07,20040,20107.0,20700,20767.0,11.0,11.0,1.1166666666666667,1.1166666666666667,0.0,2025-09,Monday,0,2025-09-15,Monday,2025-09,5,Overnight,0,0,1.1167,1.1167,680,1,0.0,0,0,2025,9,September,Q3,BA:Green-N | Overnight,181,2.76,7.14,5.79,Chronic,76.07,P1 - Primary Hotspot,3.0,Not Late,Not Severe,Eligible
BA:1771579:20250930,2025-09-15,BA:Green-N,901901,06:14:00,06:15:07,901302,06:25:00,06:26:07,22440,22507.0,23100,23167.0,11.0,11.0,1.1166666666666667,1.1166666666666667,0.0,2025-09,Monday,0,2025-09-15,Monday,2025-09,6,Overnight,0,0,1.1167,1.1167,680,1,0.0,0,0,2025,9,September,Q3,BA:Green-N | Overnight,181,2.76,7.14,5.79,Chronic,76.07,P1 - Primary Hotspot,3.0,Not Late,Not Severe,Eligible
BA:1771580:20250930,2025-09-15,BA:Green-N,901901,06:34:00,06:35:07,901302,06:45:00,06:46:07,23640,23707.0,24300,24367.0,11.0,11.0,1.1166666666666667,1.1166666666666667,0.0,2025-09,Monday,0,2025-09-15,Monday,2025-09,6,Overnight,0,0,1.1167,1.1167,680,1,0.0,0,0,2025,9,September,Q3,BA:Green-N | Overnight,181,2.76,7.14,5.79,Chronic,76.07,P1 - Primary Hotspot,3.0,Not Late,Not Severe,Eligible
BA:1771583:20250930,2025-09-15,BA:Green-N,901901,07:34:00,07:35:07,901302,07:45:00,07:46:07,27240,27307.0,27900,27967.0,11.0,11.0,1.1166666666666667,1.1166666666666667,0.0,2025-09,Monday,0,2025-09-15,Monday,2025-09,7,Morning Peak,1,0,1.1167,1.1167,680,1,0.0,0,0,2025,9,September,Q3,BA:Green-N | Morning Peak,142,2.82,6.27,1.81,Chronic,59.64,P3 - Reliability Watch,7.0,Not Late,Not Severe,Eligible
BA:1771584:20250930,2025-09-15,BA:Green-N,901901,07:54:00,07:55:07,901302,08:05:00,08:06:07,28440,28507.0,29100,29167.0,11.0,11.0,1.1166666666666667,1.1166666666666667,0.0,2025-09,Monday,0,2025-09-15,Monday,2025-09,7,Morning Peak,1,0,1.1167,1.1167,680,1,0.0,0,0,2025,9,September,Q3,BA:Green-N | Morning Peak,142,2.82,6.27,1.81,Chronic,59.64,P3 - Reliability Watch,7.0,Not Late,Not Severe,Eligible
BA:1771585:20250930,2025-09-15,BA:Green-N,901901,08:14:00,08:15:07,901302,08:25:00,08:26:07,29640,29707.0,30300,30367.0,11.0,11.0,1.1166666666666667,1.1166666666666667,0.0,2025-09,Monday,0,2025-09-15,Monday,2025-09,8,Morning Peak,1,0,1.1167,1.1167,680,1,0.0,0,0,2025,9,September,Q3,BA:Green-N | Morning Peak,142,2.82,6.27,1.81,Chronic,59.64,P3 - Reliability Watch,7.0,Not Late,Not Severe,Eligible
BA:1771586:20250930,2025-09-15,BA:Green-N,901901,08:34:00,08:35:07,901302,08:45:00,08:46:07,30840,30907.0,31500,31567.0,11.0,11.0,1.1166666666666667,1.1166666666666667,0.0,2025-09,Monday,0,2025-09-15,Monday,2025-09,8,Morning Peak,1,0,1.1167,1.1167,680,1,0.0,0,0,2025,9,September,Q3,BA:Green-N | Morning Peak,142,2.82,6.27,1.81,Chronic,59.64,P3 - Reliability Watch,7.0,Not Late,Not Severe,Eligible
BA:1771592:20250930,2025-09-15,BA:Green-N,901901,10:34:00,10:35:07,901302,10:45:00,10:46:07,38040,38107.0,38700,38767.0,11.0,11.0,1.1166666666666667,1.1166666666666667,0.0,2025-09,Monday,0,2025-09-15,Monday,2025-09,10,Midday,0,0,1.1167,1.1167,680,1,0.0,0,0,2025,9,September,Q3,BA:Green-N | Midday,266,4.51,10.34,10.51,Critical,91.07,P1 - Primary Hotspot,2.0,Not Late,Not Severe,Eligible
BA:1771593:20250930,2025-09-15,BA:Green-N,901901,10:54:00,10:55:07,901302,11:05:00,11:06:07,39240,39307.0,39900,39967.0,11.0,11.0,1.1166666666666667,1.1166666666666667,0.0,2025-09,Monday,0,2025-09-15,Monday,2025-09,10,Midday,0,0,1.1167,1.1167,680,1,0.0,0,0,2025,9,September,Q3,BA:Green-N | Midday,266,4.51,10.34,10.51,Critical,91.07,P1 - Primary Hotspot,2.0,Not Late,Not Severe,Eligible
BA:1771594:20250930,2025-09-15,BA:Green-N,901901,11:14:00,11:15:07,901302,11:25:00,11:26:07,40440,40507.0,41100,41167.0,11.0,11.0,1.1166666666666667,1.1166666666666667,0.0,2025-09,Monday,0,2025-09-15,Monday,2025-09,11,Midday,0,0,1.1167,1.1167,680,1,0.0,0,0,2025,9,September,Q3,BA:Green-N | Midday,266,4.51,10.34,10.51,Critical,91.07,P1 - Primary Hotspot,2.0,Not Late,Not Severe,Eligible
BA:1771595:20250930,2025-09-15,BA:Green-N,901901,11:34:00,11:35:07,901302,11:45:00,11:46:07,41640,41707.0,42300,42367.0,11.0,11.0,1.1166666666666667,1.1166666666666667,0.0,2025-09,Monday,0,2025-09-15,Monday,2025-09,11,Midday,0,0,1.1167,1.1167,680,1,0.0,0,0,2025,9,September,Q3,BA:Green-N | Midday,266,4.51,10.34,10.51,Critical,91.07,P1 - Primary Hotspot,2.0,Not Late,Not Severe,Eligible
BA:1771602:20250930,2025-09-15,BA:Green-N,901901,13:54:00,13:55:07,901302,14:05:00,14:06:07,50040,50107.0,50700,50767.0,11.0,11.0,1.1166666666666667,1.1166666666666667,0.0,2025-09,Monday,0,2025-09-15,Monday,2025-09,13,Midday,0,0,1.1167,1.1167,680,1,0.0,0,0,2025,9,September,Q3,BA:Green-N | Midday,266,4.51,10.34,10.51,Critical,91.07,P1 - Primary Hotspot,2.0,Not Late,Not Severe,Eligible
BA:1771603:20250930,2025-09-15,BA:Green-N,901901,14:14:00,14:15:07,901302,14:25:00,14:26:07,51240,51307.0,51900,51967.0,11.0,11.0,1.1166666666666667,1.1166666666666667,0.0,2025-09,Monday,0,2025-09-15,Monday,2025-09,14,Midday,0,0,1.1167,1.1167,680,1,0.0,0,0,2025,9,September,Q3,BA:Green-N | Midday,266,4.51,10.34,10.51,Critical,91.07,P1 - Primary Hotspot,2.0,Not Late,Not Severe,Eligible
BA:1771604:20250930,2025-09-15,BA:Green-N,901901,14:34:00,14:35:07,901302,14:45:00,14:46:07,52440,52507.0,53100,53167.0,11.0,11.0,1.1166666666666667,1.1166666666666667,0.0,2025-09,Monday,0,2025-09-15,Monday,2025-09,14,Midday,0,0,1.1167,1.1167,680,1,0.0,0,0,2025,9,September,Q3,BA:Green-N | Midday,266,4.51,10.34,10.51,Critical,91.07,P1 - Primary Hotspot,2.0,Not Late,Not Severe,Eligible
BA:1771608:20250930,2025-09-15,BA:Green-N,901901,15:54:00,16:01:40,901302,16:05:00,16:12:16,57240,57700.0,57900,58336.0,11.0,10.6,7.266666666666667,7.666666666666667,-0.4000000000000003,2025-09,Monday,0,2025-09-15,Monday,2025-09,15,Midday,0,0,7.2667,1.1167,680,1,6.15,1,0,2025,9,September,Q3,BA:Green-N | Midday,266,4.51,10.34,10.51,Critical,91.07,P1 - Primary Hotspot,2.0,Late,Not Severe,Eligible
BA:1771609:20250930,2025-09-15,BA:Green-N,901901,16:14:00,16:19:07,901302,16:25:00,16:29:45,58440,58747.0,59100,59385.0,11.0,10.633333333333333,4.75,5.116666666666666,-0.3666666666666671,2025-09,Monday,0,2025-09-15,Monday,2025-09,16,Evening Peak,0,1,4.75,1.1167,680,1,3.6333,0,0,2025,9,September,Q3,BA:Green-N | Evening Peak,76,5.26,9.22,3.05,Critical,78.93,P3 - Reliability Watch,5.0,Not Late,Not Severe,Eligible
BA:1771615:20250930,2025-09-15,BA:Green-N,901901,18:14:00,18:15:07,901302,18:25:00,18:26:07,65640,65707.0,66300,66367.0,11.0,11.0,1.1166666666666667,1.1166666666666667,0.0,2025-09,Monday,0,2025-09-15,Monday,2025-09,18,Evening Peak,0,1,1.1167,1.1167,680,1,0.0,0,0,2025,9,September,Q3,BA:Green-N | Evening Peak,76,5.26,9.22,3.05,Critical,78.93,P3 - Reliability Watch,5.0,Not Late,Not Severe,Eligible
BA:1771575:20250930,2025-09-16,BA:Green-N,901901,04:54:00,04:55:07,901302,05:05:00,05:06:07,17640,17707.0,18300,18367.0,11.0,11.0,1.1166666666666667,1.1166666666666667,0.0,2025-09,Tuesday,0,2025-09-16,Tuesday,2025-09,4,Overnight,0,0,1.1167,1.1167,680,1,0.0,0,0,2025,9,September,Q3,BA:Green-N | Overnight,181,2.76,7.14,5.79,Chronic,76.07,P1 - Primary Hotspot,3.0,Not Late,Not Severe,Eligible
BA:1771576:20250930,2025-09-16,BA:Green-N,901901,05:14:00,05:15:07,901302,05:25:00,05:26:07,18840,18907.0,19500,19567.0,11.0,11.0,1.1166666666666667,1.1166666666666667,0.0,2025-09,Tuesday,0,2025-09-16,Tuesday,2025-09,5,Overnight,0,0,1.1167,1.1167,680,1,0.0,0,0,2025,9,September,Q3,BA:Green-N | Overnight,181,2.76,7.14,5.79,Chronic,76.07,P1 - Primary Hotspot,3.0,Not Late,Not Severe,Eligible
BA:1771577:20250930,2025-09-16,BA:Green-N,901901,05:34:00,05:36:12,901302,05:45:00,05:46:37,20040,20172.0,20700,20797.0,11.0,10.416666666666666,1.6166666666666667,2.2,-0.5833333333333339,2025-09,Tuesday,0,2025-09-16,Tuesday,2025-09,5,Overnight,0,0,1.6167,1.1167,680,1,0.5,0,0,2025,9,September,Q3,BA:Green-N | Overnight,181,2.76,7.14,5.79,Chronic,76.07,P1 - Primary Hotspot,3.0,Not Late,Not Severe,Eligible
BA:1771578:20250930,2025-09-16,BA:Green-N,901901,05:54:00,05:55:07,901302,06:05:00,06:06:07,21240,21307.0,21900,21967.0,11.0,11.0,1.1166666666666667,1.1166666666666667,0.0,2025-09,Tuesday,0,2025-09-16,Tuesday,2025-09,5,Overnight,0,0,1.1167,1.1167,680,1,0.0,0,0,2025,9,September,Q3,BA:Green-N | Overnight,181,2.76,7.14,5.79,Chronic,76.07,P1 - Primary Hotspot,3.0,Not Late,Not Severe,Eligible
BA:1771584:20250930,2025-09-16,BA:Green-N,901901,07:54:00,07:55:07,901302,08:05:00,08:06:07,28440,28507.0,29100,29167.0,11.0,11.0,1.1166666666666667,1.1166666666666667,0.0,2025-09,Tuesday,0,2025-09-16,Tuesday,2025-09,7,Morning Peak,1,0,1.1167,1.1167,680,1,0.0,0,0,2025,9,September,Q3,BA:Green-N | Morning Peak,142,2.82,6.27,1.81,Chronic,59.64,P3 - Reliability Watch,7.0,Not Late,Not Severe,Eligible
BA:1771586:20250930,2025-09-16,BA:Green-N,901901,08:34:00,08:35:07,901302,08:45:00,08:46:07,30840,30907.0,31500,31567.0,11.0,11.0,1.1166666666666667,1.1166666666666667,0.0,2025-09,Tuesday,0,2025-09-16,Tuesday,2025-09,8,Morning Peak,1,0,1.1167,1.1167,680,1,0.0,0,0,2025,9,September,Q3,BA:Green-N | Morning Peak,142,2.82,6.27,1.81,Chronic,59.64,P3 - Reliability Watch,7.0,Not Late,Not Severe,Eligible
BA:1771587:20250930,2025-09-16,BA:Green-N,901901,08:54:00,08:55:07,901302,09:05:00,09:06:07,32040,32107.0,32700,32767.0,11.0,11.0,1.1166666666666667,1.1166666666666667,0.0,2025-09,Tuesday,0,2025-09-16,Tuesday,2025-09,8,Morning Peak,1,0,1.1167,1.1167,680,1,0.0,0,0,2025,9,September,Q3,BA:Green-N | Morning Peak,142,2.82,6.27,1.81,Chronic,59.64,P3 - Reliability Watch,7.0,Not Late,Not Severe,Eligible
BA:1771590:20250930,2025-09-16,BA:Green-N,901901,09:54:00,09:55:07,901302,10:05:00,10:06:07,35640,35707.0,36300,36367.0,11.0,11.0,1.1166666666666667,1.1166666666666667,0.0,2025-09,Tuesday,0,2025-09-16,Tuesday,2025-09,9,Morning Peak,1,0,1.1167,1.1167,680,1,0.0,0,0,2025,9,September,Q3,BA:Green-N | Morning Peak,142,2.82,6.27,1.81,Chronic,59.64,P3 - Reliability Watch,7.0,Not Late,Not Severe,Eligible
BA:1771602:20250930,2025-09-16,BA:Green-N,901901,13:54:00,13:55:07,901302,14:05:00,14:06:07,50040,50107.0,50700,50767.0,11.0,11.0,1.1166666666666667,1.1166666666666667,0.0,2025-09,Tuesday,0,2025-09-16,Tuesday,2025-09,13,Midday,0,0,1.1167,1.1167,680,1,0.0,0,0,2025,9,September,Q3,BA:Green-N | Midday,266,4.51,10.34,10.51,Critical,91.07,P1 - Primary Hotspot,2.0,Not Late,Not Severe,Eligible
BA:1771603:20250930,2025-09-16,BA:Green-N,901901,14:14:00,14:15:07,901302,14:25:00,14:26:07,51240,51307.0,51900,51967.0,11.0,11.0,1.1166666666666667,1.1166666666666667,0.0,2025-09,Tuesday,0,2025-09-16,Tuesday,2025-09,14,Midday,0,0,1.1167,1.1167,680,1,0.0,0,0,2025,9,September,Q3,BA:Green-N | Midday,266,4.51,10.34,10.51,Critical,91.07,P1 - Primary Hotspot,2.0,Not Late,Not Severe,Eligible
BA:1771604:20250930,2025-09-16,BA:Green-N,901901,14:34:00,14:35:07,901302,14:45:00,14:46:07,52440,52507.0,53100,53167.0,11.0,11.0,1.1166666666666667,1.1166666666666667,0.0,2025-09,Tuesday,0,2025-09-16,Tuesday,2025-09,14,Midday,0,0,1.1167,1.1167,680,1,0.0,0,0,2025,9,September,Q3,BA:Green-N | Midday,266,4.51,10.34,10.51,Critical,91.07,P1 - Primary Hotspot,2.0,Not Late,Not Severe,Eligible
BA:1771605:20250930,2025-09-16,BA:Green-N,901901,14:54:00,14:55:07,901302,15:05:00,15:06:07,53640,53707.0,54300,54367.0,11.0,11.0,1.1166666666666667,1.1166666666666667,0.0,2025-09,Tuesday,0,2025-09-16,Tuesday,2025-09,14,Midday,0,0,1.1167,1.1167,680,1,0.0,0,0,2025,9,September,Q3,BA:Green-N | Midday,266,4.51,10.34,10.51,Critical,91.07,P1 - Primary Hotspot,2.0,Not Late,Not Severe,Eligible
BA:1771606:20250930,2025-09-16,BA:Green-N,901901,15:14:00,15:15:07,901302,15:25:00,15:26:07,54840,54907.0,55500,55567.0,11.0,11.0,1.1166666666666667,1.1166666666666667,0.0,2025-09,Tuesday,0,2025-09-16,Tuesday,2025-09,15,Midday,0,0,1.1167,1.1167,680,1,0.0,0,0,2025,9,September,Q3,BA:Green-N | Midday,266,4.51,10.34,10.51,Critical,91.07,P1 - Primary Hotspot,2.0,Not Late,Not Severe,Eligible
BA:1771608:20250930,2025-09-16,BA:Green-N,901901,15:54:00,15:55:07,901302,16:05:00,16:06:07,57240,57307.0,57900,57967.0,11.0,11.0,1.1166666666666667,1.1166666666666667,0.0,2025-09,Tuesday,0,2025-09-16,Tuesday,2025-09,15,Midday,0,0,1.1167,1.1167,680,1,0.0,0,0,2025,9,September,Q3,BA:Green-N | Midday,266,4.51,10.34,10.51,Critical,91.07,P1 - Primary Hotspot,2.0,Not Late,Not Severe,Eligible
BA:1771745:20250930,2025-09-16,BA:Yellow-N,901902,12:09:00,12:09:29,901302,12:19:00,12:20:29,43740,43769.0,44340,44429.0,10.0,11.0,1.4833333333333334,0.4833333333333333,1.0,2025-09,Tuesday,0,2025-09-16,Tuesday,2025-09,12,Midday,0,0,1.4833,1.4833,647,1,0.0,0,0,2025,9,September,Q3,BA:Yellow-N | Midday,115,0.0,,0.0,Reliable,15.0,Monitor,14.0,Not Late,Not Severe,Eligible
BA:1771781:20250930,2025-09-15,BA:Yellow-N,901902,24:08:00,24:13:35,901302,24:18:00,24:24:32,86880,87215.0,87480,87872.0,10.0,10.95,6.533333333333333,5.583333333333333,0.9499999999999992,2025-09,Monday,1,2025-09-16,Tuesday,2025-09,0,Overnight,0,0,6.5333,1.4833,647,1,5.05,1,0,2025,9,September,Q3,BA:Yellow-N | Overnight,335,26.27,7.33,68.28,Chronic,95.71,P1 - Primary Hotspot,1.0,Late,Not Severe,Eligible
BA:1771575:20250930,2025-09-17,BA:Green-N,901901,04:54:00,04:55:07,901302,05:05:00,05:06:07,17640,17707.0,18300,18367.0,11.0,11.0,1.1166666666666667,1.1166666666666667,0.0,2025-09,Wednesday,0,2025-09-17,Wednesday,2025-09,4,Overnight,0,0,1.1167,1.1167,680,1,0.0,0,0,2025,9,September,Q3,BA:Green-N | Overnight,181,2.76,7.14,5.79,Chronic,76.07,P1 - Primary Hotspot,3.0,Not Late,Not Severe,Eligible
BA:1771576:20250930,2025-09-17,BA:Green-N,901901,05:14:00,05:17:14,901302,05:25:00,05:27:40,18840,19034.0,19500,19660.0,11.0,10.433333333333334,2.6666666666666665,3.2333333333333334,-0.5666666666666664,2025-09,Wednesday,0,2025-09-17,Wednesday,2025-09,5,Overnight,0,0,2.6667,1.1167,680,1,1.55,0,0,2025,9,September,Q3,BA:Green-N | Overnight,181,2.76,7.14,5.79,Chronic,76.07,P1 - Primary Hotspot,3.0,Not Late,Not Severe,Eligible
BA:1771577:20250930,2025-09-17,BA:Green-N,901901,05:34:00,05:35:07,901302,05:45:00,05:46:07,20040,20107.0,20700,20767.0,11.0,11.0,1.1166666666666667,1.1166666666666667,0.0,2025-09,Wednesday,0,2025-09-17,Wednesday,2025-09,5,Overnight,0,0,1.1167,1.1167,680,1,0.0,0,0,2025,9,September,Q3,BA:Green-N | Overnight,181,2.76,7.14,5.79,Chronic,76.07,P1 - Primary Hotspot,3.0,Not Late,Not Severe,Eligible
BA:1771578:20250930,2025-09-17,BA:Green-N,901901,05:54:00,05:55:07,901302,06:05:00,06:06:07,21240,21307.0,21900,21967.0,11.0,11.0,1.1166666666666667,1.1166666666666667,0.0,2025-09,Wednesday,0,2025-09-17,Wednesday,2025-09,5,Overnight,0,0,1.1167,1.1167,680,1,0.0,0,0,2025,9,September,Q3,BA:Green-N | Overnight,181,2.76,7.14,5.79,Chronic,76.07,P1 - Primary Hotspot,3.0,Not Late,Not Severe,Eligible
BA:1771585:20250930,2025-09-17,BA:Green-N,901901,08:14:00,08:15:07,901302,08:25:00,08:26:07,29640,29707.0,30300,30367.0,11.0,11.0,1.1166666666666667,1.1166666666666667,0.0,2025-09,Wednesday,0,2025-09-17,Wednesday,2025-09,8,Morning Peak,1,0,1.1167,1.1167,680,1,0.0,0,0,2025,9,September,Q3,BA:Green-N | Morning Peak,142,2.82,6.27,1.81,Chronic,59.64,P3 - Reliability Watch,7.0,Not Late,Not Severe,Eligible
BA:1771590:20250930,2025-09-17,BA:Green-N,901901,09:54:00,09:55:07,901302,10:05:00,10:06:07,35640,35707.0,36300,36367.0,11.0,11.0,1.1166666666666667,1.1166666666666667,0.0,2025-09,Wednesday,0,2025-09-17,Wednesday,2025-09,9,Morning Peak,1,0,1.1167,1.1167,680,1,0.0,0,0,2025,9,September,Q3,BA:Green-N | Morning Peak,142,2.82,6.27,1.81,Chronic,59.64,P3 - Reliability Watch,7.0,Not Late,Not Severe,Eligible
BA:1771591:20250930,2025-09-17,BA:Green-N,901901,10:14:00,10:15:07,901302,10:25:00,10:26:07,36840,36907.0,37500,37567.0,11.0,11.0,1.1166666666666667,1.1166666666666667,0.0,2025-09,Wednesday,0,2025-09-17,Wednesday,2025-09,10,Midday,0,0,1.1167,1.1167,680,1,0.0,0,0,2025,9,September,Q3,BA:Green-N | Midday,266,4.51,10.34,10.51,Critical,91.07,P1 - Primary Hotspot,2.0,Not Late,Not Severe,Eligible
BA:1771592:20250930,2025-09-17,BA:Green-N,901901,10:34:00,10:35:07,901302,10:45:00,10:46:07,38040,38107.0,38700,38767.0,11.0,11.0,1.1166666666666667,1.1166666666666667,0.0,2025-09,Wednesday,0,2025-09-17,Wednesday,2025-09,10,Midday,0,0,1.1167,1.1167,680,1,0.0,0,0,2025,9,September,Q3,BA:Green-N | Midday,266,4.51,10.34,10.51,Critical,91.07,P1 - Primary Hotspot,2.0,Not Late,Not Severe,Eligible
BA:1771593:20250930,2025-09-17,BA:Green-N,901901,10:54:00,10:55:07,901302,11:05:00,11:06:07,39240,39307.0,39900,39967.0,11.0,11.0,1.1166666666666667,1.1166666666666667,0.0,2025-09,Wednesday,0,2025-09-17,Wednesday,2025-09,10,Midday,0,0,1.1167,1.1167,680,1,0.0,0,0,2025,9,September,Q3,BA:Green-N | Midday,266,4.51,10.34,10.51,Critical,91.07,P1 - Primary Hotspot,2.0,Not Late,Not Severe,Eligible
BA:1771595:20250930,2025-09-17,BA:Green-N,901901,11:34:00,11:35:07,901302,11:45:00,11:46:07,41640,41707.0,42300,42367.0,11.0,11.0,1.1166666666666667,1.1166666666666667,0.0,2025-09,Wednesday,0,2025-09-17,Wednesday,2025-09,11,Midday,0,0,1.1167,1.1167,680,1,0.0,0,0,2025,9,September,Q3,BA:Green-N | Midday,266,4.51,10.34,10.51,Critical,91.07,P1 - Primary Hotspot,2.0,Not Late,Not Severe,Eligible
BA:1771600:20250930,2025-09-17,BA:Green-N,901901,13:14:00,13:16:23,901302,13:25:00,13:26:56,47640,47783.0,48300,48416.0,11.0,10.55,1.9333333333333331,2.3833333333333333,-0.4499999999999993,2025-09,Wednesday,0,2025-09-17,Wednesday,2025-09,13,Midday,0,0,1.9333,1.1167,680,1,0.8167,0,0,2025,9,September,Q3,BA:Green-N | Midday,266,4.51,10.34,10.51,Critical,91.07,P1 - Primary Hotspot,2.0,Not Late,Not Severe,Eligible
BA:1771602:20250930,2025-09-17,BA:Green-N,901901,13:54:00,13:55:07,901302,14:05:00,14:06:07,50040,50107.0,50700,50767.0,11.0,11.0,1.1166666666666667,1.1166666666666667,0.0,2025-09,Wednesday,0,2025-09-17,Wednesday,2025-09,13,Midday,0,0,1.1167,1.1167,680,1,0.0,0,0,2025,9,September,Q3,BA:Green-N | Midday,266,4.51,10.34,10.51,Critical,91.07,P1 - Primary Hotspot,2.0,Not Late,Not Severe,Eligible
BA:1771603:20250930,2025-09-17,BA:Green-N,901901,14:14:00,14:15:07,901302,14:25:00,14:26:07,51240,51307.0,51900,51967.0,11.0,11.0,1.1166666666666667,1.1166666666666667,0.0,2025-09,Wednesday,0,2025-09-17,Wednesday,2025-09,14,Midday,0,0,1.1167,1.1167,680,1,0.0,0,0,2025,9,September,Q3,BA:Green-N | Midday,266,4.51,10.34,10.51,Critical,91.07,P1 - Primary Hotspot,2.0,Not Late,Not Severe,Eligible
BA:1771604:20250930,2025-09-17,BA:Green-N,901901,14:34:00,14:35:07,901302,14:45:00,14:46:07,52440,52507.0,53100,53167.0,11.0,11.0,1.1166666666666667,1.1166666666666667,0.0,2025-09,Wednesday,0,2025-09-17,Wednesday,2025-09,14,Midday,0,0,1.1167,1.1167,680,1,0.0,0,0,2025,9,September,Q3,BA:Green-N | Midday,266,4.51,10.34,10.51,Critical,91.07,P1 - Primary Hotspot,2.0,Not Late,Not Severe,Eligible
BA:1771613:20250930,2025-09-17,BA:Green-N,901901,17:34:00,17:35:07,901302,17:45:00,17:46:07,63240,63307.0,63900,63967.0,11.0,11.0,1.1166666666666667,1.1166666666666667,0.0,2025-09,Wednesday,0,2025-09-17,Wednesday,2025-09,17,Evening Peak,0,1,1.1167,1.1167,680,1,0.0,0,0,2025,9,September,Q3,BA:Green-N | Evening Peak,76,5.26,9.22,3.05,Critical,78.93,P3 - Reliability Watch,5.0,Not Late,Not Severe,Eligible
BA:1771831:20250930,2025-09-17,BA:Yellow-N,901902,06:37:00,06:37:41,901302,06:48:00,06:48:41,23820,23861.0,24480,24521.0,11.0,11.0,0.6833333333333333,0.6833333333333333,0.0,2025-09,Wednesday,0,2025-09-17,Wednesday,2025-09,6,Overnight,0,0,0.6833,1.4833,647,1,0.0,0,0,2025,9,September,Q3,BA:Yellow-N | Overnight,335,26.27,7.33,68.28,Chronic,95.71,P1 - Primary Hotspot,1.0,Not Late,Not Severe,Eligible
BA:1771793:20250930,2025-09-17,BA:Yellow-N,901902,07:59:00,07:59:59,901302,08:08:00,08:08:41,28740,28799.0,29280,29321.0,9.0,8.7,0.6833333333333333,0.9833333333333332,-0.3000000000000007,2025-09,Wednesday,0,2025-09-17,Wednesday,2025-09,7,Morning Peak,1,0,0.6833,1.4833,647,1,0.0,0,0,2025,9,September,Q3,BA:Yellow-N | Morning Peak,75,0.0,,0.44,Reliable,30.0,Monitor,10.0,Not Late,Not Severe,Eligible
BA:1771797:20250930,2025-09-17,BA:Yellow-N,901902,08:19:00,08:19:59,901302,08:28:00,08:28:41,29940,29999.0,30480,30521.0,9.0,8.7,0.6833333333333333,0.9833333333333332,-0.3000000000000007,2025-09,Wednesday,0,2025-09-17,Wednesday,2025-09,8,Morning Peak,1,0,0.6833,1.4833,647,1,0.0,0,0,2025,9,September,Q3,BA:Yellow-N | Morning Peak,75,0.0,,0.44,Reliable,30.0,Monitor,10.0,Not Late,Not Severe,Eligible
BA:1771743:20250930,2025-09-17,BA:Yellow-N,901902,11:29:00,11:29:29,901302,11:39:00,11:40:29,41340,41369.0,41940,42029.0,10.0,11.0,1.4833333333333334,0.4833333333333333,1.0,2025-09,Wednesday,0,2025-09-17,Wednesday,2025-09,11,Midday,0,0,1.4833,1.4833,647,1,0.0,0,0,2025,9,September,Q3,BA:Yellow-N | Midday,115,0.0,,0.0,Reliable,15.0,Monitor,14.0,Not Late,Not Severe,Eligible
BA:1771817:20250930,2025-09-17,BA:Yellow-N,901902,14:59:00,14:59:59,901302,15:08:00,15:08:41,53940,53999.0,54480,54521.0,9.0,8.7,0.6833333333333333,0.9833333333333332,-0.3000000000000007,2025-09,Wednesday,0,2025-09-17,Wednesday,2025-09,14,Midday,0,0,0.6833,1.4833,647,1,0.0,0,0,2025,9,September,Q3,BA:Yellow-N | Midday,115,0.0,,0.0,Reliable,15.0,Monitor,14.0,Not Late,Not Severe,Eligible
BA:1771823:20250930,2025-09-17,BA:Yellow-N,901902,16:59:00,16:59:59,901302,17:08:00,17:08:41,61140,61199.0,61680,61721.0,9.0,8.7,0.6833333333333333,0.9833333333333332,-0.3000000000000007,2025-09,Wednesday,0,2025-09-17,Wednesday,2025-09,16,Evening Peak,0,1,0.6833,1.4833,647,1,0.0,0,0,2025,9,September,Q3,BA:Yellow-N | Evening Peak,72,0.0,,0.0,Reliable,15.0,Monitor,13.0,Not Late,Not Severe,Eligible
BA:1771781:20250930,2025-09-16,BA:Yellow-N,901902,24:08:00,24:10:45,901302,24:18:00,24:22:15,86880,87045.0,87480,87735.0,10.0,11.5,4.25,2.75,1.5,2025-09,Tuesday,1,2025-09-17,Wednesday,2025-09,0,Overnight,0,0,4.25,1.4833,647,1,2.7667,0,0,2025,9,September,Q3,BA:Yellow-N | Overnight,335,26.27,7.33,68.28,Chronic,95.71,P1 - Primary Hotspot,1.0,Not Late,Not Severe,Eligible
BA:1771458:20250930,2025-09-18,BA:Blue-N,901901,05:13:00,05:14:07,901302,05:22:00,05:22:49,18780,18847.0,19320,19369.0,9.0,8.7,0.8166666666666667,1.1166666666666667,-0.3000000000000007,2025-09,Thursday,0,2025-09-18,Thursday,2025-09,5,Overnight,0,0,0.8167,0.8167,479,1,0.0,0,0,2025,9,September,Q3,BA:Blue-N | Overnight,64,0.0,,0.11,Reliable,23.57,Monitor,12.0,Not Late,Not Severe,Eligible
BA:1771459:20250930,2025-09-18,BA:Blue-N,901901,05:33:00,05:34:07,901302,05:42:00,05:42:49,19980,20047.0,20520,20569.0,9.0,8.7,0.8166666666666667,1.1166666666666667,-0.3000000000000007,2025-09,Thursday,0,2025-09-18,Thursday,2025-09,5,Overnight,0,0,0.8167,0.8167,479,1,0.0,0,0,2025,9,September,Q3,BA:Blue-N | Overnight,64,0.0,,0.11,Reliable,23.57,Monitor,12.0,Not Late,Not Severe,Eligible
BA:1771486:20250930,2025-09-18,BA:Blue-N,901901,14:33:00,14:34:07,901302,14:42:00,14:42:49,52380,52447.0,52920,52969.0,9.0,8.7,0.8166666666666667,1.1166666666666667,-0.3000000000000007,2025-09,Thursday,0,2025-09-18,Thursday,2025-09,14,Midday,0,0,0.8167,0.8167,479,1,0.0,0,0,2025,9,September,Q3,BA:Blue-N | Midday,135,0.74,8.45,0.78,Acute,52.5,P3 - Reliability Watch,8.0,Not Late,Not Severe,Eligible
BA:1771493:20250930,2025-09-18,BA:Blue-N,901901,17:11:00,17:11:49,901302,17:22:00,17:22:49,61860,61909.0,62520,62569.0,11.0,11.0,0.8166666666666667,0.8166666666666667,0.0,2025-09,Thursday,0,2025-09-18,Thursday,2025-09,17,Evening Peak,0,1,0.8167,0.8167,479,1,0.0,0,0,2025,9,September,Q3,BA:Blue-N | Evening Peak,89,0.0,,0.11,Reliable,23.57,Monitor,11.0,Not Late,Not Severe,Eligible
BA:1771496:20250930,2025-09-18,BA:Blue-N,901901,18:11:00,18:11:49,901302,18:22:00,18:22:49,65460,65509.0,66120,66169.0,11.0,11.0,0.8166666666666667,0.8166666666666667,0.0,2025-09,Thursday,0,2025-09-18,Thursday,2025-09,18,Evening Peak,0,1,0.8167,0.8167,479,1,0.0,0,0,2025,9,September,Q3,BA:Blue-N | Evening Peak,89,0.0,,0.11,Reliable,23.57,Monitor,11.0,Not Late,Not Severe,Eligible
BA:1771575:20250930,2025-09-18,BA:Green-N,901901,04:54:00,04:58:39,901302,05:05:00,05:09:11,17640,17919.0,18300,18551.0,11.0,10.533333333333331,4.183333333333334,4.65,-0.4666666666666668,2025-09,Thursday,0,2025-09-18,Thursday,2025-09,4,Overnight,0,0,4.1833,1.1167,680,1,3.0667,0,0,2025,9,September,Q3,BA:Green-N | Overnight,181,2.76,7.14,5.79,Chronic,76.07,P1 - Primary Hotspot,3.0,Not Late,Not Severe,Eligible
BA:1771576:20250930,2025-09-18,BA:Green-N,901901,05:14:00,05:15:07,901302,05:25:00,05:26:07,18840,18907.0,19500,19567.0,11.0,11.0,1.1166666666666667,1.1166666666666667,0.0,2025-09,Thursday,0,2025-09-18,Thursday,2025-09,5,Overnight,0,0,1.1167,1.1167,680,1,0.0,0,0,2025,9,September,Q3,BA:Green-N | Overnight,181,2.76,7.14,5.79,Chronic,76.07,P1 - Primary Hotspot,3.0,Not Late,Not Severe,Eligible
BA:1771577:20250930,2025-09-18,BA:Green-N,901901,05:34:00,05:35:07,901302,05:45:00,05:46:07,20040,20107.0,20700,20767.0,11.0,11.0,1.1166666666666667,1.1166666666666667,0.0,2025-09,Thursday,0,2025-09-18,Thursday,2025-09,5,Overnight,0,0,1.1167,1.1167,680,1,0.0,0,0,2025,9,September,Q3,BA:Green-N | Overnight,181,2.76,7.14,5.79,Chronic,76.07,P1 - Primary Hotspot,3.0,Not Late,Not Severe,Eligible
BA:1771587:20250930,2025-09-18,BA:Green-N,901901,08:54:00,08:55:07,901302,09:05:00,09:06:07,32040,32107.0,32700,32767.0,11.0,11.0,1.1166666666666667,1.1166666666666667,0.0,2025-09,Thursday,0,2025-09-18,Thursday,2025-09,8,Morning Peak,1,0,1.1167,1.1167,680,1,0.0,0,0,2025,9,September,Q3,BA:Green-N | Morning Peak,142,2.82,6.27,1.81,Chronic,59.64,P3 - Reliability Watch,7.0,Not Late,Not Severe,Eligible
BA:1771588:20250930,2025-09-18,BA:Green-N,901901,09:14:00,09:15:07,901302,09:25:00,09:26:07,33240,33307.0,33900,33967.0,11.0,11.0,1.1166666666666667,1.1166666666666667,0.0,2025-09,Thursday,0,2025-09-18,Thursday,2025-09,9,Morning Peak,1,0,1.1167,1.1167,680,1,0.0,0,0,2025,9,September,Q3,BA:Green-N | Morning Peak,142,2.82,6.27,1.81,Chronic,59.64,P3 - Reliability Watch,7.0,Not Late,Not Severe,Eligible
BA:1771589:20250930,2025-09-18,BA:Green-N,901901,09:34:00,09:35:07,901302,09:45:00,09:46:07,34440,34507.0,35100,35167.0,11.0,11.0,1.1166666666666667,1.1166666666666667,0.0,2025-09,Thursday,0,2025-09-18,Thursday,2025-09,9,Morning Peak,1,0,1.1167,1.1167,680,1,0.0,0,0,2025,9,September,Q3,BA:Green-N | Morning Peak,142,2.82,6.27,1.81,Chronic,59.64,P3 - Reliability Watch,7.0,Not Late,Not Severe,Eligible
BA:1771599:20250930,2025-09-18,BA:Green-N,901901,12:54:00,12:55:07,901302,13:05:00,13:06:07,46440,46507.0,47100,47167.0,11.0,11.0,1.1166666666666667,1.1166666666666667,0.0,2025-09,Thursday,0,2025-09-18,Thursday,2025-09,12,Midday,0,0,1.1167,1.1167,680,1,0.0,0,0,2025,9,September,Q3,BA:Green-N | Midday,266,4.51,10.34,10.51,Critical,91.07,P1 - Primary Hotspot,2.0,Not Late,Not Severe,Eligible
BA:1771600:20250930,2025-09-18,BA:Green-N,901901,13:14:00,13:15:07,901302,13:25:00,13:26:07,47640,47707.0,48300,48367.0,11.0,11.0,1.1166666666666667,1.1166666666666667,0.0,2025-09,Thursday,0,2025-09-18,Thursday,2025-09,13,Midday,0,0,1.1167,1.1167,680,1,0.0,0,0,2025,9,September,Q3,BA:Green-N | Midday,266,4.51,10.34,10.51,Critical,91.07,P1 - Primary Hotspot,2.0,Not Late,Not Severe,Eligible
BA:1771601:20250930,2025-09-18,BA:Green-N,901901,13:34:00,13:35:07,901302,13:45:00,13:46:07,48840,48907.0,49500,49567.0,11.0,11.0,1.1166666666666667,1.1166666666666667,0.0,2025-09,Thursday,0,2025-09-18,Thursday,2025-09,13,Midday,0,0,1.1167,1.1167,680,1,0.0,0,0,2025,9,September,Q3,BA:Green-N | Midday,266,4.51,10.34,10.51,Critical,91.07,P1 - Primary Hotspot,2.0,Not Late,Not Severe,Eligible
BA:1771602:20250930,2025-09-18,BA:Green-N,901901,13:54:00,13:55:07,901302,14:05:00,14:06:07,50040,50107.0,50700,50767.0,11.0,11.0,1.1166666666666667,1.1166666666666667,0.0,2025-09,Thursday,0,2025-09-18,Thursday,2025-09,13,Midday,0,0,1.1167,1.1167,680,1,0.0,0,0,2025,9,September,Q3,BA:Green-N | Midday,266,4.51,10.34,10.51,Critical,91.07,P1 - Primary Hotspot,2.0,Not Late,Not Severe,Eligible
BA:1771603:20250930,2025-09-18,BA:Green-N,901901,14:14:00,14:15:07,901302,14:25:00,14:26:07,51240,51307.0,51900,51967.0,11.0,11.0,1.1166666666666667,1.1166666666666667,0.0,2025-09,Thursday,0,2025-09-18,Thursday,2025-09,14,Midday,0,0,1.1167,1.1167,680,1,0.0,0,0,2025,9,September,Q3,BA:Green-N | Midday,266,4.51,10.34,10.51,Critical,91.07,P1 - Primary Hotspot,2.0,Not Late,Not Severe,Eligible
BA:1771604:20250930,2025-09-18,BA:Green-N,901901,14:34:00,14:35:07,901302,14:45:00,14:46:07,52440,52507.0,53100,53167.0,11.0,11.0,1.1166666666666667,1.1166666666666667,0.0,2025-09,Thursday,0,2025-09-18,Thursday,2025-09,14,Midday,0,0,1.1167,1.1167,680,1,0.0,0,0,2025,9,September,Q3,BA:Green-N | Midday,266,4.51,10.34,10.51,Critical,91.07,P1 - Primary Hotspot,2.0,Not Late,Not Severe,Eligible
BA:1771605:20250930,2025-09-18,BA:Green-N,901901,14:54:00,14:55:07,901302,15:05:00,15:06:07,53640,53707.0,54300,54367.0,11.0,11.0,1.1166666666666667,1.1166666666666667,0.0,2025-09,Thursday,0,2025-09-18,Thursday,2025-09,14,Midday,0,0,1.1167,1.1167,680,1,0.0,0,0,2025,9,September,Q3,BA:Green-N | Midday,266,4.51,10.34,10.51,Critical,91.07,P1 - Primary Hotspot,2.0,Not Late,Not Severe,Eligible
BA:1771781:20250930,2025-09-17,BA:Yellow-N,901902,24:08:00,24:08:51,901302,24:18:00,24:20:15,86880,86931.0,87480,87615.0,10.0,11.4,2.25,0.85,1.4000000000000004,2025-09,Wednesday,1,2025-09-18,Thursday,2025-09,0,Overnight,0,0,2.25,1.4833,647,1,0.7667,0,0,2025,9,September,Q3,BA:Yellow-N | Overnight,335,26.27,7.33,68.28,Chronic,95.71,P1 - Primary Hotspot,1.0,Not Late,Not Severe,Eligible
BA:1771575:20250930,2025-09-19,BA:Green-N,901901,04:54:00,04:55:07,901302,05:05:00,05:06:07,17640,17707.0,18300,18367.0,11.0,11.0,1.1166666666666667,1.1166666666666667,0.0,2025-09,Friday,0,2025-09-19,Friday,2025-09,4,Overnight,0,0,1.1167,1.1167,680,1,0.0,0,0,2025,9,September,Q3,BA:Green-N | Overnight,181,2.76,7.14,5.79,Chronic,76.07,P1 - Primary Hotspot,3.0,Not Late,Not Severe,Eligible
BA:1771576:20250930,2025-09-19,BA:Green-N,901901,05:14:00,05:15:41,901302,05:25:00,05:26:07,18840,18941.0,19500,19567.0,11.0,10.433333333333334,1.1166666666666667,1.6833333333333331,-0.5666666666666664,2025-09,Friday,0,2025-09-19,Friday,2025-09,5,Overnight,0,0,1.1167,1.1167,680,1,0.0,0,0,2025,9,September,Q3,BA:Green-N | Overnight,181,2.76,7.14,5.79,Chronic,76.07,P1 - Primary Hotspot,3.0,Not Late,Not Severe,Eligible
BA:1771577:20250930,2025-09-19,BA:Green-N,901901,05:34:00,05:37:16,901302,05:45:00,05:48:09,20040,20236.0,20700,20889.0,11.0,10.883333333333333,3.15,3.2666666666666666,-0.1166666666666671,2025-09,Friday,0,2025-09-19,Friday,2025-09,5,Overnight,0,0,3.15,1.1167,680,1,2.0333,0,0,2025,9,September,Q3,BA:Green-N | Overnight,181,2.76,7.14,5.79,Chronic,76.07,P1 - Primary Hotspot,3.0,Not Late,Not Severe,Eligible
BA:1771578:20250930,2025-09-19,BA:Green-N,901901,05:54:00,05:55:07,901302,06:05:00,06:06:07,21240,21307.0,21900,21967.0,11.0,11.0,1.1166666666666667,1.1166666666666667,0.0,2025-09,Friday,0,2025-09-19,Friday,2025-09,5,Overnight,0,0,1.1167,1.1167,680,1,0.0,0,0,2025,9,September,Q3,BA:Green-N | Overnight,181,2.76,7.14,5.79,Chronic,76.07,P1 - Primary Hotspot,3.0,Not Late,Not Severe,Eligible
BA:1771579:20250930,2025-09-19,BA:Green-N,901901,06:14:00,06:15:07,901302,06:25:00,06:26:07,22440,22507.0,23100,23167.0,11.0,11.0,1.1166666666666667,1.1166666666666667,0.0,2025-09,Friday,0,2025-09-19,Friday,2025-09,6,Overnight,0,0,1.1167,1.1167,680,1,0.0,0,0,2025,9,September,Q3,BA:Green-N | Overnight,181,2.76,7.14,5.79,Chronic,76.07,P1 - Primary Hotspot,3.0,Not Late,Not Severe,Eligible
BA:1771580:20250930,2025-09-19,BA:Green-N,901901,06:34:00,06:35:07,901302,06:45:00,06:46:07,23640,23707.0,24300,24367.0,11.0,11.0,1.1166666666666667,1.1166666666666667,0.0,2025-09,Friday,0,2025-09-19,Friday,2025-09,6,Overnight,0,0,1.1167,1.1167,680,1,0.0,0,0,2025,9,September,Q3,BA:Green-N | Overnight,181,2.76,7.14,5.79,Chronic,76.07,P1 - Primary Hotspot,3.0,Not Late,Not Severe,Eligible
BA:1771581:20250930,2025-09-19,BA:Green-N,901901,06:54:00,06:55:07,901302,07:05:00,07:06:07,24840,24907.0,25500,25567.0,11.0,11.0,1.1166666666666667,1.1166666666666667,0.0,2025-09,Friday,0,2025-09-19,Friday,2025-09,6,Overnight,0,0,1.1167,1.1167,680,1,0.0,0,0,2025,9,September,Q3,BA:Green-N | Overnight,181,2.76,7.14,5.79,Chronic,76.07,P1 - Primary Hotspot,3.0,Not Late,Not Severe,Eligible
BA:1771582:20250930,2025-09-19,BA:Green-N,901901,07:14:00,07:15:07,901302,07:25:00,07:26:07,26040,26107.0,26700,26767.0,11.0,11.0,1.1166666666666667,1.1166666666666667,0.0,2025-09,Friday,0,2025-09-19,Friday,2025-09,7,Morning Peak,1,0,1.1167,1.1167,680,1,0.0,0,0,2025,9,September,Q3,BA:Green-N | Morning Peak,142,2.82,6.27,1.81,Chronic,59.64,P3 - Reliability Watch,7.0,Not Late,Not Severe,Eligible
BA:1771583:20250930,2025-09-19,BA:Green-N,901901,07:34:00,07:35:07,901302,07:45:00,07:46:07,27240,27307.0,27900,27967.0,11.0,11.0,1.1166666666666667,1.1166666666666667,0.0,2025-09,Friday,0,2025-09-19,Friday,2025-09,7,Morning Peak,1,0,1.1167,1.1167,680,1,0.0,0,0,2025,9,September,Q3,BA:Green-N | Morning Peak,142,2.82,6.27,1.81,Chronic,59.64,P3 - Reliability Watch,7.0,Not Late,Not Severe,Eligible
BA:1771584:20250930,2025-09-19,BA:Green-N,901901,07:54:00,07:55:07,901302,08:05:00,08:06:07,28440,28507.0,29100,29167.0,11.0,11.0,1.1166666666666667,1.1166666666666667,0.0,2025-09,Friday,0,2025-09-19,Friday,2025-09,7,Morning Peak,1,0,1.1167,1.1167,680,1,0.0,0,0,2025,9,September,Q3,BA:Green-N | Morning Peak,142,2.82,6.27,1.81,Chronic,59.64,P3 - Reliability Watch,7.0,Not Late,Not Severe,Eligible
BA:1771587:20250930,2025-09-19,BA:Green-N,901901,08:54:00,08:55:07,901302,09:05:00,09:06:07,32040,32107.0,32700,32767.0,11.0,11.0,1.1166666666666667,1.1166666666666667,0.0,2025-09,Friday,0,2025-09-19,Friday,2025-09,8,Morning Peak,1,0,1.1167,1.1167,680,1,0.0,0,0,2025,9,September,Q3,BA:Green-N | Morning Peak,142,2.82,6.27,1.81,Chronic,59.64,P3 - Reliability Watch,7.0,Not Late,Not Severe,Eligible
BA:1771593:20250930,2025-09-19,BA:Green-N,901901,10:54:00,10:55:07,901302,11:05:00,11:06:07,39240,39307.0,39900,39967.0,11.0,11.0,1.1166666666666667,1.1166666666666667,0.0,2025-09,Friday,0,2025-09-19,Friday,2025-09,10,Midday,0,0,1.1167,1.1167,680,1,0.0,0,0,2025,9,September,Q3,BA:Green-N | Midday,266,4.51,10.34,10.51,Critical,91.07,P1 - Primary Hotspot,2.0,Not Late,Not Severe,Eligible
BA:1771781:20250930,2025-09-18,BA:Yellow-N,901902,24:08:00,24:08:53,901302,24:18:00,24:20:08,86880,86933.0,87480,87608.0,10.0,11.25,2.1333333333333333,0.8833333333333333,1.25,2025-09,Thursday,1,2025-09-19,Friday,2025-09,0,Overnight,0,0,2.1333,1.4833,647,1,0.65,0,0,2025,9,September,Q3,BA:Yellow-N | Overnight,335,26.27,7.33,68.28,Chronic,95.71,P1 - Primary Hotspot,1.0,Not Late,Not Severe,Eligible
BA:1771781:20250930,2025-09-19,BA:Yellow-N,901902,24:08:00,24:11:27,901302,24:18:00,24:23:20,86880,87087.0,87480,87800.0,10.0,11.883333333333333,5.333333333333333,3.45,1.8833333333333329,2025-09,Friday,1,2025-09-20,Saturday,2025-09,0,Overnight,0,0,5.3333,1.4833,647,1,3.85,1,0,2025,9,September,Q3,BA:Yellow-N | Overnight,335,26.27,7.33,68.28,Chronic,95.71,P1 - Primary Hotspot,1.0,Late,Not Severe,Eligible
BA:1771576:20250930,2025-09-22,BA:Green-N,901901,05:14:00,05:15:07,901302,05:25:00,05:26:07,18840,18907.0,19500,19567.0,11.0,11.0,1.1166666666666667,1.1166666666666667,0.0,2025-09,Monday,0,2025-09-22,Monday,2025-09,5,Overnight,0,0,1.1167,1.1167,680,1,0.0,0,0,2025,9,September,Q3,BA:Green-N | Overnight,181,2.76,7.14,5.79,Chronic,76.07,P1 - Primary Hotspot,3.0,Not Late,Not Severe,Eligible
BA:1771577:20250930,2025-09-22,BA:Green-N,901901,05:34:00,05:35:07,901302,05:45:00,05:46:07,20040,20107.0,20700,20767.0,11.0,11.0,1.1166666666666667,1.1166666666666667,0.0,2025-09,Monday,0,2025-09-22,Monday,2025-09,5,Overnight,0,0,1.1167,1.1167,680,1,0.0,0,0,2025,9,September,Q3,BA:Green-N | Overnight,181,2.76,7.14,5.79,Chronic,76.07,P1 - Primary Hotspot,3.0,Not Late,Not Severe,Eligible
BA:1771578:20250930,2025-09-22,BA:Green-N,901901,05:54:00,05:59:27,901302,06:05:00,06:09:51,21240,21567.0,21900,22191.0,11.0,10.4,4.85,5.45,-0.5999999999999996,2025-09,Monday,0,2025-09-22,Monday,2025-09,5,Overnight,0,0,4.85,1.1167,680,1,3.7333,0,0,2025,9,September,Q3,BA:Green-N | Overnight,181,2.76,7.14,5.79,Chronic,76.07,P1 - Primary Hotspot,3.0,Not Late,Not Severe,Eligible
BA:1771459:20250930,2025-09-23,BA:Blue-N,901901,05:31:00,05:31:49,901302,05:42:00,05:42:49,19860,19909.0,20520,20569.0,11.0,11.0,0.8166666666666667,0.8166666666666667,0.0,2025-09,Tuesday,0,2025-09-23,Tuesday,2025-09,5,Overnight,0,0,0.8167,0.8167,479,1,0.0,0,0,2025,9,September,Q3,BA:Blue-N | Overnight,64,0.0,,0.11,Reliable,23.57,Monitor,12.0,Not Late,Not Severe,Eligible
BA:1771460:20250930,2025-09-23,BA:Blue-N,901901,05:51:00,05:51:49,901302,06:02:00,06:02:49,21060,21109.0,21720,21769.0,11.0,11.0,0.8166666666666667,0.8166666666666667,0.0,2025-09,Tuesday,0,2025-09-23,Tuesday,2025-09,5,Overnight,0,0,0.8167,0.8167,479,1,0.0,0,0,2025,9,September,Q3,BA:Blue-N | Overnight,64,0.0,,0.11,Reliable,23.57,Monitor,12.0,Not Late,Not Severe,Eligible
BA:1771461:20250930,2025-09-23,BA:Blue-N,901901,06:11:00,06:11:49,901302,06:22:00,06:22:49,22260,22309.0,22920,22969.0,11.0,11.0,0.8166666666666667,0.8166666666666667,0.0,2025-09,Tuesday,0,2025-09-23,Tuesday,2025-09,6,Overnight,0,0,0.8167,0.8167,479,1,0.0,0,0,2025,9,September,Q3,BA:Blue-N | Overnight,64,0.0,,0.11,Reliable,23.57,Monitor,12.0,Not Late,Not Severe,Eligible
BA:1771466:20250930,2025-09-23,BA:Blue-N,901901,07:51:00,07:51:49,901302,08:02:00,08:02:49,28260,28309.0,28920,28969.0,11.0,11.0,0.8166666666666667,0.8166666666666667,0.0,2025-09,Tuesday,0,2025-09-23,Tuesday,2025-09,7,Morning Peak,1,0,0.8167,0.8167,479,1,0.0,0,0,2025,9,September,Q3,BA:Blue-N | Morning Peak,88,1.14,7.27,0.6,Chronic,47.86,P3 - Reliability Watch,9.0,Not Late,Not Severe,Eligible
BA:1771467:20250930,2025-09-23,BA:Blue-N,901901,08:11:00,08:11:49,901302,08:22:00,08:22:49,29460,29509.0,30120,30169.0,11.0,11.0,0.8166666666666667,0.8166666666666667,0.0,2025-09,Tuesday,0,2025-09-23,Tuesday,2025-09,8,Morning Peak,1,0,0.8167,0.8167,479,1,0.0,0,0,2025,9,September,Q3,BA:Blue-N | Morning Peak,88,1.14,7.27,0.6,Chronic,47.86,P3 - Reliability Watch,9.0,Not Late,Not Severe,Eligible
BA:1771472:20250930,2025-09-23,BA:Blue-N,901901,09:51:00,09:51:49,901302,10:02:00,10:02:49,35460,35509.0,36120,36169.0,11.0,11.0,0.8166666666666667,0.8166666666666667,0.0,2025-09,Tuesday,0,2025-09-23,Tuesday,2025-09,9,Morning Peak,1,0,0.8167,0.8167,479,1,0.0,0,0,2025,9,September,Q3,BA:Blue-N | Morning Peak,88,1.14,7.27,0.6,Chronic,47.86,P3 - Reliability Watch,9.0,Not Late,Not Severe,Eligible
BA:1771473:20250930,2025-09-23,BA:Blue-N,901901,10:11:00,10:11:49,901302,10:22:00,10:22:49,36660,36709.0,37320,37369.0,11.0,11.0,0.8166666666666667,0.8166666666666667,0.0,2025-09,Tuesday,0,2025-09-23,Tuesday,2025-09,10,Midday,0,0,0.8167,0.8167,479,1,0.0,0,0,2025,9,September,Q3,BA:Blue-N | Midday,135,0.74,8.45,0.78,Acute,52.5,P3 - Reliability Watch,8.0,Not Late,Not Severe,Eligible
BA:1771474:20250930,2025-09-23,BA:Blue-N,901901,10:31:00,10:39:27,901302,10:42:00,10:50:27,37860,38367.0,38520,39027.0,11.0,11.0,8.45,8.45,0.0,2025-09,Tuesday,0,2025-09-23,Tuesday,2025-09,10,Midday,0,0,8.45,0.8167,479,1,7.6333,1,0,2025,9,September,Q3,BA:Blue-N | Midday,135,0.74,8.45,0.78,Acute,52.5,P3 - Reliability Watch,8.0,Late,Not Severe,Eligible
BA:1771475:20250930,2025-09-23,BA:Blue-N,901901,10:51:00,10:51:49,901302,11:02:00,11:02:49,39060,39109.0,39720,39769.0,11.0,11.0,0.8166666666666667,0.8166666666666667,0.0,2025-09,Tuesday,0,2025-09-23,Tuesday,2025-09,10,Midday,0,0,0.8167,0.8167,479,1,0.0,0,0,2025,9,September,Q3,BA:Blue-N | Midday,135,0.74,8.45,0.78,Acute,52.5,P3 - Reliability Watch,8.0,Not Late,Not Severe,Eligible
BA:1771575:20250930,2025-09-23,BA:Green-N,901901,04:54:00,04:55:07,901302,05:05:00,05:06:07,17640,17707.0,18300,18367.0,11.0,11.0,1.1166666666666667,1.1166666666666667,0.0,2025-09,Tuesday,0,2025-09-23,Tuesday,2025-09,4,Overnight,0,0,1.1167,1.1167,680,1,0.0,0,0,2025,9,September,Q3,BA:Green-N | Overnight,181,2.76,7.14,5.79,Chronic,76.07,P1 - Primary Hotspot,3.0,Not Late,Not Severe,Eligible
BA:1771578:20250930,2025-09-23,BA:Green-N,901901,05:54:00,05:55:07,901302,06:05:00,06:06:07,21240,21307.0,21900,21967.0,11.0,11.0,1.1166666666666667,1.1166666666666667,0.0,2025-09,Tuesday,0,2025-09-23,Tuesday,2025-09,5,Overnight,0,0,1.1167,1.1167,680,1,0.0,0,0,2025,9,September,Q3,BA:Green-N | Overnight,181,2.76,7.14,5.79,Chronic,76.07,P1 - Primary Hotspot,3.0,Not Late,Not Severe,Eligible
BA:1771587:20250930,2025-09-23,BA:Green-N,901901,08:54:00,08:55:07,901302,09:05:00,09:06:07,32040,32107.0,32700,32767.0,11.0,11.0,1.1166666666666667,1.1166666666666667,0.0,2025-09,Tuesday,0,2025-09-23,Tuesday,2025-09,8,Morning Peak,1,0,1.1167,1.1167,680,1,0.0,0,0,2025,9,September,Q3,BA:Green-N | Morning Peak,142,2.82,6.27,1.81,Chronic,59.64,P3 - Reliability Watch,7.0,Not Late,Not Severe,Eligible
BA:1771588:20250930,2025-09-23,BA:Green-N,901901,09:14:00,09:15:07,901302,09:25:00,09:26:07,33240,33307.0,33900,33967.0,11.0,11.0,1.1166666666666667,1.1166666666666667,0.0,2025-09,Tuesday,0,2025-09-23,Tuesday,2025-09,9,Morning Peak,1,0,1.1167,1.1167,680,1,0.0,0,0,2025,9,September,Q3,BA:Green-N | Morning Peak,142,2.82,6.27,1.81,Chronic,59.64,P3 - Reliability Watch,7.0,Not Late,Not Severe,Eligible
BA:1771589:20250930,2025-09-23,BA:Green-N,901901,09:34:00,09:35:07,901302,09:45:00,09:46:07,34440,34507.0,35100,35167.0,11.0,11.0,1.1166666666666667,1.1166666666666667,0.0,2025-09,Tuesday,0,2025-09-23,Tuesday,2025-09,9,Morning Peak,1,0,1.1167,1.1167,680,1,0.0,0,0,2025,9,September,Q3,BA:Green-N | Morning Peak,142,2.82,6.27,1.81,Chronic,59.64,P3 - Reliability Watch,7.0,Not Late,Not Severe,Eligible
BA:1771591:20250930,2025-09-23,BA:Green-N,901901,10:14:00,10:15:07,901302,10:25:00,10:26:07,36840,36907.0,37500,37567.0,11.0,11.0,1.1166666666666667,1.1166666666666667,0.0,2025-09,Tuesday,0,2025-09-23,Tuesday,2025-09,10,Midday,0,0,1.1167,1.1167,680,1,0.0,0,0,2025,9,September,Q3,BA:Green-N | Midday,266,4.51,10.34,10.51,Critical,91.07,P1 - Primary Hotspot,2.0,Not Late,Not Severe,Eligible
BA:1771592:20250930,2025-09-23,BA:Green-N,901901,10:34:00,10:40:58,901302,10:45:00,10:51:33,38040,38458.0,38700,39093.0,11.0,10.583333333333334,6.55,6.966666666666667,-0.4166666666666661,2025-09,Tuesday,0,2025-09-23,Tuesday,2025-09,10,Midday,0,0,6.55,1.1167,680,1,5.4333,1,0,2025,9,September,Q3,BA:Green-N | Midday,266,4.51,10.34,10.51,Critical,91.07,P1 - Primary Hotspot,2.0,Late,Not Severe,Eligible
BA:1771599:20250930,2025-09-23,BA:Green-N,901901,12:54:00,12:55:07,901302,13:05:00,13:06:07,46440,46507.0,47100,47167.0,11.0,11.0,1.1166666666666667,1.1166666666666667,0.0,2025-09,Tuesday,0,2025-09-23,Tuesday,2025-09,12,Midday,0,0,1.1167,1.1167,680,1,0.0,0,0,2025,9,September,Q3,BA:Green-N | Midday,266,4.51,10.34,10.51,Critical,91.07,P1 - Primary Hotspot,2.0,Not Late,Not Severe,Eligible
BA:1771601:20250930,2025-09-23,BA:Green-N,901901,13:34:00,13:35:07,901302,13:45:00,13:46:07,48840,48907.0,49500,49567.0,11.0,11.0,1.1166666666666667,1.1166666666666667,0.0,2025-09,Tuesday,0,2025-09-23,Tuesday,2025-09,13,Midday,0,0,1.1167,1.1167,680,1,0.0,0,0,2025,9,September,Q3,BA:Green-N | Midday,266,4.51,10.34,10.51,Critical,91.07,P1 - Primary Hotspot,2.0,Not Late,Not Severe,Eligible
BA:1771602:20250930,2025-09-23,BA:Green-N,901901,13:54:00,13:55:07,901302,14:05:00,14:06:07,50040,50107.0,50700,50767.0,11.0,11.0,1.1166666666666667,1.1166666666666667,0.0,2025-09,Tuesday,0,2025-09-23,Tuesday,2025-09,13,Midday,0,0,1.1167,1.1167,680,1,0.0,0,0,2025,9,September,Q3,BA:Green-N | Midday,266,4.51,10.34,10.51,Critical,91.07,P1 - Primary Hotspot,2.0,Not Late,Not Severe,Eligible
BA:1771603:20250930,2025-09-23,BA:Green-N,901901,14:14:00,14:15:07,901302,14:25:00,14:26:07,51240,51307.0,51900,51967.0,11.0,11.0,1.1166666666666667,1.1166666666666667,0.0,2025-09,Tuesday,0,2025-09-23,Tuesday,2025-09,14,Midday,0,0,1.1167,1.1167,680,1,0.0,0,0,2025,9,September,Q3,BA:Green-N | Midday,266,4.51,10.34,10.51,Critical,91.07,P1 - Primary Hotspot,2.0,Not Late,Not Severe,Eligible
BA:1771604:20250930,2025-09-23,BA:Green-N,901901,14:34:00,14:35:07,901302,14:45:00,14:46:07,52440,52507.0,53100,53167.0,11.0,11.0,1.1166666666666667,1.1166666666666667,0.0,2025-09,Tuesday,0,2025-09-23,Tuesday,2025-09,14,Midday,0,0,1.1167,1.1167,680,1,0.0,0,0,2025,9,September,Q3,BA:Green-N | Midday,266,4.51,10.34,10.51,Critical,91.07,P1 - Primary Hotspot,2.0,Not Late,Not Severe,Eligible
BA:1771605:20250930,2025-09-23,BA:Green-N,901901,14:54:00,14:55:07,901302,15:05:00,15:06:07,53640,53707.0,54300,54367.0,11.0,11.0,1.1166666666666667,1.1166666666666667,0.0,2025-09,Tuesday,0,2025-09-23,Tuesday,2025-09,14,Midday,0,0,1.1167,1.1167,680,1,0.0,0,0,2025,9,September,Q3,BA:Green-N | Midday,266,4.51,10.34,10.51,Critical,91.07,P1 - Primary Hotspot,2.0,Not Late,Not Severe,Eligible
BA:1771606:20250930,2025-09-23,BA:Green-N,901901,15:14:00,15:21:52,901302,15:25:00,15:32:23,54840,55312.0,55500,55943.0,11.0,10.516666666666667,7.383333333333334,7.866666666666666,-0.4833333333333325,2025-09,Tuesday,0,2025-09-23,Tuesday,2025-09,15,Midday,0,0,7.3833,1.1167,680,1,6.2667,1,0,2025,9,September,Q3,BA:Green-N | Midday,266,4.51,10.34,10.51,Critical,91.07,P1 - Primary Hotspot,2.0,Late,Not Severe,Eligible
BA:1771781:20250930,2025-09-22,BA:Yellow-N,901902,24:08:00,24:11:30,901302,24:18:00,24:22:36,86880,87090.0,87480,87756.0,10.0,11.1,4.6,3.5,1.0999999999999996,2025-09,Monday,1,2025-09-23,Tuesday,2025-09,0,Overnight,0,0,4.6,1.4833,647,1,3.1167,0,0,2025,9,September,Q3,BA:Yellow-N | Overnight,335,26.27,7.33,68.28,Chronic,95.71,P1 - Primary Hotspot,1.0,Not Late,Not Severe,Eligible
BA:1771575:20250930,2025-09-24,BA:Green-N,901901,04:54:00,04:55:07,901302,05:05:00,05:06:07,17640,17707.0,18300,18367.0,11.0,11.0,1.1166666666666667,1.1166666666666667,0.0,2025-09,Wednesday,0,2025-09-24,Wednesday,2025-09,4,Overnight,0,0,1.1167,1.1167,680,1,0.0,0,0,2025,9,September,Q3,BA:Green-N | Overnight,181,2.76,7.14,5.79,Chronic,76.07,P1 - Primary Hotspot,3.0,Not Late,Not Severe,Eligible
BA:1771576:20250930,2025-09-24,BA:Green-N,901901,05:14:00,05:15:07,901302,05:25:00,05:26:07,18840,18907.0,19500,19567.0,11.0,11.0,1.1166666666666667,1.1166666666666667,0.0,2025-09,Wednesday,0,2025-09-24,Wednesday,2025-09,5,Overnight,0,0,1.1167,1.1167,680,1,0.0,0,0,2025,9,September,Q3,BA:Green-N | Overnight,181,2.76,7.14,5.79,Chronic,76.07,P1 - Primary Hotspot,3.0,Not Late,Not Severe,Eligible
BA:1771577:20250930,2025-09-24,BA:Green-N,901901,05:34:00,05:35:07,901302,05:45:00,05:46:07,20040,20107.0,20700,20767.0,11.0,11.0,1.1166666666666667,1.1166666666666667,0.0,2025-09,Wednesday,0,2025-09-24,Wednesday,2025-09,5,Overnight,0,0,1.1167,1.1167,680,1,0.0,0,0,2025,9,September,Q3,BA:Green-N | Overnight,181,2.76,7.14,5.79,Chronic,76.07,P1 - Primary Hotspot,3.0,Not Late,Not Severe,Eligible
BA:1771578:20250930,2025-09-24,BA:Green-N,901901,05:54:00,05:55:07,901302,06:05:00,06:06:07,21240,21307.0,21900,21967.0,11.0,11.0,1.1166666666666667,1.1166666666666667,0.0,2025-09,Wednesday,0,2025-09-24,Wednesday,2025-09,5,Overnight,0,0,1.1167,1.1167,680,1,0.0,0,0,2025,9,September,Q3,BA:Green-N | Overnight,181,2.76,7.14,5.79,Chronic,76.07,P1 - Primary Hotspot,3.0,Not Late,Not Severe,Eligible
BA:1771580:20250930,2025-09-24,BA:Green-N,901901,06:34:00,06:41:08,901302,06:45:00,06:51:40,23640,24068.0,24300,24700.0,11.0,10.533333333333331,6.666666666666667,7.133333333333334,-0.4666666666666668,2025-09,Wednesday,0,2025-09-24,Wednesday,2025-09,6,Overnight,0,0,6.6667,1.1167,680,1,5.55,1,0,2025,9,September,Q3,BA:Green-N | Overnight,181,2.76,7.14,5.79,Chronic,76.07,P1 - Primary Hotspot,3.0,Late,Not Severe,Eligible
BA:1771581:20250930,2025-09-24,BA:Green-N,901901,06:54:00,06:55:07,901302,07:05:00,07:06:07,24840,24907.0,25500,25567.0,11.0,11.0,1.1166666666666667,1.1166666666666667,0.0,2025-09,Wednesday,0,2025-09-24,Wednesday,2025-09,6,Overnight,0,0,1.1167,1.1167,680,1,0.0,0,0,2025,9,September,Q3,BA:Green-N | Overnight,181,2.76,7.14,5.79,Chronic,76.07,P1 - Primary Hotspot,3.0,Not Late,Not Severe,Eligible
BA:1771584:20250930,2025-09-24,BA:Green-N,901901,07:54:00,07:55:07,901302,08:05:00,08:06:07,28440,28507.0,29100,29167.0,11.0,11.0,1.1166666666666667,1.1166666666666667,0.0,2025-09,Wednesday,0,2025-09-24,Wednesday,2025-09,7,Morning Peak,1,0,1.1167,1.1167,680,1,0.0,0,0,2025,9,September,Q3,BA:Green-N | Morning Peak,142,2.82,6.27,1.81,Chronic,59.64,P3 - Reliability Watch,7.0,Not Late,Not Severe,Eligible
BA:1771585:20250930,2025-09-24,BA:Green-N,901901,08:14:00,08:15:07,901302,08:25:00,08:26:07,29640,29707.0,30300,30367.0,11.0,11.0,1.1166666666666667,1.1166666666666667,0.0,2025-09,Wednesday,0,2025-09-24,Wednesday,2025-09,8,Morning Peak,1,0,1.1167,1.1167,680,1,0.0,0,0,2025,9,September,Q3,BA:Green-N | Morning Peak,142,2.82,6.27,1.81,Chronic,59.64,P3 - Reliability Watch,7.0,Not Late,Not Severe,Eligible
BA:1771586:20250930,2025-09-24,BA:Green-N,901901,08:34:00,08:35:07,901302,08:45:00,08:46:07,30840,30907.0,31500,31567.0,11.0,11.0,1.1166666666666667,1.1166666666666667,0.0,2025-09,Wednesday,0,2025-09-24,Wednesday,2025-09,8,Morning Peak,1,0,1.1167,1.1167,680,1,0.0,0,0,2025,9,September,Q3,BA:Green-N | Morning Peak,142,2.82,6.27,1.81,Chronic,59.64,P3 - Reliability Watch,7.0,Not Late,Not Severe,Eligible
BA:1771587:20250930,2025-09-24,BA:Green-N,901901,08:54:00,08:55:07,901302,09:05:00,09:06:07,32040,32107.0,32700,32767.0,11.0,11.0,1.1166666666666667,1.1166666666666667,0.0,2025-09,Wednesday,0,2025-09-24,Wednesday,2025-09,8,Morning Peak,1,0,1.1167,1.1167,680,1,0.0,0,0,2025,9,September,Q3,BA:Green-N | Morning Peak,142,2.82,6.27,1.81,Chronic,59.64,P3 - Reliability Watch,7.0,Not Late,Not Severe,Eligible
BA:1771588:20250930,2025-09-24,BA:Green-N,901901,09:14:00,09:15:07,901302,09:25:00,09:26:07,33240,33307.0,33900,33967.0,11.0,11.0,1.1166666666666667,1.1166666666666667,0.0,2025-09,Wednesday,0,2025-09-24,Wednesday,2025-09,9,Morning Peak,1,0,1.1167,1.1167,680,1,0.0,0,0,2025,9,September,Q3,BA:Green-N | Morning Peak,142,2.82,6.27,1.81,Chronic,59.64,P3 - Reliability Watch,7.0,Not Late,Not Severe,Eligible
BA:1771590:20250930,2025-09-24,BA:Green-N,901901,09:54:00,09:55:07,901302,10:05:00,10:06:07,35640,35707.0,36300,36367.0,11.0,11.0,1.1166666666666667,1.1166666666666667,0.0,2025-09,Wednesday,0,2025-09-24,Wednesday,2025-09,9,Morning Peak,1,0,1.1167,1.1167,680,1,0.0,0,0,2025,9,September,Q3,BA:Green-N | Morning Peak,142,2.82,6.27,1.81,Chronic,59.64,P3 - Reliability Watch,7.0,Not Late,Not Severe,Eligible
BA:1771599:20250930,2025-09-24,BA:Green-N,901901,12:54:00,12:55:07,901302,13:05:00,13:06:07,46440,46507.0,47100,47167.0,11.0,11.0,1.1166666666666667,1.1166666666666667,0.0,2025-09,Wednesday,0,2025-09-24,Wednesday,2025-09,12,Midday,0,0,1.1167,1.1167,680,1,0.0,0,0,2025,9,September,Q3,BA:Green-N | Midday,266,4.51,10.34,10.51,Critical,91.07,P1 - Primary Hotspot,2.0,Not Late,Not Severe,Eligible
BA:1771600:20250930,2025-09-24,BA:Green-N,901901,13:14:00,13:15:07,901302,13:25:00,13:26:07,47640,47707.0,48300,48367.0,11.0,11.0,1.1166666666666667,1.1166666666666667,0.0,2025-09,Wednesday,0,2025-09-24,Wednesday,2025-09,13,Midday,0,0,1.1167,1.1167,680,1,0.0,0,0,2025,9,September,Q3,BA:Green-N | Midday,266,4.51,10.34,10.51,Critical,91.07,P1 - Primary Hotspot,2.0,Not Late,Not Severe,Eligible
BA:1771601:20250930,2025-09-24,BA:Green-N,901901,13:34:00,13:35:07,901302,13:45:00,13:46:07,48840,48907.0,49500,49567.0,11.0,11.0,1.1166666666666667,1.1166666666666667,0.0,2025-09,Wednesday,0,2025-09-24,Wednesday,2025-09,13,Midday,0,0,1.1167,1.1167,680,1,0.0,0,0,2025,9,September,Q3,BA:Green-N | Midday,266,4.51,10.34,10.51,Critical,91.07,P1 - Primary Hotspot,2.0,Not Late,Not Severe,Eligible
BA:1771602:20250930,2025-09-24,BA:Green-N,901901,13:54:00,13:55:07,901302,14:05:00,14:06:07,50040,50107.0,50700,50767.0,11.0,11.0,1.1166666666666667,1.1166666666666667,0.0,2025-09,Wednesday,0,2025-09-24,Wednesday,2025-09,13,Midday,0,0,1.1167,1.1167,680,1,0.0,0,0,2025,9,September,Q3,BA:Green-N | Midday,266,4.51,10.34,10.51,Critical,91.07,P1 - Primary Hotspot,2.0,Not Late,Not Severe,Eligible
BA:1771603:20250930,2025-09-24,BA:Green-N,901901,14:14:00,14:15:07,901302,14:25:00,14:26:07,51240,51307.0,51900,51967.0,11.0,11.0,1.1166666666666667,1.1166666666666667,0.0,2025-09,Wednesday,0,2025-09-24,Wednesday,2025-09,14,Midday,0,0,1.1167,1.1167,680,1,0.0,0,0,2025,9,September,Q3,BA:Green-N | Midday,266,4.51,10.34,10.51,Critical,91.07,P1 - Primary Hotspot,2.0,Not Late,Not Severe,Eligible
BA:1771605:20250930,2025-09-24,BA:Green-N,901901,14:54:00,14:55:07,901302,15:05:00,15:06:07,53640,53707.0,54300,54367.0,11.0,11.0,1.1166666666666667,1.1166666666666667,0.0,2025-09,Wednesday,0,2025-09-24,Wednesday,2025-09,14,Midday,0,0,1.1167,1.1167,680,1,0.0,0,0,2025,9,September,Q3,BA:Green-N | Midday,266,4.51,10.34,10.51,Critical,91.07,P1 - Primary Hotspot,2.0,Not Late,Not Severe,Eligible
BA:1771607:20250930,2025-09-24,BA:Green-N,901901,15:34:00,15:35:07,901302,15:45:00,15:46:07,56040,56107.0,56700,56767.0,11.0,11.0,1.1166666666666667,1.1166666666666667,0.0,2025-09,Wednesday,0,2025-09-24,Wednesday,2025-09,15,Midday,0,0,1.1167,1.1167,680,1,0.0,0,0,2025,9,September,Q3,BA:Green-N | Midday,266,4.51,10.34,10.51,Critical,91.07,P1 - Primary Hotspot,2.0,Not Late,Not Severe,Eligible
BA:1771781:20250930,2025-09-23,BA:Yellow-N,901902,24:08:00,24:12:18,901302,24:18:00,24:23:01,86880,87138.0,87480,87781.0,10.0,10.716666666666669,5.016666666666667,4.3,0.7166666666666668,2025-09,Tuesday,1,2025-09-24,Wednesday,2025-09,0,Overnight,0,0,5.0167,1.4833,647,1,3.5333,1,0,2025,9,September,Q3,BA:Yellow-N | Overnight,335,26.27,7.33,68.28,Chronic,95.71,P1 - Primary Hotspot,1.0,Late,Not Severe,Eligible
BA:1771459:20250930,2025-09-25,BA:Blue-N,901901,05:31:00,05:31:49,901302,05:42:00,05:42:49,19860,19909.0,20520,20569.0,11.0,11.0,0.8166666666666667,0.8166666666666667,0.0,2025-09,Thursday,0,2025-09-25,Thursday,2025-09,5,Overnight,0,0,0.8167,0.8167,479,1,0.0,0,0,2025,9,September,Q3,BA:Blue-N | Overnight,64,0.0,,0.11,Reliable,23.57,Monitor,12.0,Not Late,Not Severe,Eligible
BA:1771462:20250930,2025-09-25,BA:Blue-N,901901,06:31:00,06:31:49,901302,06:42:00,06:42:49,23460,23509.0,24120,24169.0,11.0,11.0,0.8166666666666667,0.8166666666666667,0.0,2025-09,Thursday,0,2025-09-25,Thursday,2025-09,6,Overnight,0,0,0.8167,0.8167,479,1,0.0,0,0,2025,9,September,Q3,BA:Blue-N | Overnight,64,0.0,,0.11,Reliable,23.57,Monitor,12.0,Not Late,Not Severe,Eligible
BA:1771463:20250930,2025-09-25,BA:Blue-N,901901,06:51:00,06:51:49,901302,07:02:00,07:02:49,24660,24709.0,25320,25369.0,11.0,11.0,0.8166666666666667,0.8166666666666667,0.0,2025-09,Thursday,0,2025-09-25,Thursday,2025-09,6,Overnight,0,0,0.8167,0.8167,479,1,0.0,0,0,2025,9,September,Q3,BA:Blue-N | Overnight,64,0.0,,0.11,Reliable,23.57,Monitor,12.0,Not Late,Not Severe,Eligible
BA:1771464:20250930,2025-09-25,BA:Blue-N,901901,07:11:00,07:11:49,901302,07:22:00,07:22:49,25860,25909.0,26520,26569.0,11.0,11.0,0.8166666666666667,0.8166666666666667,0.0,2025-09,Thursday,0,2025-09-25,Thursday,2025-09,7,Morning Peak,1,0,0.8167,0.8167,479,1,0.0,0,0,2025,9,September,Q3,BA:Blue-N | Morning Peak,88,1.14,7.27,0.6,Chronic,47.86,P3 - Reliability Watch,9.0,Not Late,Not Severe,Eligible
BA:1771466:20250930,2025-09-25,BA:Blue-N,901901,07:51:00,07:51:49,901302,08:02:00,08:02:49,28260,28309.0,28920,28969.0,11.0,11.0,0.8166666666666667,0.8166666666666667,0.0,2025-09,Thursday,0,2025-09-25,Thursday,2025-09,7,Morning Peak,1,0,0.8167,0.8167,479,1,0.0,0,0,2025,9,September,Q3,BA:Blue-N | Morning Peak,88,1.14,7.27,0.6,Chronic,47.86,P3 - Reliability Watch,9.0,Not Late,Not Severe,Eligible
BA:1771467:20250930,2025-09-25,BA:Blue-N,901901,08:11:00,08:11:49,901302,08:22:00,08:22:49,29460,29509.0,30120,30169.0,11.0,11.0,0.8166666666666667,0.8166666666666667,0.0,2025-09,Thursday,0,2025-09-25,Thursday,2025-09,8,Morning Peak,1,0,0.8167,0.8167,479,1,0.0,0,0,2025,9,September,Q3,BA:Blue-N | Morning Peak,88,1.14,7.27,0.6,Chronic,47.86,P3 - Reliability Watch,9.0,Not Late,Not Severe,Eligible
BA:1771468:20250930,2025-09-25,BA:Blue-N,901901,08:31:00,08:31:49,901302,08:42:00,08:42:49,30660,30709.0,31320,31369.0,11.0,11.0,0.8166666666666667,0.8166666666666667,0.0,2025-09,Thursday,0,2025-09-25,Thursday,2025-09,8,Morning Peak,1,0,0.8167,0.8167,479,1,0.0,0,0,2025,9,September,Q3,BA:Blue-N | Morning Peak,88,1.14,7.27,0.6,Chronic,47.86,P3 - Reliability Watch,9.0,Not Late,Not Severe,Eligible
BA:1771473:20250930,2025-09-25,BA:Blue-N,901901,10:11:00,10:11:49,901302,10:22:00,10:22:49,36660,36709.0,37320,37369.0,11.0,11.0,0.8166666666666667,0.8166666666666667,0.0,2025-09,Thursday,0,2025-09-25,Thursday,2025-09,10,Midday,0,0,0.8167,0.8167,479,1,0.0,0,0,2025,9,September,Q3,BA:Blue-N | Midday,135,0.74,8.45,0.78,Acute,52.5,P3 - Reliability Watch,8.0,Not Late,Not Severe,Eligible
BA:1771575:20250930,2025-09-25,BA:Green-N,901901,04:54:00,04:55:07,901302,05:05:00,05:06:07,17640,17707.0,18300,18367.0,11.0,11.0,1.1166666666666667,1.1166666666666667,0.0,2025-09,Thursday,0,2025-09-25,Thursday,2025-09,4,Overnight,0,0,1.1167,1.1167,680,1,0.0,0,0,2025,9,September,Q3,BA:Green-N | Overnight,181,2.76,7.14,5.79,Chronic,76.07,P1 - Primary Hotspot,3.0,Not Late,Not Severe,Eligible
BA:1771576:20250930,2025-09-25,BA:Green-N,901901,05:14:00,05:15:07,901302,05:25:00,05:26:07,18840,18907.0,19500,19567.0,11.0,11.0,1.1166666666666667,1.1166666666666667,0.0,2025-09,Thursday,0,2025-09-25,Thursday,2025-09,5,Overnight,0,0,1.1167,1.1167,680,1,0.0,0,0,2025,9,September,Q3,BA:Green-N | Overnight,181,2.76,7.14,5.79,Chronic,76.07,P1 - Primary Hotspot,3.0,Not Late,Not Severe,Eligible
BA:1771577:20250930,2025-09-25,BA:Green-N,901901,05:34:00,05:35:07,901302,05:45:00,05:46:07,20040,20107.0,20700,20767.0,11.0,11.0,1.1166666666666667,1.1166666666666667,0.0,2025-09,Thursday,0,2025-09-25,Thursday,2025-09,5,Overnight,0,0,1.1167,1.1167,680,1,0.0,0,0,2025,9,September,Q3,BA:Green-N | Overnight,181,2.76,7.14,5.79,Chronic,76.07,P1 - Primary Hotspot,3.0,Not Late,Not Severe,Eligible
BA:1771587:20250930,2025-09-25,BA:Green-N,901901,08:54:00,08:55:07,901302,09:05:00,09:06:07,32040,32107.0,32700,32767.0,11.0,11.0,1.1166666666666667,1.1166666666666667,0.0,2025-09,Thursday,0,2025-09-25,Thursday,2025-09,8,Morning Peak,1,0,1.1167,1.1167,680,1,0.0,0,0,2025,9,September,Q3,BA:Green-N | Morning Peak,142,2.82,6.27,1.81,Chronic,59.64,P3 - Reliability Watch,7.0,Not Late,Not Severe,Eligible
BA:1771589:20250930,2025-09-25,BA:Green-N,901901,09:34:00,09:35:07,901302,09:45:00,09:46:07,34440,34507.0,35100,35167.0,11.0,11.0,1.1166666666666667,1.1166666666666667,0.0,2025-09,Thursday,0,2025-09-25,Thursday,2025-09,9,Morning Peak,1,0,1.1167,1.1167,680,1,0.0,0,0,2025,9,September,Q3,BA:Green-N | Morning Peak,142,2.82,6.27,1.81,Chronic,59.64,P3 - Reliability Watch,7.0,Not Late,Not Severe,Eligible
BA:1771590:20250930,2025-09-25,BA:Green-N,901901,09:54:00,09:55:07,901302,10:05:00,10:06:07,35640,35707.0,36300,36367.0,11.0,11.0,1.1166666666666667,1.1166666666666667,0.0,2025-09,Thursday,0,2025-09-25,Thursday,2025-09,9,Morning Peak,1,0,1.1167,1.1167,680,1,0.0,0,0,2025,9,September,Q3,BA:Green-N | Morning Peak,142,2.82,6.27,1.81,Chronic,59.64,P3 - Reliability Watch,7.0,Not Late,Not Severe,Eligible
BA:1771599:20250930,2025-09-25,BA:Green-N,901901,12:54:00,12:55:07,901302,13:05:00,13:06:07,46440,46507.0,47100,47167.0,11.0,11.0,1.1166666666666667,1.1166666666666667,0.0,2025-09,Thursday,0,2025-09-25,Thursday,2025-09,12,Midday,0,0,1.1167,1.1167,680,1,0.0,0,0,2025,9,September,Q3,BA:Green-N | Midday,266,4.51,10.34,10.51,Critical,91.07,P1 - Primary Hotspot,2.0,Not Late,Not Severe,Eligible
BA:1771600:20250930,2025-09-25,BA:Green-N,901901,13:14:00,13:15:07,901302,13:25:00,13:26:07,47640,47707.0,48300,48367.0,11.0,11.0,1.1166666666666667,1.1166666666666667,0.0,2025-09,Thursday,0,2025-09-25,Thursday,2025-09,13,Midday,0,0,1.1167,1.1167,680,1,0.0,0,0,2025,9,September,Q3,BA:Green-N | Midday,266,4.51,10.34,10.51,Critical,91.07,P1 - Primary Hotspot,2.0,Not Late,Not Severe,Eligible
BA:1771601:20250930,2025-09-25,BA:Green-N,901901,13:34:00,13:35:07,901302,13:45:00,13:46:07,48840,48907.0,49500,49567.0,11.0,11.0,1.1166666666666667,1.1166666666666667,0.0,2025-09,Thursday,0,2025-09-25,Thursday,2025-09,13,Midday,0,0,1.1167,1.1167,680,1,0.0,0,0,2025,9,September,Q3,BA:Green-N | Midday,266,4.51,10.34,10.51,Critical,91.07,P1 - Primary Hotspot,2.0,Not Late,Not Severe,Eligible
BA:1771603:20250930,2025-09-25,BA:Green-N,901901,14:14:00,14:15:07,901302,14:25:00,14:26:07,51240,51307.0,51900,51967.0,11.0,11.0,1.1166666666666667,1.1166666666666667,0.0,2025-09,Thursday,0,2025-09-25,Thursday,2025-09,14,Midday,0,0,1.1167,1.1167,680,1,0.0,0,0,2025,9,September,Q3,BA:Green-N | Midday,266,4.51,10.34,10.51,Critical,91.07,P1 - Primary Hotspot,2.0,Not Late,Not Severe,Eligible
BA:1771739:20250930,2025-09-25,BA:Yellow-N,901902,10:09:00,10:09:29,901302,10:19:00,10:20:29,36540,36569.0,37140,37229.0,10.0,11.0,1.4833333333333334,0.4833333333333333,1.0,2025-09,Thursday,0,2025-09-25,Thursday,2025-09,10,Midday,0,0,1.4833,1.4833,647,1,0.0,0,0,2025,9,September,Q3,BA:Yellow-N | Midday,115,0.0,,0.0,Reliable,15.0,Monitor,14.0,Not Late,Not Severe,Eligible
BA:1771781:20250930,2025-09-24,BA:Yellow-N,901902,24:08:00,24:11:45,901302,24:18:00,24:22:32,86880,87105.0,87480,87752.0,10.0,10.783333333333331,4.533333333333333,3.75,0.7833333333333332,2025-09,Wednesday,1,2025-09-25,Thursday,2025-09,0,Overnight,0,0,4.5333,1.4833,647,1,3.05,0,0,2025,9,September,Q3,BA:Yellow-N | Overnight,335,26.27,7.33,68.28,Chronic,95.71,P1 - Primary Hotspot,1.0,Not Late,Not Severe,Eligible
BA:1771575:20250930,2025-09-26,BA:Green-N,901901,04:54:00,04:56:40,901302,05:05:00,05:07:37,17640,17800.0,18300,18457.0,11.0,10.95,2.6166666666666667,2.6666666666666665,-0.0500000000000007,2025-09,Friday,0,2025-09-26,Friday,2025-09,4,Overnight,0,0,2.6167,1.1167,680,1,1.5,0,0,2025,9,September,Q3,BA:Green-N | Overnight,181,2.76,7.14,5.79,Chronic,76.07,P1 - Primary Hotspot,3.0,Not Late,Not Severe,Eligible
BA:1771576:20250930,2025-09-26,BA:Green-N,901901,05:14:00,05:16:45,901302,05:25:00,05:27:13,18840,19005.0,19500,19633.0,11.0,10.466666666666669,2.216666666666667,2.75,-0.5333333333333332,2025-09,Friday,0,2025-09-26,Friday,2025-09,5,Overnight,0,0,2.2167,1.1167,680,1,1.1,0,0,2025,9,September,Q3,BA:Green-N | Overnight,181,2.76,7.14,5.79,Chronic,76.07,P1 - Primary Hotspot,3.0,Not Late,Not Severe,Eligible
BA:1771578:20250930,2025-09-26,BA:Green-N,901901,05:54:00,05:55:07,901302,06:05:00,06:06:07,21240,21307.0,21900,21967.0,11.0,11.0,1.1166666666666667,1.1166666666666667,0.0,2025-09,Friday,0,2025-09-26,Friday,2025-09,5,Overnight,0,0,1.1167,1.1167,680,1,0.0,0,0,2025,9,September,Q3,BA:Green-N | Overnight,181,2.76,7.14,5.79,Chronic,76.07,P1 - Primary Hotspot,3.0,Not Late,Not Severe,Eligible
BA:1771583:20250930,2025-09-26,BA:Green-N,901901,07:34:00,07:35:07,901302,07:45:00,07:46:07,27240,27307.0,27900,27967.0,11.0,11.0,1.1166666666666667,1.1166666666666667,0.0,2025-09,Friday,0,2025-09-26,Friday,2025-09,7,Morning Peak,1,0,1.1167,1.1167,680,1,0.0,0,0,2025,9,September,Q3,BA:Green-N | Morning Peak,142,2.82,6.27,1.81,Chronic,59.64,P3 - Reliability Watch,7.0,Not Late,Not Severe,Eligible
BA:1771584:20250930,2025-09-26,BA:Green-N,901901,07:54:00,07:55:07,901302,08:05:00,08:06:07,28440,28507.0,29100,29167.0,11.0,11.0,1.1166666666666667,1.1166666666666667,0.0,2025-09,Friday,0,2025-09-26,Friday,2025-09,7,Morning Peak,1,0,1.1167,1.1167,680,1,0.0,0,0,2025,9,September,Q3,BA:Green-N | Morning Peak,142,2.82,6.27,1.81,Chronic,59.64,P3 - Reliability Watch,7.0,Not Late,Not Severe,Eligible
BA:1771585:20250930,2025-09-26,BA:Green-N,901901,08:14:00,08:15:07,901302,08:25:00,08:26:07,29640,29707.0,30300,30367.0,11.0,11.0,1.1166666666666667,1.1166666666666667,0.0,2025-09,Friday,0,2025-09-26,Friday,2025-09,8,Morning Peak,1,0,1.1167,1.1167,680,1,0.0,0,0,2025,9,September,Q3,BA:Green-N | Morning Peak,142,2.82,6.27,1.81,Chronic,59.64,P3 - Reliability Watch,7.0,Not Late,Not Severe,Eligible
BA:1771586:20250930,2025-09-26,BA:Green-N,901901,08:34:00,08:35:07,901302,08:45:00,08:46:07,30840,30907.0,31500,31567.0,11.0,11.0,1.1166666666666667,1.1166666666666667,0.0,2025-09,Friday,0,2025-09-26,Friday,2025-09,8,Morning Peak,1,0,1.1167,1.1167,680,1,0.0,0,0,2025,9,September,Q3,BA:Green-N | Morning Peak,142,2.82,6.27,1.81,Chronic,59.64,P3 - Reliability Watch,7.0,Not Late,Not Severe,Eligible
BA:1771587:20250930,2025-09-26,BA:Green-N,901901,08:54:00,08:55:07,901302,09:05:00,09:06:07,32040,32107.0,32700,32767.0,11.0,11.0,1.1166666666666667,1.1166666666666667,0.0,2025-09,Friday,0,2025-09-26,Friday,2025-09,8,Morning Peak,1,0,1.1167,1.1167,680,1,0.0,0,0,2025,9,September,Q3,BA:Green-N | Morning Peak,142,2.82,6.27,1.81,Chronic,59.64,P3 - Reliability Watch,7.0,Not Late,Not Severe,Eligible
BA:1771595:20250930,2025-09-26,BA:Green-N,901901,11:34:00,11:35:07,901302,11:45:00,11:46:07,41640,41707.0,42300,42367.0,11.0,11.0,1.1166666666666667,1.1166666666666667,0.0,2025-09,Friday,0,2025-09-26,Friday,2025-09,11,Midday,0,0,1.1167,1.1167,680,1,0.0,0,0,2025,9,September,Q3,BA:Green-N | Midday,266,4.51,10.34,10.51,Critical,91.07,P1 - Primary Hotspot,2.0,Not Late,Not Severe,Eligible
BA:1771596:20250930,2025-09-26,BA:Green-N,901901,11:54:00,11:55:07,901302,12:05:00,12:06:07,42840,42907.0,43500,43567.0,11.0,11.0,1.1166666666666667,1.1166666666666667,0.0,2025-09,Friday,0,2025-09-26,Friday,2025-09,11,Midday,0,0,1.1167,1.1167,680,1,0.0,0,0,2025,9,September,Q3,BA:Green-N | Midday,266,4.51,10.34,10.51,Critical,91.07,P1 - Primary Hotspot,2.0,Not Late,Not Severe,Eligible
BA:1771597:20250930,2025-09-26,BA:Green-N,901901,12:14:00,12:15:07,901302,12:25:00,12:26:07,44040,44107.0,44700,44767.0,11.0,11.0,1.1166666666666667,1.1166666666666667,0.0,2025-09,Friday,0,2025-09-26,Friday,2025-09,12,Midday,0,0,1.1167,1.1167,680,1,0.0,0,0,2025,9,September,Q3,BA:Green-N | Midday,266,4.51,10.34,10.51,Critical,91.07,P1 - Primary Hotspot,2.0,Not Late,Not Severe,Eligible
BA:1771789:20250930,2025-09-26,BA:Yellow-N,901902,05:17:00,05:17:41,901302,05:28:00,05:28:41,19020,19061.0,19680,19721.0,11.0,11.0,0.6833333333333333,0.6833333333333333,0.0,2025-09,Friday,0,2025-09-26,Friday,2025-09,5,Overnight,0,0,0.6833,1.4833,647,1,0.0,0,0,2025,9,September,Q3,BA:Yellow-N | Overnight,335,26.27,7.33,68.28,Chronic,95.71,P1 - Primary Hotspot,1.0,Not Late,Not Severe,Eligible
BA:1771829:20250930,2025-09-26,BA:Yellow-N,901902,18:57:00,18:57:47,901302,19:08:00,19:08:47,68220,68267.0,68880,68927.0,11.0,11.0,0.7833333333333333,0.7833333333333333,0.0,2025-09,Friday,0,2025-09-26,Friday,2025-09,18,Evening Peak,0,1,0.7833,1.4833,647,1,0.0,0,0,2025,9,September,Q3,BA:Yellow-N | Evening Peak,72,0.0,,0.0,Reliable,15.0,Monitor,13.0,Not Late,Not Severe,Eligible
BA:1771781:20250930,2025-09-25,BA:Yellow-N,901902,24:08:00,24:13:12,901302,24:18:00,24:24:08,86880,87192.0,87480,87848.0,10.0,10.933333333333334,6.133333333333334,5.2,0.9333333333333336,2025-09,Thursday,1,2025-09-26,Friday,2025-09,0,Overnight,0,0,6.1333,1.4833,647,1,4.65,1,0,2025,9,September,Q3,BA:Yellow-N | Overnight,335,26.27,7.33,68.28,Chronic,95.71,P1 - Primary Hotspot,1.0,Late,Not Severe,Eligible
BA:1771781:20250930,2025-09-26,BA:Yellow-N,901902,24:08:00,24:09:23,901302,24:18:00,24:20:45,86880,86963.0,87480,87645.0,10.0,11.366666666666667,2.75,1.3833333333333333,1.3666666666666671,2025-09,Friday,1,2025-09-27,Saturday,2025-09,0,Overnight,0,0,2.75,1.4833,647,1,1.2667,0,0,2025,9,September,Q3,BA:Yellow-N | Overnight,335,26.27,7.33,68.28,Chronic,95.71,P1 - Primary Hotspot,1.0,Not Late,Not Severe,Eligible
BA:1771483:20250930,2025-09-29,BA:Blue-N,901901,13:31:00,13:31:49,901302,13:42:00,13:42:49,48660,48709.0,49320,49369.0,11.0,11.0,0.8166666666666667,0.8166666666666667,0.0,2025-09,Monday,0,2025-09-29,Monday,2025-09,13,Midday,0,0,0.8167,0.8167,479,1,0.0,0,0,2025,9,September,Q3,BA:Blue-N | Midday,135,0.74,8.45,0.78,Acute,52.5,P3 - Reliability Watch,8.0,Not Late,Not Severe,Eligible
BA:1771484:20250930,2025-09-29,BA:Blue-N,901901,13:51:00,13:51:49,901302,14:02:00,14:02:49,49860,49909.0,50520,50569.0,11.0,11.0,0.8166666666666667,0.8166666666666667,0.0,2025-09,Monday,0,2025-09-29,Monday,2025-09,13,Midday,0,0,0.8167,0.8167,479,1,0.0,0,0,2025,9,September,Q3,BA:Blue-N | Midday,135,0.74,8.45,0.78,Acute,52.5,P3 - Reliability Watch,8.0,Not Late,Not Severe,Eligible
BA:1771488:20250930,2025-09-29,BA:Blue-N,901901,15:11:00,15:11:49,901302,15:22:00,15:22:49,54660,54709.0,55320,55369.0,11.0,11.0,0.8166666666666667,0.8166666666666667,0.0,2025-09,Monday,0,2025-09-29,Monday,2025-09,15,Midday,0,0,0.8167,0.8167,479,1,0.0,0,0,2025,9,September,Q3,BA:Blue-N | Midday,135,0.74,8.45,0.78,Acute,52.5,P3 - Reliability Watch,8.0,Not Late,Not Severe,Eligible
BA:1771457:20250930,2025-09-29,BA:Blue-N,901901,16:31:00,16:31:49,901302,16:42:00,16:42:49,59460,59509.0,60120,60169.0,11.0,11.0,0.8166666666666667,0.8166666666666667,0.0,2025-09,Monday,0,2025-09-29,Monday,2025-09,16,Evening Peak,0,1,0.8167,0.8167,479,1,0.0,0,0,2025,9,September,Q3,BA:Blue-N | Evening Peak,89,0.0,,0.11,Reliable,23.57,Monitor,11.0,Not Late,Not Severe,Eligible
BA:1771492:20250930,2025-09-29,BA:Blue-N,901901,16:51:00,16:51:49,901302,17:02:00,17:02:49,60660,60709.0,61320,61369.0,11.0,11.0,0.8166666666666667,0.8166666666666667,0.0,2025-09,Monday,0,2025-09-29,Monday,2025-09,16,Evening Peak,0,1,0.8167,0.8167,479,1,0.0,0,0,2025,9,September,Q3,BA:Blue-N | Evening Peak,89,0.0,,0.11,Reliable,23.57,Monitor,11.0,Not Late,Not Severe,Eligible
BA:1771493:20250930,2025-09-29,BA:Blue-N,901901,17:11:00,17:11:49,901302,17:22:00,17:22:49,61860,61909.0,62520,62569.0,11.0,11.0,0.8166666666666667,0.8166666666666667,0.0,2025-09,Monday,0,2025-09-29,Monday,2025-09,17,Evening Peak,0,1,0.8167,0.8167,479,1,0.0,0,0,2025,9,September,Q3,BA:Blue-N | Evening Peak,89,0.0,,0.11,Reliable,23.57,Monitor,11.0,Not Late,Not Severe,Eligible
BA:1771495:20250930,2025-09-29,BA:Blue-N,901901,17:51:00,17:51:49,901302,18:02:00,18:02:49,64260,64309.0,64920,64969.0,11.0,11.0,0.8166666666666667,0.8166666666666667,0.0,2025-09,Monday,0,2025-09-29,Monday,2025-09,17,Evening Peak,0,1,0.8167,0.8167,479,1,0.0,0,0,2025,9,September,Q3,BA:Blue-N | Evening Peak,89,0.0,,0.11,Reliable,23.57,Monitor,11.0,Not Late,Not Severe,Eligible
BA:1771575:20250930,2025-09-29,BA:Green-N,901901,04:54:00,04:55:07,901302,05:05:00,05:06:07,17640,17707.0,18300,18367.0,11.0,11.0,1.1166666666666667,1.1166666666666667,0.0,2025-09,Monday,0,2025-09-29,Monday,2025-09,4,Overnight,0,0,1.1167,1.1167,680,1,0.0,0,0,2025,9,September,Q3,BA:Green-N | Overnight,181,2.76,7.14,5.79,Chronic,76.07,P1 - Primary Hotspot,3.0,Not Late,Not Severe,Eligible
BA:1771576:20250930,2025-09-29,BA:Green-N,901901,05:14:00,05:15:07,901302,05:25:00,05:26:07,18840,18907.0,19500,19567.0,11.0,11.0,1.1166666666666667,1.1166666666666667,0.0,2025-09,Monday,0,2025-09-29,Monday,2025-09,5,Overnight,0,0,1.1167,1.1167,680,1,0.0,0,0,2025,9,September,Q3,BA:Green-N | Overnight,181,2.76,7.14,5.79,Chronic,76.07,P1 - Primary Hotspot,3.0,Not Late,Not Severe,Eligible
BA:1771577:20250930,2025-09-29,BA:Green-N,901901,05:34:00,05:35:07,901302,05:45:00,05:46:07,20040,20107.0,20700,20767.0,11.0,11.0,1.1166666666666667,1.1166666666666667,0.0,2025-09,Monday,0,2025-09-29,Monday,2025-09,5,Overnight,0,0,1.1167,1.1167,680,1,0.0,0,0,2025,9,September,Q3,BA:Green-N | Overnight,181,2.76,7.14,5.79,Chronic,76.07,P1 - Primary Hotspot,3.0,Not Late,Not Severe,Eligible
BA:1771578:20250930,2025-09-29,BA:Green-N,901901,05:54:00,05:55:07,901302,06:05:00,06:06:07,21240,21307.0,21900,21967.0,11.0,11.0,1.1166666666666667,1.1166666666666667,0.0,2025-09,Monday,0,2025-09-29,Monday,2025-09,5,Overnight,0,0,1.1167,1.1167,680,1,0.0,0,0,2025,9,September,Q3,BA:Green-N | Overnight,181,2.76,7.14,5.79,Chronic,76.07,P1 - Primary Hotspot,3.0,Not Late,Not Severe,Eligible
BA:1771587:20250930,2025-09-29,BA:Green-N,901901,08:54:00,08:55:07,901302,09:05:00,09:06:07,32040,32107.0,32700,32767.0,11.0,11.0,1.1166666666666667,1.1166666666666667,0.0,2025-09,Monday,0,2025-09-29,Monday,2025-09,8,Morning Peak,1,0,1.1167,1.1167,680,1,0.0,0,0,2025,9,September,Q3,BA:Green-N | Morning Peak,142,2.82,6.27,1.81,Chronic,59.64,P3 - Reliability Watch,7.0,Not Late,Not Severe,Eligible
BA:1771588:20250930,2025-09-29,BA:Green-N,901901,09:14:00,09:15:07,901302,09:25:00,09:26:07,33240,33307.0,33900,33967.0,11.0,11.0,1.1166666666666667,1.1166666666666667,0.0,2025-09,Monday,0,2025-09-29,Monday,2025-09,9,Morning Peak,1,0,1.1167,1.1167,680,1,0.0,0,0,2025,9,September,Q3,BA:Green-N | Morning Peak,142,2.82,6.27,1.81,Chronic,59.64,P3 - Reliability Watch,7.0,Not Late,Not Severe,Eligible
BA:1771589:20250930,2025-09-29,BA:Green-N,901901,09:34:00,09:35:07,901302,09:45:00,09:46:07,34440,34507.0,35100,35167.0,11.0,11.0,1.1166666666666667,1.1166666666666667,0.0,2025-09,Monday,0,2025-09-29,Monday,2025-09,9,Morning Peak,1,0,1.1167,1.1167,680,1,0.0,0,0,2025,9,September,Q3,BA:Green-N | Morning Peak,142,2.82,6.27,1.81,Chronic,59.64,P3 - Reliability Watch,7.0,Not Late,Not Severe,Eligible
BA:1771590:20250930,2025-09-29,BA:Green-N,901901,09:54:00,09:55:07,901302,10:05:00,10:06:07,35640,35707.0,36300,36367.0,11.0,11.0,1.1166666666666667,1.1166666666666667,0.0,2025-09,Monday,0,2025-09-29,Monday,2025-09,9,Morning Peak,1,0,1.1167,1.1167,680,1,0.0,0,0,2025,9,September,Q3,BA:Green-N | Morning Peak,142,2.82,6.27,1.81,Chronic,59.64,P3 - Reliability Watch,7.0,Not Late,Not Severe,Eligible
BA:1771593:20250930,2025-09-29,BA:Green-N,901901,10:54:00,11:02:36,901302,11:05:00,11:13:12,39240,39756.0,39900,40392.0,11.0,10.6,8.2,8.6,-0.4000000000000003,2025-09,Monday,0,2025-09-29,Monday,2025-09,10,Midday,0,0,8.2,1.1167,680,1,7.0833,1,0,2025,9,September,Q3,BA:Green-N | Midday,266,4.51,10.34,10.51,Critical,91.07,P1 - Primary Hotspot,2.0,Late,Not Severe,Eligible
BA:1771599:20250930,2025-09-29,BA:Green-N,901901,12:54:00,12:55:07,901302,13:05:00,13:06:07,46440,46507.0,47100,47167.0,11.0,11.0,1.1166666666666667,1.1166666666666667,0.0,2025-09,Monday,0,2025-09-29,Monday,2025-09,12,Midday,0,0,1.1167,1.1167,680,1,0.0,0,0,2025,9,September,Q3,BA:Green-N | Midday,266,4.51,10.34,10.51,Critical,91.07,P1 - Primary Hotspot,2.0,Not Late,Not Severe,Eligible
BA:1771600:20250930,2025-09-29,BA:Green-N,901901,13:14:00,13:15:07,901302,13:25:00,13:26:07,47640,47707.0,48300,48367.0,11.0,11.0,1.1166666666666667,1.1166666666666667,0.0,2025-09,Monday,0,2025-09-29,Monday,2025-09,13,Midday,0,0,1.1167,1.1167,680,1,0.0,0,0,2025,9,September,Q3,BA:Green-N | Midday,266,4.51,10.34,10.51,Critical,91.07,P1 - Primary Hotspot,2.0,Not Late,Not Severe,Eligible
BA:1771601:20250930,2025-09-29,BA:Green-N,901901,13:34:00,13:35:07,901302,13:45:00,13:46:07,48840,48907.0,49500,49567.0,11.0,11.0,1.1166666666666667,1.1166666666666667,0.0,2025-09,Monday,0,2025-09-29,Monday,2025-09,13,Midday,0,0,1.1167,1.1167,680,1,0.0,0,0,2025,9,September,Q3,BA:Green-N | Midday,266,4.51,10.34,10.51,Critical,91.07,P1 - Primary Hotspot,2.0,Not Late,Not Severe,Eligible
BA:1771616:20250930,2025-09-29,BA:Green-N,901901,18:34:00,18:35:07,901302,18:45:00,18:46:07,66840,66907.0,67500,67567.0,11.0,11.0,1.1166666666666667,1.1166666666666667,0.0,2025-09,Monday,0,2025-09-29,Monday,2025-09,18,Evening Peak,0,1,1.1167,1.1167,680,1,0.0,0,0,2025,9,September,Q3,BA:Green-N | Evening Peak,76,5.26,9.22,3.05,Critical,78.93,P3 - Reliability Watch,5.0,Not Late,Not Severe,Eligible
BA:1771817:20250930,2025-09-29,BA:Yellow-N,901902,14:57:00,14:57:47,901302,15:08:00,15:08:47,53820,53867.0,54480,54527.0,11.0,11.0,0.7833333333333333,0.7833333333333333,0.0,2025-09,Monday,0,2025-09-29,Monday,2025-09,14,Midday,0,0,0.7833,1.4833,647,1,0.0,0,0,2025,9,September,Q3,BA:Yellow-N | Midday,115,0.0,,0.0,Reliable,15.0,Monitor,14.0,Not Late,Not Severe,Eligible
BA:1771575:20250930,2025-09-30,BA:Green-N,901901,04:54:00,04:55:07,901302,05:05:00,05:06:07,17640,17707.0,18300,18367.0,11.0,11.0,1.1166666666666667,1.1166666666666667,0.0,2025-09,Tuesday,0,2025-09-30,Tuesday,2025-09,4,Overnight,0,0,1.1167,1.1167,680,1,0.0,0,0,2025,9,September,Q3,BA:Green-N | Overnight,181,2.76,7.14,5.79,Chronic,76.07,P1 - Primary Hotspot,3.0,Not Late,Not Severe,Eligible
BA:1771576:20250930,2025-09-30,BA:Green-N,901901,05:14:00,05:15:07,901302,05:25:00,05:26:07,18840,18907.0,19500,19567.0,11.0,11.0,1.1166666666666667,1.1166666666666667,0.0,2025-09,Tuesday,0,2025-09-30,Tuesday,2025-09,5,Overnight,0,0,1.1167,1.1167,680,1,0.0,0,0,2025,9,September,Q3,BA:Green-N | Overnight,181,2.76,7.14,5.79,Chronic,76.07,P1 - Primary Hotspot,3.0,Not Late,Not Severe,Eligible
BA:1771577:20250930,2025-09-30,BA:Green-N,901901,05:34:00,05:35:07,901302,05:45:00,05:46:07,20040,20107.0,20700,20767.0,11.0,11.0,1.1166666666666667,1.1166666666666667,0.0,2025-09,Tuesday,0,2025-09-30,Tuesday,2025-09,5,Overnight,0,0,1.1167,1.1167,680,1,0.0,0,0,2025,9,September,Q3,BA:Green-N | Overnight,181,2.76,7.14,5.79,Chronic,76.07,P1 - Primary Hotspot,3.0,Not Late,Not Severe,Eligible
BA:1771578:20250930,2025-09-30,BA:Green-N,901901,05:54:00,05:55:07,901302,06:05:00,06:06:07,21240,21307.0,21900,21967.0,11.0,11.0,1.1166666666666667,1.1166666666666667,0.0,2025-09,Tuesday,0,2025-09-30,Tuesday,2025-09,5,Overnight,0,0,1.1167,1.1167,680,1,0.0,0,0,2025,9,September,Q3,BA:Green-N | Overnight,181,2.76,7.14,5.79,Chronic,76.07,P1 - Primary Hotspot,3.0,Not Late,Not Severe,Eligible
BA:1771584:20250930,2025-09-30,BA:Green-N,901901,07:54:00,07:55:07,901302,08:05:00,08:06:07,28440,28507.0,29100,29167.0,11.0,11.0,1.1166666666666667,1.1166666666666667,0.0,2025-09,Tuesday,0,2025-09-30,Tuesday,2025-09,7,Morning Peak,1,0,1.1167,1.1167,680,1,0.0,0,0,2025,9,September,Q3,BA:Green-N | Morning Peak,142,2.82,6.27,1.81,Chronic,59.64,P3 - Reliability Watch,7.0,Not Late,Not Severe,Eligible
BA:1771585:20250930,2025-09-30,BA:Green-N,901901,08:14:00,08:15:07,901302,08:25:00,08:26:07,29640,29707.0,30300,30367.0,11.0,11.0,1.1166666666666667,1.1166666666666667,0.0,2025-09,Tuesday,0,2025-09-30,Tuesday,2025-09,8,Morning Peak,1,0,1.1167,1.1167,680,1,0.0,0,0,2025,9,September,Q3,BA:Green-N | Morning Peak,142,2.82,6.27,1.81,Chronic,59.64,P3 - Reliability Watch,7.0,Not Late,Not Severe,Eligible
BA:1771586:20250930,2025-09-30,BA:Green-N,901901,08:34:00,08:35:07,901302,08:45:00,08:46:07,30840,30907.0,31500,31567.0,11.0,11.0,1.1166666666666667,1.1166666666666667,0.0,2025-09,Tuesday,0,2025-09-30,Tuesday,2025-09,8,Morning Peak,1,0,1.1167,1.1167,680,1,0.0,0,0,2025,9,September,Q3,BA:Green-N | Morning Peak,142,2.82,6.27,1.81,Chronic,59.64,P3 - Reliability Watch,7.0,Not Late,Not Severe,Eligible
BA:1771587:20250930,2025-09-30,BA:Green-N,901901,08:54:00,08:55:07,901302,09:05:00,09:06:07,32040,32107.0,32700,32767.0,11.0,11.0,1.1166666666666667,1.1166666666666667,0.0,2025-09,Tuesday,0,2025-09-30,Tuesday,2025-09,8,Morning Peak,1,0,1.1167,1.1167,680,1,0.0,0,0,2025,9,September,Q3,BA:Green-N | Morning Peak,142,2.82,6.27,1.81,Chronic,59.64,P3 - Reliability Watch,7.0,Not Late,Not Severe,Eligible
BA:1771588:20250930,2025-09-30,BA:Green-N,901901,09:14:00,09:15:07,901302,09:25:00,09:26:07,33240,33307.0,33900,33967.0,11.0,11.0,1.1166666666666667,1.1166666666666667,0.0,2025-09,Tuesday,0,2025-09-30,Tuesday,2025-09,9,Morning Peak,1,0,1.1167,1.1167,680,1,0.0,0,0,2025,9,September,Q3,BA:Green-N | Morning Peak,142,2.82,6.27,1.81,Chronic,59.64,P3 - Reliability Watch,7.0,Not Late,Not Severe,Eligible
BA:1771589:20250930,2025-09-30,BA:Green-N,901901,09:34:00,09:35:07,901302,09:45:00,09:46:07,34440,34507.0,35100,35167.0,11.0,11.0,1.1166666666666667,1.1166666666666667,0.0,2025-09,Tuesday,0,2025-09-30,Tuesday,2025-09,9,Morning Peak,1,0,1.1167,1.1167,680,1,0.0,0,0,2025,9,September,Q3,BA:Green-N | Morning Peak,142,2.82,6.27,1.81,Chronic,59.64,P3 - Reliability Watch,7.0,Not Late,Not Severe,Eligible
BA:1771590:20250930,2025-09-30,BA:Green-N,901901,09:54:00,09:55:07,901302,10:05:00,10:06:07,35640,35707.0,36300,36367.0,11.0,11.0,1.1166666666666667,1.1166666666666667,0.0,2025-09,Tuesday,0,2025-09-30,Tuesday,2025-09,9,Morning Peak,1,0,1.1167,1.1167,680,1,0.0,0,0,2025,9,September,Q3,BA:Green-N | Morning Peak,142,2.82,6.27,1.81,Chronic,59.64,P3 - Reliability Watch,7.0,Not Late,Not Severe,Eligible
BA:1771599:20250930,2025-09-30,BA:Green-N,901901,12:54:00,12:55:07,901302,13:05:00,13:06:07,46440,46507.0,47100,47167.0,11.0,11.0,1.1166666666666667,1.1166666666666667,0.0,2025-09,Tuesday,0,2025-09-30,Tuesday,2025-09,12,Midday,0,0,1.1167,1.1167,680,1,0.0,0,0,2025,9,September,Q3,BA:Green-N | Midday,266,4.51,10.34,10.51,Critical,91.07,P1 - Primary Hotspot,2.0,Not Late,Not Severe,Eligible
BA:1771600:20250930,2025-09-30,BA:Green-N,901901,13:14:00,13:15:07,901302,13:25:00,13:26:07,47640,47707.0,48300,48367.0,11.0,11.0,1.1166666666666667,1.1166666666666667,0.0,2025-09,Tuesday,0,2025-09-30,Tuesday,2025-09,13,Midday,0,0,1.1167,1.1167,680,1,0.0,0,0,2025,9,September,Q3,BA:Green-N | Midday,266,4.51,10.34,10.51,Critical,91.07,P1 - Primary Hotspot,2.0,Not Late,Not Severe,Eligible
BA:1771601:20250930,2025-09-30,BA:Green-N,901901,13:34:00,13:35:07,901302,13:45:00,13:46:07,48840,48907.0,49500,49567.0,11.0,11.0,1.1166666666666667,1.1166666666666667,0.0,2025-09,Tuesday,0,2025-09-30,Tuesday,2025-09,13,Midday,0,0,1.1167,1.1167,680,1,0.0,0,0,2025,9,September,Q3,BA:Green-N | Midday,266,4.51,10.34,10.51,Critical,91.07,P1 - Primary Hotspot,2.0,Not Late,Not Severe,Eligible
BA:1771602:20250930,2025-09-30,BA:Green-N,901901,13:54:00,13:55:07,901302,14:05:00,14:06:07,50040,50107.0,50700,50767.0,11.0,11.0,1.1166666666666667,1.1166666666666667,0.0,2025-09,Tuesday,0,2025-09-30,Tuesday,2025-09,13,Midday,0,0,1.1167,1.1167,680,1,0.0,0,0,2025,9,September,Q3,BA:Green-N | Midday,266,4.51,10.34,10.51,Critical,91.07,P1 - Primary Hotspot,2.0,Not Late,Not Severe,Eligible
BA:1771603:20250930,2025-09-30,BA:Green-N,901901,14:14:00,14:15:07,901302,14:25:00,14:26:07,51240,51307.0,51900,51967.0,11.0,11.0,1.1166666666666667,1.1166666666666667,0.0,2025-09,Tuesday,0,2025-09-30,Tuesday,2025-09,14,Midday,0,0,1.1167,1.1167,680,1,0.0,0,0,2025,9,September,Q3,BA:Green-N | Midday,266,4.51,10.34,10.51,Critical,91.07,P1 - Primary Hotspot,2.0,Not Late,Not Severe,Eligible
BA:1771605:20250930,2025-09-30,BA:Green-N,901901,14:54:00,14:55:07,901302,15:05:00,15:06:07,53640,53707.0,54300,54367.0,11.0,11.0,1.1166666666666667,1.1166666666666667,0.0,2025-09,Tuesday,0,2025-09-30,Tuesday,2025-09,14,Midday,0,0,1.1167,1.1167,680,1,0.0,0,0,2025,9,September,Q3,BA:Green-N | Midday,266,4.51,10.34,10.51,Critical,91.07,P1 - Primary Hotspot,2.0,Not Late,Not Severe,Eligible
BA:1771606:20250930,2025-09-30,BA:Green-N,901901,15:14:00,15:15:07,901302,15:25:00,15:26:07,54840,54907.0,55500,55567.0,11.0,11.0,1.1166666666666667,1.1166666666666667,0.0,2025-09,Tuesday,0,2025-09-30,Tuesday,2025-09,15,Midday,0,0,1.1167,1.1167,680,1,0.0,0,0,2025,9,September,Q3,BA:Green-N | Midday,266,4.51,10.34,10.51,Critical,91.07,P1 - Primary Hotspot,2.0,Not Late,Not Severe,Eligible
BA:1771607:20250930,2025-09-30,BA:Green-N,901901,15:34:00,15:35:07,901302,15:45:00,15:46:07,56040,56107.0,56700,56767.0,11.0,11.0,1.1166666666666667,1.1166666666666667,0.0,2025-09,Tuesday,0,2025-09-30,Tuesday,2025-09,15,Midday,0,0,1.1167,1.1167,680,1,0.0,0,0,2025,9,September,Q3,BA:Green-N | Midday,266,4.51,10.34,10.51,Critical,91.07,P1 - Primary Hotspot,2.0,Not Late,Not Severe,Eligible
BA:1771781:20250930,2025-09-29,BA:Yellow-N,901902,24:08:00,24:11:05,901302,24:18:00,24:21:40,86880,87065.0,87480,87700.0,10.0,10.583333333333334,3.6666666666666665,3.0833333333333335,0.5833333333333339,2025-09,Monday,1,2025-09-30,Tuesday,2025-09,0,Overnight,0,0,3.6667,1.4833,647,1,2.1833,0,0,2025,9,September,Q3,BA:Yellow-N | Overnight,335,26.27,7.33,68.28,Chronic,95.71,P1 - Primary Hotspot,1.0,Not Late,Not Severe,Eligible
BA:1771484:20251031,2025-10-01,BA:Blue-N,901901,13:51:00,13:51:49,901302,14:02:00,14:02:49,49860,49909.0,50520,50569.0,11.0,11.0,0.8166666666666667,0.8166666666666667,0.0,2025-10,Wednesday,0,2025-10-01,Wednesday,2025-10,13,Midday,0,0,0.8167,0.8167,479,1,0.0,0,0,2025,10,October,Q4,BA:Blue-N | Midday,135,0.74,8.45,0.78,Acute,52.5,P3 - Reliability Watch,8.0,Not Late,Not Severe,Eligible
BA:1771487:20251031,2025-10-01,BA:Blue-N,901901,14:51:00,14:51:49,901302,15:02:00,15:02:49,53460,53509.0,54120,54169.0,11.0,11.0,0.8166666666666667,0.8166666666666667,0.0,2025-10,Wednesday,0,2025-10-01,Wednesday,2025-10,14,Midday,0,0,0.8167,0.8167,479,1,0.0,0,0,2025,10,October,Q4,BA:Blue-N | Midday,135,0.74,8.45,0.78,Acute,52.5,P3 - Reliability Watch,8.0,Not Late,Not Severe,Eligible
BA:1771491:20251031,2025-10-01,BA:Blue-N,901901,16:11:00,16:11:49,901302,16:22:00,16:22:49,58260,58309.0,58920,58969.0,11.0,11.0,0.8166666666666667,0.8166666666666667,0.0,2025-10,Wednesday,0,2025-10-01,Wednesday,2025-10,16,Evening Peak,0,1,0.8167,0.8167,479,1,0.0,0,0,2025,10,October,Q4,BA:Blue-N | Evening Peak,89,0.0,,0.11,Reliable,23.57,Monitor,11.0,Not Late,Not Severe,Eligible
BA:1771575:20251018,2025-10-01,BA:Green-N,901901,04:54:00,04:56:07,901302,05:05:00,05:06:40,17640,17767.0,18300,18400.0,11.0,10.55,1.6666666666666667,2.1166666666666667,-0.4499999999999993,2025-10,Wednesday,0,2025-10-01,Wednesday,2025-10,4,Overnight,0,0,1.6667,1.1167,680,1,0.55,0,0,2025,10,October,Q4,BA:Green-N | Overnight,181,2.76,7.14,5.79,Chronic,76.07,P1 - Primary Hotspot,3.0,Not Late,Not Severe,Eligible
BA:1771576:20251018,2025-10-01,BA:Green-N,901901,05:14:00,05:15:07,901302,05:25:00,05:26:07,18840,18907.0,19500,19567.0,11.0,11.0,1.1166666666666667,1.1166666666666667,0.0,2025-10,Wednesday,0,2025-10-01,Wednesday,2025-10,5,Overnight,0,0,1.1167,1.1167,680,1,0.0,0,0,2025,10,October,Q4,BA:Green-N | Overnight,181,2.76,7.14,5.79,Chronic,76.07,P1 - Primary Hotspot,3.0,Not Late,Not Severe,Eligible
BA:1771577:20251018,2025-10-01,BA:Green-N,901901,05:34:00,05:35:07,901302,05:45:00,05:46:07,20040,20107.0,20700,20767.0,11.0,11.0,1.1166666666666667,1.1166666666666667,0.0,2025-10,Wednesday,0,2025-10-01,Wednesday,2025-10,5,Overnight,0,0,1.1167,1.1167,680,1,0.0,0,0,2025,10,October,Q4,BA:Green-N | Overnight,181,2.76,7.14,5.79,Chronic,76.07,P1 - Primary Hotspot,3.0,Not Late,Not Severe,Eligible
BA:1771578:20251018,2025-10-01,BA:Green-N,901901,05:54:00,05:55:07,901302,06:05:00,06:06:07,21240,21307.0,21900,21967.0,11.0,11.0,1.1166666666666667,1.1166666666666667,0.0,2025-10,Wednesday,0,2025-10-01,Wednesday,2025-10,5,Overnight,0,0,1.1167,1.1167,680,1,0.0,0,0,2025,10,October,Q4,BA:Green-N | Overnight,181,2.76,7.14,5.79,Chronic,76.07,P1 - Primary Hotspot,3.0,Not Late,Not Severe,Eligible
BA:1771584:20251018,2025-10-01,BA:Green-N,901901,07:54:00,07:55:07,901302,08:05:00,08:06:07,28440,28507.0,29100,29167.0,11.0,11.0,1.1166666666666667,1.1166666666666667,0.0,2025-10,Wednesday,0,2025-10-01,Wednesday,2025-10,7,Morning Peak,1,0,1.1167,1.1167,680,1,0.0,0,0,2025,10,October,Q4,BA:Green-N | Morning Peak,142,2.82,6.27,1.81,Chronic,59.64,P3 - Reliability Watch,7.0,Not Late,Not Severe,Eligible
BA:1771585:20251018,2025-10-01,BA:Green-N,901901,08:14:00,08:15:07,901302,08:25:00,08:26:07,29640,29707.0,30300,30367.0,11.0,11.0,1.1166666666666667,1.1166666666666667,0.0,2025-10,Wednesday,0,2025-10-01,Wednesday,2025-10,8,Morning Peak,1,0,1.1167,1.1167,680,1,0.0,0,0,2025,10,October,Q4,BA:Green-N | Morning Peak,142,2.82,6.27,1.81,Chronic,59.64,P3 - Reliability Watch,7.0,Not Late,Not Severe,Eligible
BA:1771586:20251018,2025-10-01,BA:Green-N,901901,08:34:00,08:35:07,901302,08:45:00,08:46:07,30840,30907.0,31500,31567.0,11.0,11.0,1.1166666666666667,1.1166666666666667,0.0,2025-10,Wednesday,0,2025-10-01,Wednesday,2025-10,8,Morning Peak,1,0,1.1167,1.1167,680,1,0.0,0,0,2025,10,October,Q4,BA:Green-N | Morning Peak,142,2.82,6.27,1.81,Chronic,59.64,P3 - Reliability Watch,7.0,Not Late,Not Severe,Eligible
BA:1771587:20251018,2025-10-01,BA:Green-N,901901,08:54:00,08:55:07,901302,09:05:00,09:06:07,32040,32107.0,32700,32767.0,11.0,11.0,1.1166666666666667,1.1166666666666667,0.0,2025-10,Wednesday,0,2025-10-01,Wednesday,2025-10,8,Morning Peak,1,0,1.1167,1.1167,680,1,0.0,0,0,2025,10,October,Q4,BA:Green-N | Morning Peak,142,2.82,6.27,1.81,Chronic,59.64,P3 - Reliability Watch,7.0,Not Late,Not Severe,Eligible
BA:1771588:20251018,2025-10-01,BA:Green-N,901901,09:14:00,09:15:07,901302,09:25:00,09:26:07,33240,33307.0,33900,33967.0,11.0,11.0,1.1166666666666667,1.1166666666666667,0.0,2025-10,Wednesday,0,2025-10-01,Wednesday,2025-10,9,Morning Peak,1,0,1.1167,1.1167,680,1,0.0,0,0,2025,10,October,Q4,BA:Green-N | Morning Peak,142,2.82,6.27,1.81,Chronic,59.64,P3 - Reliability Watch,7.0,Not Late,Not Severe,Eligible
BA:1771589:20251018,2025-10-01,BA:Green-N,901901,09:34:00,09:35:07,901302,09:45:00,09:46:07,34440,34507.0,35100,35167.0,11.0,11.0,1.1166666666666667,1.1166666666666667,0.0,2025-10,Wednesday,0,2025-10-01,Wednesday,2025-10,9,Morning Peak,1,0,1.1167,1.1167,680,1,0.0,0,0,2025,10,October,Q4,BA:Green-N | Morning Peak,142,2.82,6.27,1.81,Chronic,59.64,P3 - Reliability Watch,7.0,Not Late,Not Severe,Eligible
BA:1771599:20251018,2025-10-01,BA:Green-N,901901,12:54:00,12:55:07,901302,13:05:00,13:06:07,46440,46507.0,47100,47167.0,11.0,11.0,1.1166666666666667,1.1166666666666667,0.0,2025-10,Wednesday,0,2025-10-01,Wednesday,2025-10,12,Midday,0,0,1.1167,1.1167,680,1,0.0,0,0,2025,10,October,Q4,BA:Green-N | Midday,266,4.51,10.34,10.51,Critical,91.07,P1 - Primary Hotspot,2.0,Not Late,Not Severe,Eligible
BA:1771600:20251018,2025-10-01,BA:Green-N,901901,13:14:00,13:15:07,901302,13:25:00,13:26:07,47640,47707.0,48300,48367.0,11.0,11.0,1.1166666666666667,1.1166666666666667,0.0,2025-10,Wednesday,0,2025-10-01,Wednesday,2025-10,13,Midday,0,0,1.1167,1.1167,680,1,0.0,0,0,2025,10,October,Q4,BA:Green-N | Midday,266,4.51,10.34,10.51,Critical,91.07,P1 - Primary Hotspot,2.0,Not Late,Not Severe,Eligible
BA:1771601:20251018,2025-10-01,BA:Green-N,901901,13:34:00,13:35:07,901302,13:45:00,13:46:07,48840,48907.0,49500,49567.0,11.0,11.0,1.1166666666666667,1.1166666666666667,0.0,2025-10,Wednesday,0,2025-10-01,Wednesday,2025-10,13,Midday,0,0,1.1167,1.1167,680,1,0.0,0,0,2025,10,October,Q4,BA:Green-N | Midday,266,4.51,10.34,10.51,Critical,91.07,P1 - Primary Hotspot,2.0,Not Late,Not Severe,Eligible
BA:1771602:20251018,2025-10-01,BA:Green-N,901901,13:54:00,13:55:07,901302,14:05:00,14:06:07,50040,50107.0,50700,50767.0,11.0,11.0,1.1166666666666667,1.1166666666666667,0.0,2025-10,Wednesday,0,2025-10-01,Wednesday,2025-10,13,Midday,0,0,1.1167,1.1167,680,1,0.0,0,0,2025,10,October,Q4,BA:Green-N | Midday,266,4.51,10.34,10.51,Critical,91.07,P1 - Primary Hotspot,2.0,Not Late,Not Severe,Eligible
BA:1771603:20251018,2025-10-01,BA:Green-N,901901,14:14:00,14:15:07,901302,14:25:00,14:26:07,51240,51307.0,51900,51967.0,11.0,11.0,1.1166666666666667,1.1166666666666667,0.0,2025-10,Wednesday,0,2025-10-01,Wednesday,2025-10,14,Midday,0,0,1.1167,1.1167,680,1,0.0,0,0,2025,10,October,Q4,BA:Green-N | Midday,266,4.51,10.34,10.51,Critical,91.07,P1 - Primary Hotspot,2.0,Not Late,Not Severe,Eligible
BA:1771604:20251018,2025-10-01,BA:Green-N,901901,14:34:00,14:35:07,901302,14:45:00,14:46:07,52440,52507.0,53100,53167.0,11.0,11.0,1.1166666666666667,1.1166666666666667,0.0,2025-10,Wednesday,0,2025-10-01,Wednesday,2025-10,14,Midday,0,0,1.1167,1.1167,680,1,0.0,0,0,2025,10,October,Q4,BA:Green-N | Midday,266,4.51,10.34,10.51,Critical,91.07,P1 - Primary Hotspot,2.0,Not Late,Not Severe,Eligible
BA:1771579:20251018,2025-10-02,BA:Green-N,901901,06:14:00,06:15:07,901302,06:25:00,06:26:07,22440,22507.0,23100,23167.0,11.0,11.0,1.1166666666666667,1.1166666666666667,0.0,2025-10,Thursday,0,2025-10-02,Thursday,2025-10,6,Overnight,0,0,1.1167,1.1167,680,1,0.0,0,0,2025,10,October,Q4,BA:Green-N | Overnight,181,2.76,7.14,5.79,Chronic,76.07,P1 - Primary Hotspot,3.0,Not Late,Not Severe,Eligible
BA:1771580:20251018,2025-10-02,BA:Green-N,901901,06:34:00,06:35:07,901302,06:45:00,06:46:07,23640,23707.0,24300,24367.0,11.0,11.0,1.1166666666666667,1.1166666666666667,0.0,2025-10,Thursday,0,2025-10-02,Thursday,2025-10,6,Overnight,0,0,1.1167,1.1167,680,1,0.0,0,0,2025,10,October,Q4,BA:Green-N | Overnight,181,2.76,7.14,5.79,Chronic,76.07,P1 - Primary Hotspot,3.0,Not Late,Not Severe,Eligible
BA:1771581:20251018,2025-10-02,BA:Green-N,901901,06:54:00,06:55:07,901302,07:05:00,07:06:07,24840,24907.0,25500,25567.0,11.0,11.0,1.1166666666666667,1.1166666666666667,0.0,2025-10,Thursday,0,2025-10-02,Thursday,2025-10,6,Overnight,0,0,1.1167,1.1167,680,1,0.0,0,0,2025,10,October,Q4,BA:Green-N | Overnight,181,2.76,7.14,5.79,Chronic,76.07,P1 - Primary Hotspot,3.0,Not Late,Not Severe,Eligible
BA:1771582:20251018,2025-10-02,BA:Green-N,901901,07:14:00,07:15:07,901302,07:25:00,07:26:07,26040,26107.0,26700,26767.0,11.0,11.0,1.1166666666666667,1.1166666666666667,0.0,2025-10,Thursday,0,2025-10-02,Thursday,2025-10,7,Morning Peak,1,0,1.1167,1.1167,680,1,0.0,0,0,2025,10,October,Q4,BA:Green-N | Morning Peak,142,2.82,6.27,1.81,Chronic,59.64,P3 - Reliability Watch,7.0,Not Late,Not Severe,Eligible
BA:1771583:20251018,2025-10-02,BA:Green-N,901901,07:34:00,07:35:07,901302,07:45:00,07:46:07,27240,27307.0,27900,27967.0,11.0,11.0,1.1166666666666667,1.1166666666666667,0.0,2025-10,Thursday,0,2025-10-02,Thursday,2025-10,7,Morning Peak,1,0,1.1167,1.1167,680,1,0.0,0,0,2025,10,October,Q4,BA:Green-N | Morning Peak,142,2.82,6.27,1.81,Chronic,59.64,P3 - Reliability Watch,7.0,Not Late,Not Severe,Eligible
BA:1771584:20251018,2025-10-02,BA:Green-N,901901,07:54:00,07:55:07,901302,08:05:00,08:06:07,28440,28507.0,29100,29167.0,11.0,11.0,1.1166666666666667,1.1166666666666667,0.0,2025-10,Thursday,0,2025-10-02,Thursday,2025-10,7,Morning Peak,1,0,1.1167,1.1167,680,1,0.0,0,0,2025,10,October,Q4,BA:Green-N | Morning Peak,142,2.82,6.27,1.81,Chronic,59.64,P3 - Reliability Watch,7.0,Not Late,Not Severe,Eligible
BA:1771585:20251018,2025-10-02,BA:Green-N,901901,08:14:00,08:15:07,901302,08:25:00,08:26:07,29640,29707.0,30300,30367.0,11.0,11.0,1.1166666666666667,1.1166666666666667,0.0,2025-10,Thursday,0,2025-10-02,Thursday,2025-10,8,Morning Peak,1,0,1.1167,1.1167,680,1,0.0,0,0,2025,10,October,Q4,BA:Green-N | Morning Peak,142,2.82,6.27,1.81,Chronic,59.64,P3 - Reliability Watch,7.0,Not Late,Not Severe,Eligible
BA:1771586:20251018,2025-10-02,BA:Green-N,901901,08:34:00,08:35:07,901302,08:45:00,08:46:07,30840,30907.0,31500,31567.0,11.0,11.0,1.1166666666666667,1.1166666666666667,0.0,2025-10,Thursday,0,2025-10-02,Thursday,2025-10,8,Morning Peak,1,0,1.1167,1.1167,680,1,0.0,0,0,2025,10,October,Q4,BA:Green-N | Morning Peak,142,2.82,6.27,1.81,Chronic,59.64,P3 - Reliability Watch,7.0,Not Late,Not Severe,Eligible
BA:1771587:20251018,2025-10-02,BA:Green-N,901901,08:54:00,08:55:07,901302,09:05:00,09:06:07,32040,32107.0,32700,32767.0,11.0,11.0,1.1166666666666667,1.1166666666666667,0.0,2025-10,Thursday,0,2025-10-02,Thursday,2025-10,8,Morning Peak,1,0,1.1167,1.1167,680,1,0.0,0,0,2025,10,October,Q4,BA:Green-N | Morning Peak,142,2.82,6.27,1.81,Chronic,59.64,P3 - Reliability Watch,7.0,Not Late,Not Severe,Eligible
BA:1771591:20251018,2025-10-02,BA:Green-N,901901,10:14:00,10:15:07,901302,10:25:00,10:26:07,36840,36907.0,37500,37567.0,11.0,11.0,1.1166666666666667,1.1166666666666667,0.0,2025-10,Thursday,0,2025-10-02,Thursday,2025-10,10,Midday,0,0,1.1167,1.1167,680,1,0.0,0,0,2025,10,October,Q4,BA:Green-N | Midday,266,4.51,10.34,10.51,Critical,91.07,P1 - Primary Hotspot,2.0,Not Late,Not Severe,Eligible
BA:1771593:20251018,2025-10-02,BA:Green-N,901901,10:54:00,10:55:07,901302,11:05:00,11:06:07,39240,39307.0,39900,39967.0,11.0,11.0,1.1166666666666667,1.1166666666666667,0.0,2025-10,Thursday,0,2025-10-02,Thursday,2025-10,10,Midday,0,0,1.1167,1.1167,680,1,0.0,0,0,2025,10,October,Q4,BA:Green-N | Midday,266,4.51,10.34,10.51,Critical,91.07,P1 - Primary Hotspot,2.0,Not Late,Not Severe,Eligible
BA:1771791:20251018,2025-10-02,BA:Yellow-N,901902,04:57:00,04:57:41,901302,05:08:00,05:08:41,17820,17861.0,18480,18521.0,11.0,11.0,0.6833333333333333,0.6833333333333333,0.0,2025-10,Thursday,0,2025-10-02,Thursday,2025-10,4,Overnight,0,0,0.6833,1.4833,647,1,0.0,0,0,2025,10,October,Q4,BA:Yellow-N | Overnight,335,26.27,7.33,68.28,Chronic,95.71,P1 - Primary Hotspot,1.0,Not Late,Not Severe,Eligible
BA:1771781:20251031,2025-10-01,BA:Yellow-N,901902,24:08:00,24:09:05,901302,24:18:00,24:19:40,86880,86945.0,87480,87580.0,10.0,10.583333333333334,1.6666666666666667,1.0833333333333333,0.5833333333333339,2025-10,Wednesday,1,2025-10-02,Thursday,2025-10,0,Overnight,0,0,1.6667,1.4833,647,1,0.1833,0,0,2025,10,October,Q4,BA:Yellow-N | Overnight,335,26.27,7.33,68.28,Chronic,95.71,P1 - Primary Hotspot,1.0,Not Late,Not Severe,Eligible
BA:1771467:20251031,2025-10-03,BA:Blue-N,901901,08:11:00,08:11:49,901302,08:22:00,08:22:49,29460,29509.0,30120,30169.0,11.0,11.0,0.8166666666666667,0.8166666666666667,0.0,2025-10,Friday,0,2025-10-03,Friday,2025-10,8,Morning Peak,1,0,0.8167,0.8167,479,1,0.0,0,0,2025,10,October,Q4,BA:Blue-N | Morning Peak,88,1.14,7.27,0.6,Chronic,47.86,P3 - Reliability Watch,9.0,Not Late,Not Severe,Eligible
BA:1771469:20251031,2025-10-03,BA:Blue-N,901901,08:51:00,08:51:49,901302,09:02:00,09:02:49,31860,31909.0,32520,32569.0,11.0,11.0,0.8166666666666667,0.8166666666666667,0.0,2025-10,Friday,0,2025-10-03,Friday,2025-10,8,Morning Peak,1,0,0.8167,0.8167,479,1,0.0,0,0,2025,10,October,Q4,BA:Blue-N | Morning Peak,88,1.14,7.27,0.6,Chronic,47.86,P3 - Reliability Watch,9.0,Not Late,Not Severe,Eligible
BA:1771470:20251031,2025-10-03,BA:Blue-N,901901,09:11:00,09:11:49,901302,09:22:00,09:22:49,33060,33109.0,33720,33769.0,11.0,11.0,0.8166666666666667,0.8166666666666667,0.0,2025-10,Friday,0,2025-10-03,Friday,2025-10,9,Morning Peak,1,0,0.8167,0.8167,479,1,0.0,0,0,2025,10,October,Q4,BA:Blue-N | Morning Peak,88,1.14,7.27,0.6,Chronic,47.86,P3 - Reliability Watch,9.0,Not Late,Not Severe,Eligible
BA:1771499:20251031,2025-10-03,BA:Blue-N,901901,19:11:00,19:11:49,901302,19:22:00,19:22:49,69060,69109.0,69720,69769.0,11.0,11.0,0.8166666666666667,0.8166666666666667,0.0,2025-10,Friday,0,2025-10-03,Friday,2025-10,19,Evening,0,0,0.8167,0.8167,479,1,0.0,0,0,2025,10,October,Q4,BA:Blue-N | Evening,103,2.91,5.87,5.12,Chronic,73.21,P2 - High Burden,4.0,Not Late,Not Severe,Eligible
BA:1771575:20251018,2025-10-03,BA:Green-N,901901,04:54:00,05:02:27,901302,05:05:00,05:13:01,17640,18147.0,18300,18781.0,11.0,10.566666666666666,8.016666666666667,8.45,-0.4333333333333335,2025-10,Friday,0,2025-10-03,Friday,2025-10,4,Overnight,0,0,8.0167,1.1167,680,1,6.9,1,0,2025,10,October,Q4,BA:Green-N | Overnight,181,2.76,7.14,5.79,Chronic,76.07,P1 - Primary Hotspot,3.0,Late,Not Severe,Eligible
BA:1771576:20251018,2025-10-03,BA:Green-N,901901,05:14:00,05:16:16,901302,05:25:00,05:26:40,18840,18976.0,19500,19600.0,11.0,10.4,1.6666666666666667,2.2666666666666666,-0.5999999999999996,2025-10,Friday,0,2025-10-03,Friday,2025-10,5,Overnight,0,0,1.6667,1.1167,680,1,0.55,0,0,2025,10,October,Q4,BA:Green-N | Overnight,181,2.76,7.14,5.79,Chronic,76.07,P1 - Primary Hotspot,3.0,Not Late,Not Severe,Eligible
BA:1771577:20251018,2025-10-03,BA:Green-N,901901,05:34:00,05:35:41,901302,05:45:00,05:46:07,20040,20141.0,20700,20767.0,11.0,10.433333333333334,1.1166666666666667,1.6833333333333331,-0.5666666666666664,2025-10,Friday,0,2025-10-03,Friday,2025-10,5,Overnight,0,0,1.1167,1.1167,680,1,0.0,0,0,2025,10,October,Q4,BA:Green-N | Overnight,181,2.76,7.14,5.79,Chronic,76.07,P1 - Primary Hotspot,3.0,Not Late,Not Severe,Eligible
BA:1771578:20251018,2025-10-03,BA:Green-N,901901,05:54:00,05:55:07,901302,06:05:00,06:06:07,21240,21307.0,21900,21967.0,11.0,11.0,1.1166666666666667,1.1166666666666667,0.0,2025-10,Friday,0,2025-10-03,Friday,2025-10,5,Overnight,0,0,1.1167,1.1167,680,1,0.0,0,0,2025,10,October,Q4,BA:Green-N | Overnight,181,2.76,7.14,5.79,Chronic,76.07,P1 - Primary Hotspot,3.0,Not Late,Not Severe,Eligible
BA:1771601:20251018,2025-10-03,BA:Green-N,901901,13:34:00,13:35:07,901302,13:45:00,13:46:07,48840,48907.0,49500,49567.0,11.0,11.0,1.1166666666666667,1.1166666666666667,0.0,2025-10,Friday,0,2025-10-03,Friday,2025-10,13,Midday,0,0,1.1167,1.1167,680,1,0.0,0,0,2025,10,October,Q4,BA:Green-N | Midday,266,4.51,10.34,10.51,Critical,91.07,P1 - Primary Hotspot,2.0,Not Late,Not Severe,Eligible
BA:1771781:20251031,2025-10-02,BA:Yellow-N,901902,24:08:00,24:08:56,901302,24:18:00,24:19:50,86880,86936.0,87480,87590.0,10.0,10.9,1.8333333333333333,0.9333333333333332,0.9000000000000004,2025-10,Thursday,1,2025-10-03,Friday,2025-10,0,Overnight,0,0,1.8333,1.4833,647,1,0.35,0,0,2025,10,October,Q4,BA:Yellow-N | Overnight,335,26.27,7.33,68.28,Chronic,95.71,P1 - Primary Hotspot,1.0,Not Late,Not Severe,Eligible
BA:1771781:20251031,2025-10-03,BA:Yellow-N,901902,24:08:00,24:10:10,901302,24:18:00,24:20:52,86880,87010.0,87480,87652.0,10.0,10.7,2.8666666666666667,2.1666666666666665,0.6999999999999993,2025-10,Friday,1,2025-10-04,Saturday,2025-10,0,Overnight,0,0,2.8667,1.4833,647,1,1.3833,0,0,2025,10,October,Q4,BA:Yellow-N | Overnight,335,26.27,7.33,68.28,Chronic,95.71,P1 - Primary Hotspot,1.0,Not Late,Not Severe,Eligible
BA:1771459:20251031,2025-10-06,BA:Blue-N,901901,05:31:00,05:31:49,901302,05:42:00,05:42:49,19860,19909.0,20520,20569.0,11.0,11.0,0.8166666666666667,0.8166666666666667,0.0,2025-10,Monday,0,2025-10-06,Monday,2025-10,5,Overnight,0,0,0.8167,0.8167,479,1,0.0,0,0,2025,10,October,Q4,BA:Blue-N | Overnight,64,0.0,,0.11,Reliable,23.57,Monitor,12.0,Not Late,Not Severe,Eligible
BA:1771575:20251018,2025-10-06,BA:Green-N,901901,04:54:00,04:55:07,901302,05:05:00,05:06:07,17640,17707.0,18300,18367.0,11.0,11.0,1.1166666666666667,1.1166666666666667,0.0,2025-10,Monday,0,2025-10-06,Monday,2025-10,4,Overnight,0,0,1.1167,1.1167,680,1,0.0,0,0,2025,10,October,Q4,BA:Green-N | Overnight,181,2.76,7.14,5.79,Chronic,76.07,P1 - Primary Hotspot,3.0,Not Late,Not Severe,Eligible
BA:1771577:20251018,2025-10-06,BA:Green-N,901901,05:34:00,05:35:07,901302,05:45:00,05:46:07,20040,20107.0,20700,20767.0,11.0,11.0,1.1166666666666667,1.1166666666666667,0.0,2025-10,Monday,0,2025-10-06,Monday,2025-10,5,Overnight,0,0,1.1167,1.1167,680,1,0.0,0,0,2025,10,October,Q4,BA:Green-N | Overnight,181,2.76,7.14,5.79,Chronic,76.07,P1 - Primary Hotspot,3.0,Not Late,Not Severe,Eligible
BA:1771578:20251018,2025-10-06,BA:Green-N,901901,05:54:00,05:55:07,901302,06:05:00,06:06:07,21240,21307.0,21900,21967.0,11.0,11.0,1.1166666666666667,1.1166666666666667,0.0,2025-10,Monday,0,2025-10-06,Monday,2025-10,5,Overnight,0,0,1.1167,1.1167,680,1,0.0,0,0,2025,10,October,Q4,BA:Green-N | Overnight,181,2.76,7.14,5.79,Chronic,76.07,P1 - Primary Hotspot,3.0,Not Late,Not Severe,Eligible
BA:1771485:20251031,2025-10-07,BA:Blue-N,901901,14:11:00,14:11:49,901302,14:22:00,14:22:49,51060,51109.0,51720,51769.0,11.0,11.0,0.8166666666666667,0.8166666666666667,0.0,2025-10,Tuesday,0,2025-10-07,Tuesday,2025-10,14,Midday,0,0,0.8167,0.8167,479,1,0.0,0,0,2025,10,October,Q4,BA:Blue-N | Midday,135,0.74,8.45,0.78,Acute,52.5,P3 - Reliability Watch,8.0,Not Late,Not Severe,Eligible
BA:1771493:20251031,2025-10-07,BA:Blue-N,901901,17:18:00,17:18:49,901302,17:22:00,17:22:49,62280,62329.0,62520,62569.0,4.0,4.0,0.8166666666666667,0.8166666666666667,0.0,2025-10,Tuesday,0,2025-10-07,Tuesday,2025-10,17,Evening Peak,0,1,0.8167,0.8167,479,1,0.0,0,0,2025,10,October,Q4,BA:Blue-N | Evening Peak,89,0.0,,0.11,Reliable,23.57,Monitor,11.0,Not Late,Not Severe,Eligible
BA:1771575:20251018,2025-10-07,BA:Green-N,901901,04:54:00,04:55:07,901302,05:05:00,05:06:07,17640,17707.0,18300,18367.0,11.0,11.0,1.1166666666666667,1.1166666666666667,0.0,2025-10,Tuesday,0,2025-10-07,Tuesday,2025-10,4,Overnight,0,0,1.1167,1.1167,680,1,0.0,0,0,2025,10,October,Q4,BA:Green-N | Overnight,181,2.76,7.14,5.79,Chronic,76.07,P1 - Primary Hotspot,3.0,Not Late,Not Severe,Eligible
BA:1771576:20251018,2025-10-07,BA:Green-N,901901,05:14:00,05:15:07,901302,05:25:00,05:26:07,18840,18907.0,19500,19567.0,11.0,11.0,1.1166666666666667,1.1166666666666667,0.0,2025-10,Tuesday,0,2025-10-07,Tuesday,2025-10,5,Overnight,0,0,1.1167,1.1167,680,1,0.0,0,0,2025,10,October,Q4,BA:Green-N | Overnight,181,2.76,7.14,5.79,Chronic,76.07,P1 - Primary Hotspot,3.0,Not Late,Not Severe,Eligible
BA:1771577:20251018,2025-10-07,BA:Green-N,901901,05:34:00,05:35:07,901302,05:45:00,05:46:07,20040,20107.0,20700,20767.0,11.0,11.0,1.1166666666666667,1.1166666666666667,0.0,2025-10,Tuesday,0,2025-10-07,Tuesday,2025-10,5,Overnight,0,0,1.1167,1.1167,680,1,0.0,0,0,2025,10,October,Q4,BA:Green-N | Overnight,181,2.76,7.14,5.79,Chronic,76.07,P1 - Primary Hotspot,3.0,Not Late,Not Severe,Eligible
BA:1771578:20251018,2025-10-07,BA:Green-N,901901,05:54:00,05:55:07,901302,06:05:00,06:06:07,21240,21307.0,21900,21967.0,11.0,11.0,1.1166666666666667,1.1166666666666667,0.0,2025-10,Tuesday,0,2025-10-07,Tuesday,2025-10,5,Overnight,0,0,1.1167,1.1167,680,1,0.0,0,0,2025,10,October,Q4,BA:Green-N | Overnight,181,2.76,7.14,5.79,Chronic,76.07,P1 - Primary Hotspot,3.0,Not Late,Not Severe,Eligible
BA:1771588:20251018,2025-10-07,BA:Green-N,901901,09:14:00,09:15:07,901302,09:25:00,09:26:07,33240,33307.0,33900,33967.0,11.0,11.0,1.1166666666666667,1.1166666666666667,0.0,2025-10,Tuesday,0,2025-10-07,Tuesday,2025-10,9,Morning Peak,1,0,1.1167,1.1167,680,1,0.0,0,0,2025,10,October,Q4,BA:Green-N | Morning Peak,142,2.82,6.27,1.81,Chronic,59.64,P3 - Reliability Watch,7.0,Not Late,Not Severe,Eligible
BA:1771600:20251018,2025-10-07,BA:Green-N,901901,13:14:00,13:16:42,901302,13:25:00,13:27:19,47640,47802.0,48300,48439.0,11.0,10.616666666666667,2.316666666666667,2.7,-0.3833333333333328,2025-10,Tuesday,0,2025-10-07,Tuesday,2025-10,13,Midday,0,0,2.3167,1.1167,680,1,1.2,0,0,2025,10,October,Q4,BA:Green-N | Midday,266,4.51,10.34,10.51,Critical,91.07,P1 - Primary Hotspot,2.0,Not Late,Not Severe,Eligible
BA:1771602:20251018,2025-10-07,BA:Green-N,901901,13:54:00,13:55:07,901302,14:05:00,14:06:07,50040,50107.0,50700,50767.0,11.0,11.0,1.1166666666666667,1.1166666666666667,0.0,2025-10,Tuesday,0,2025-10-07,Tuesday,2025-10,13,Midday,0,0,1.1167,1.1167,680,1,0.0,0,0,2025,10,October,Q4,BA:Green-N | Midday,266,4.51,10.34,10.51,Critical,91.07,P1 - Primary Hotspot,2.0,Not Late,Not Severe,Eligible
BA:1771781:20251031,2025-10-06,BA:Yellow-N,901902,24:08:00,24:08:51,901302,24:18:00,24:19:47,86880,86931.0,87480,87587.0,10.0,10.933333333333334,1.7833333333333334,0.85,0.9333333333333336,2025-10,Monday,1,2025-10-07,Tuesday,2025-10,0,Overnight,0,0,1.7833,1.4833,647,1,0.3,0,0,2025,10,October,Q4,BA:Yellow-N | Overnight,335,26.27,7.33,68.28,Chronic,95.71,P1 - Primary Hotspot,1.0,Not Late,Not Severe,Eligible
BA:1771465:20251031,2025-10-08,BA:Blue-N,901901,07:31:00,07:31:49,901302,07:42:00,07:42:49,27060,27109.0,27720,27769.0,11.0,11.0,0.8166666666666667,0.8166666666666667,0.0,2025-10,Wednesday,0,2025-10-08,Wednesday,2025-10,7,Morning Peak,1,0,0.8167,0.8167,479,1,0.0,0,0,2025,10,October,Q4,BA:Blue-N | Morning Peak,88,1.14,7.27,0.6,Chronic,47.86,P3 - Reliability Watch,9.0,Not Late,Not Severe,Eligible
BA:1771466:20251031,2025-10-08,BA:Blue-N,901901,07:51:00,07:51:49,901302,08:02:00,08:02:49,28260,28309.0,28920,28969.0,11.0,11.0,0.8166666666666667,0.8166666666666667,0.0,2025-10,Wednesday,0,2025-10-08,Wednesday,2025-10,7,Morning Peak,1,0,0.8167,0.8167,479,1,0.0,0,0,2025,10,October,Q4,BA:Blue-N | Morning Peak,88,1.14,7.27,0.6,Chronic,47.86,P3 - Reliability Watch,9.0,Not Late,Not Severe,Eligible
BA:1771468:20251031,2025-10-08,BA:Blue-N,901901,08:31:00,08:31:49,901302,08:42:00,08:42:49,30660,30709.0,31320,31369.0,11.0,11.0,0.8166666666666667,0.8166666666666667,0.0,2025-10,Wednesday,0,2025-10-08,Wednesday,2025-10,8,Morning Peak,1,0,0.8167,0.8167,479,1,0.0,0,0,2025,10,October,Q4,BA:Blue-N | Morning Peak,88,1.14,7.27,0.6,Chronic,47.86,P3 - Reliability Watch,9.0,Not Late,Not Severe,Eligible
BA:1771470:20251031,2025-10-08,BA:Blue-N,901901,09:11:00,09:11:49,901302,09:22:00,09:22:49,33060,33109.0,33720,33769.0,11.0,11.0,0.8166666666666667,0.8166666666666667,0.0,2025-10,Wednesday,0,2025-10-08,Wednesday,2025-10,9,Morning Peak,1,0,0.8167,0.8167,479,1,0.0,0,0,2025,10,October,Q4,BA:Blue-N | Morning Peak,88,1.14,7.27,0.6,Chronic,47.86,P3 - Reliability Watch,9.0,Not Late,Not Severe,Eligible
BA:1771474:20251031,2025-10-08,BA:Blue-N,901901,10:31:00,10:31:49,901302,10:42:00,10:42:49,37860,37909.0,38520,38569.0,11.0,11.0,0.8166666666666667,0.8166666666666667,0.0,2025-10,Wednesday,0,2025-10-08,Wednesday,2025-10,10,Midday,0,0,0.8167,0.8167,479,1,0.0,0,0,2025,10,October,Q4,BA:Blue-N | Midday,135,0.74,8.45,0.78,Acute,52.5,P3 - Reliability Watch,8.0,Not Late,Not Severe,Eligible
BA:1771575:20251018,2025-10-08,BA:Green-N,901901,04:54:00,04:55:07,901302,05:05:00,05:06:07,17640,17707.0,18300,18367.0,11.0,11.0,1.1166666666666667,1.1166666666666667,0.0,2025-10,Wednesday,0,2025-10-08,Wednesday,2025-10,4,Overnight,0,0,1.1167,1.1167,680,1,0.0,0,0,2025,10,October,Q4,BA:Green-N | Overnight,181,2.76,7.14,5.79,Chronic,76.07,P1 - Primary Hotspot,3.0,Not Late,Not Severe,Eligible
BA:1771578:20251018,2025-10-08,BA:Green-N,901901,05:54:00,05:58:30,901302,06:05:00,06:09:07,21240,21510.0,21900,22147.0,11.0,10.616666666666667,4.116666666666666,4.5,-0.3833333333333328,2025-10,Wednesday,0,2025-10-08,Wednesday,2025-10,5,Overnight,0,0,4.1167,1.1167,680,1,3.0,0,0,2025,10,October,Q4,BA:Green-N | Overnight,181,2.76,7.14,5.79,Chronic,76.07,P1 - Primary Hotspot,3.0,Not Late,Not Severe,Eligible
BA:1771586:20251018,2025-10-08,BA:Green-N,901901,08:34:00,08:42:01,901302,08:45:00,08:52:38,30840,31321.0,31500,31958.0,11.0,10.616666666666667,7.633333333333334,8.016666666666667,-0.3833333333333328,2025-10,Wednesday,0,2025-10-08,Wednesday,2025-10,8,Morning Peak,1,0,7.6333,1.1167,680,1,6.5167,1,0,2025,10,October,Q4,BA:Green-N | Morning Peak,142,2.82,6.27,1.81,Chronic,59.64,P3 - Reliability Watch,7.0,Late,Not Severe,Eligible
BA:1771588:20251018,2025-10-08,BA:Green-N,901901,09:14:00,09:15:07,901302,09:25:00,09:26:07,33240,33307.0,33900,33967.0,11.0,11.0,1.1166666666666667,1.1166666666666667,0.0,2025-10,Wednesday,0,2025-10-08,Wednesday,2025-10,9,Morning Peak,1,0,1.1167,1.1167,680,1,0.0,0,0,2025,10,October,Q4,BA:Green-N | Morning Peak,142,2.82,6.27,1.81,Chronic,59.64,P3 - Reliability Watch,7.0,Not Late,Not Severe,Eligible
BA:1771589:20251018,2025-10-08,BA:Green-N,901901,09:34:00,09:35:07,901302,09:45:00,09:46:07,34440,34507.0,35100,35167.0,11.0,11.0,1.1166666666666667,1.1166666666666667,0.0,2025-10,Wednesday,0,2025-10-08,Wednesday,2025-10,9,Morning Peak,1,0,1.1167,1.1167,680,1,0.0,0,0,2025,10,October,Q4,BA:Green-N | Morning Peak,142,2.82,6.27,1.81,Chronic,59.64,P3 - Reliability Watch,7.0,Not Late,Not Severe,Eligible
BA:1771590:20251018,2025-10-08,BA:Green-N,901901,09:54:00,09:55:07,901302,10:05:00,10:06:07,35640,35707.0,36300,36367.0,11.0,11.0,1.1166666666666667,1.1166666666666667,0.0,2025-10,Wednesday,0,2025-10-08,Wednesday,2025-10,9,Morning Peak,1,0,1.1167,1.1167,680,1,0.0,0,0,2025,10,October,Q4,BA:Green-N | Morning Peak,142,2.82,6.27,1.81,Chronic,59.64,P3 - Reliability Watch,7.0,Not Late,Not Severe,Eligible
BA:1771599:20251018,2025-10-08,BA:Green-N,901901,12:54:00,12:55:07,901302,13:05:00,13:06:07,46440,46507.0,47100,47167.0,11.0,11.0,1.1166666666666667,1.1166666666666667,0.0,2025-10,Wednesday,0,2025-10-08,Wednesday,2025-10,12,Midday,0,0,1.1167,1.1167,680,1,0.0,0,0,2025,10,October,Q4,BA:Green-N | Midday,266,4.51,10.34,10.51,Critical,91.07,P1 - Primary Hotspot,2.0,Not Late,Not Severe,Eligible
BA:1771600:20251018,2025-10-08,BA:Green-N,901901,13:14:00,13:15:07,901302,13:25:00,13:26:07,47640,47707.0,48300,48367.0,11.0,11.0,1.1166666666666667,1.1166666666666667,0.0,2025-10,Wednesday,0,2025-10-08,Wednesday,2025-10,13,Midday,0,0,1.1167,1.1167,680,1,0.0,0,0,2025,10,October,Q4,BA:Green-N | Midday,266,4.51,10.34,10.51,Critical,91.07,P1 - Primary Hotspot,2.0,Not Late,Not Severe,Eligible
BA:1771601:20251018,2025-10-08,BA:Green-N,901901,13:34:00,13:35:07,901302,13:45:00,13:46:07,48840,48907.0,49500,49567.0,11.0,11.0,1.1166666666666667,1.1166666666666667,0.0,2025-10,Wednesday,0,2025-10-08,Wednesday,2025-10,13,Midday,0,0,1.1167,1.1167,680,1,0.0,0,0,2025,10,October,Q4,BA:Green-N | Midday,266,4.51,10.34,10.51,Critical,91.07,P1 - Primary Hotspot,2.0,Not Late,Not Severe,Eligible
BA:1771602:20251018,2025-10-08,BA:Green-N,901901,13:54:00,13:55:07,901302,14:05:00,14:06:07,50040,50107.0,50700,50767.0,11.0,11.0,1.1166666666666667,1.1166666666666667,0.0,2025-10,Wednesday,0,2025-10-08,Wednesday,2025-10,13,Midday,0,0,1.1167,1.1167,680,1,0.0,0,0,2025,10,October,Q4,BA:Green-N | Midday,266,4.51,10.34,10.51,Critical,91.07,P1 - Primary Hotspot,2.0,Not Late,Not Severe,Eligible
BA:1771603:20251018,2025-10-08,BA:Green-N,901901,14:14:00,14:15:07,901302,14:25:00,14:26:07,51240,51307.0,51900,51967.0,11.0,11.0,1.1166666666666667,1.1166666666666667,0.0,2025-10,Wednesday,0,2025-10-08,Wednesday,2025-10,14,Midday,0,0,1.1167,1.1167,680,1,0.0,0,0,2025,10,October,Q4,BA:Green-N | Midday,266,4.51,10.34,10.51,Critical,91.07,P1 - Primary Hotspot,2.0,Not Late,Not Severe,Eligible
BA:1771604:20251018,2025-10-08,BA:Green-N,901901,14:34:00,14:35:07,901302,14:45:00,14:46:07,52440,52507.0,53100,53167.0,11.0,11.0,1.1166666666666667,1.1166666666666667,0.0,2025-10,Wednesday,0,2025-10-08,Wednesday,2025-10,14,Midday,0,0,1.1167,1.1167,680,1,0.0,0,0,2025,10,October,Q4,BA:Green-N | Midday,266,4.51,10.34,10.51,Critical,91.07,P1 - Primary Hotspot,2.0,Not Late,Not Severe,Eligible
BA:1771605:20251018,2025-10-08,BA:Green-N,901901,14:54:00,14:55:07,901302,15:05:00,15:06:07,53640,53707.0,54300,54367.0,11.0,11.0,1.1166666666666667,1.1166666666666667,0.0,2025-10,Wednesday,0,2025-10-08,Wednesday,2025-10,14,Midday,0,0,1.1167,1.1167,680,1,0.0,0,0,2025,10,October,Q4,BA:Green-N | Midday,266,4.51,10.34,10.51,Critical,91.07,P1 - Primary Hotspot,2.0,Not Late,Not Severe,Eligible
BA:1771606:20251018,2025-10-08,BA:Green-N,901901,15:14:00,15:15:07,901302,15:25:00,15:26:07,54840,54907.0,55500,55567.0,11.0,11.0,1.1166666666666667,1.1166666666666667,0.0,2025-10,Wednesday,0,2025-10-08,Wednesday,2025-10,15,Midday,0,0,1.1167,1.1167,680,1,0.0,0,0,2025,10,October,Q4,BA:Green-N | Midday,266,4.51,10.34,10.51,Critical,91.07,P1 - Primary Hotspot,2.0,Not Late,Not Severe,Eligible
BA:1771607:20251018,2025-10-08,BA:Green-N,901901,15:34:00,15:35:07,901302,15:45:00,15:46:07,56040,56107.0,56700,56767.0,11.0,11.0,1.1166666666666667,1.1166666666666667,0.0,2025-10,Wednesday,0,2025-10-08,Wednesday,2025-10,15,Midday,0,0,1.1167,1.1167,680,1,0.0,0,0,2025,10,October,Q4,BA:Green-N | Midday,266,4.51,10.34,10.51,Critical,91.07,P1 - Primary Hotspot,2.0,Not Late,Not Severe,Eligible
BA:1771781:20251031,2025-10-07,BA:Yellow-N,901902,24:08:00,24:08:50,901302,24:18:00,24:19:50,86880,86930.0,87480,87590.0,10.0,11.0,1.8333333333333333,0.8333333333333334,1.0,2025-10,Tuesday,1,2025-10-08,Wednesday,2025-10,0,Overnight,0,0,1.8333,1.4833,647,1,0.35,0,0,2025,10,October,Q4,BA:Yellow-N | Overnight,335,26.27,7.33,68.28,Chronic,95.71,P1 - Primary Hotspot,1.0,Not Late,Not Severe,Eligible
BA:1771457:20251031,2025-10-09,BA:Blue-N,901901,16:31:00,16:31:49,901302,16:42:00,16:42:49,59460,59509.0,60120,60169.0,11.0,11.0,0.8166666666666667,0.8166666666666667,0.0,2025-10,Thursday,0,2025-10-09,Thursday,2025-10,16,Evening Peak,0,1,0.8167,0.8167,479,1,0.0,0,0,2025,10,October,Q4,BA:Blue-N | Evening Peak,89,0.0,,0.11,Reliable,23.57,Monitor,11.0,Not Late,Not Severe,Eligible
BA:1771578:20251018,2025-10-09,BA:Green-N,901901,05:54:00,05:55:07,901302,06:05:00,06:06:07,21240,21307.0,21900,21967.0,11.0,11.0,1.1166666666666667,1.1166666666666667,0.0,2025-10,Thursday,0,2025-10-09,Thursday,2025-10,5,Overnight,0,0,1.1167,1.1167,680,1,0.0,0,0,2025,10,October,Q4,BA:Green-N | Overnight,181,2.76,7.14,5.79,Chronic,76.07,P1 - Primary Hotspot,3.0,Not Late,Not Severe,Eligible
BA:1771587:20251018,2025-10-09,BA:Green-N,901901,08:54:00,08:55:07,901302,09:05:00,09:06:07,32040,32107.0,32700,32767.0,11.0,11.0,1.1166666666666667,1.1166666666666667,0.0,2025-10,Thursday,0,2025-10-09,Thursday,2025-10,8,Morning Peak,1,0,1.1167,1.1167,680,1,0.0,0,0,2025,10,October,Q4,BA:Green-N | Morning Peak,142,2.82,6.27,1.81,Chronic,59.64,P3 - Reliability Watch,7.0,Not Late,Not Severe,Eligible
BA:1771588:20251018,2025-10-09,BA:Green-N,901901,09:14:00,09:15:07,901302,09:25:00,09:26:07,33240,33307.0,33900,33967.0,11.0,11.0,1.1166666666666667,1.1166666666666667,0.0,2025-10,Thursday,0,2025-10-09,Thursday,2025-10,9,Morning Peak,1,0,1.1167,1.1167,680,1,0.0,0,0,2025,10,October,Q4,BA:Green-N | Morning Peak,142,2.82,6.27,1.81,Chronic,59.64,P3 - Reliability Watch,7.0,Not Late,Not Severe,Eligible
BA:1771589:20251018,2025-10-09,BA:Green-N,901901,09:34:00,09:35:07,901302,09:45:00,09:46:07,34440,34507.0,35100,35167.0,11.0,11.0,1.1166666666666667,1.1166666666666667,0.0,2025-10,Thursday,0,2025-10-09,Thursday,2025-10,9,Morning Peak,1,0,1.1167,1.1167,680,1,0.0,0,0,2025,10,October,Q4,BA:Green-N | Morning Peak,142,2.82,6.27,1.81,Chronic,59.64,P3 - Reliability Watch,7.0,Not Late,Not Severe,Eligible
BA:1771594:20251018,2025-10-09,BA:Green-N,901901,11:14:00,11:15:07,901302,11:25:00,11:26:07,40440,40507.0,41100,41167.0,11.0,11.0,1.1166666666666667,1.1166666666666667,0.0,2025-10,Thursday,0,2025-10-09,Thursday,2025-10,11,Midday,0,0,1.1167,1.1167,680,1,0.0,0,0,2025,10,October,Q4,BA:Green-N | Midday,266,4.51,10.34,10.51,Critical,91.07,P1 - Primary Hotspot,2.0,Not Late,Not Severe,Eligible
BA:1771599:20251018,2025-10-09,BA:Green-N,901901,12:54:00,12:55:07,901302,13:05:00,13:06:07,46440,46507.0,47100,47167.0,11.0,11.0,1.1166666666666667,1.1166666666666667,0.0,2025-10,Thursday,0,2025-10-09,Thursday,2025-10,12,Midday,0,0,1.1167,1.1167,680,1,0.0,0,0,2025,10,October,Q4,BA:Green-N | Midday,266,4.51,10.34,10.51,Critical,91.07,P1 - Primary Hotspot,2.0,Not Late,Not Severe,Eligible
BA:1771600:20251018,2025-10-09,BA:Green-N,901901,13:14:00,13:15:07,901302,13:25:00,13:26:07,47640,47707.0,48300,48367.0,11.0,11.0,1.1166666666666667,1.1166666666666667,0.0,2025-10,Thursday,0,2025-10-09,Thursday,2025-10,13,Midday,0,0,1.1167,1.1167,680,1,0.0,0,0,2025,10,October,Q4,BA:Green-N | Midday,266,4.51,10.34,10.51,Critical,91.07,P1 - Primary Hotspot,2.0,Not Late,Not Severe,Eligible
BA:1771601:20251018,2025-10-09,BA:Green-N,901901,13:34:00,13:35:07,901302,13:45:00,13:46:07,48840,48907.0,49500,49567.0,11.0,11.0,1.1166666666666667,1.1166666666666667,0.0,2025-10,Thursday,0,2025-10-09,Thursday,2025-10,13,Midday,0,0,1.1167,1.1167,680,1,0.0,0,0,2025,10,October,Q4,BA:Green-N | Midday,266,4.51,10.34,10.51,Critical,91.07,P1 - Primary Hotspot,2.0,Not Late,Not Severe,Eligible
BA:1771781:20251031,2025-10-08,BA:Yellow-N,901902,24:08:00,24:09:20,901302,24:18:00,24:20:13,86880,86960.0,87480,87613.0,10.0,10.883333333333333,2.216666666666667,1.3333333333333333,0.8833333333333329,2025-10,Wednesday,1,2025-10-09,Thursday,2025-10,0,Overnight,0,0,2.2167,1.4833,647,1,0.7333,0,0,2025,10,October,Q4,BA:Yellow-N | Overnight,335,26.27,7.33,68.28,Chronic,95.71,P1 - Primary Hotspot,1.0,Not Late,Not Severe,Eligible
BA:1771575:20251018,2025-10-10,BA:Green-N,901901,04:54:00,04:55:37,901302,05:05:00,05:06:07,17640,17737.0,18300,18367.0,11.0,10.5,1.1166666666666667,1.6166666666666667,-0.5,2025-10,Friday,0,2025-10-10,Friday,2025-10,4,Overnight,0,0,1.1167,1.1167,680,1,0.0,0,0,2025,10,October,Q4,BA:Green-N | Overnight,181,2.76,7.14,5.79,Chronic,76.07,P1 - Primary Hotspot,3.0,Not Late,Not Severe,Eligible
BA:1771576:20251018,2025-10-10,BA:Green-N,901901,05:14:00,05:15:07,901302,05:25:00,05:26:07,18840,18907.0,19500,19567.0,11.0,11.0,1.1166666666666667,1.1166666666666667,0.0,2025-10,Friday,0,2025-10-10,Friday,2025-10,5,Overnight,0,0,1.1167,1.1167,680,1,0.0,0,0,2025,10,October,Q4,BA:Green-N | Overnight,181,2.76,7.14,5.79,Chronic,76.07,P1 - Primary Hotspot,3.0,Not Late,Not Severe,Eligible
BA:1771577:20251018,2025-10-10,BA:Green-N,901901,05:34:00,05:35:07,901302,05:45:00,05:46:07,20040,20107.0,20700,20767.0,11.0,11.0,1.1166666666666667,1.1166666666666667,0.0,2025-10,Friday,0,2025-10-10,Friday,2025-10,5,Overnight,0,0,1.1167,1.1167,680,1,0.0,0,0,2025,10,October,Q4,BA:Green-N | Overnight,181,2.76,7.14,5.79,Chronic,76.07,P1 - Primary Hotspot,3.0,Not Late,Not Severe,Eligible
BA:1771578:20251018,2025-10-10,BA:Green-N,901901,05:54:00,05:55:07,901302,06:05:00,06:06:07,21240,21307.0,21900,21967.0,11.0,11.0,1.1166666666666667,1.1166666666666667,0.0,2025-10,Friday,0,2025-10-10,Friday,2025-10,5,Overnight,0,0,1.1167,1.1167,680,1,0.0,0,0,2025,10,October,Q4,BA:Green-N | Overnight,181,2.76,7.14,5.79,Chronic,76.07,P1 - Primary Hotspot,3.0,Not Late,Not Severe,Eligible
BA:1771584:20251018,2025-10-10,BA:Green-N,901901,07:54:00,07:55:07,901302,08:05:00,08:06:07,28440,28507.0,29100,29167.0,11.0,11.0,1.1166666666666667,1.1166666666666667,0.0,2025-10,Friday,0,2025-10-10,Friday,2025-10,7,Morning Peak,1,0,1.1167,1.1167,680,1,0.0,0,0,2025,10,October,Q4,BA:Green-N | Morning Peak,142,2.82,6.27,1.81,Chronic,59.64,P3 - Reliability Watch,7.0,Not Late,Not Severe,Eligible
BA:1771586:20251018,2025-10-10,BA:Green-N,901901,08:34:00,08:35:07,901302,08:45:00,08:46:07,30840,30907.0,31500,31567.0,11.0,11.0,1.1166666666666667,1.1166666666666667,0.0,2025-10,Friday,0,2025-10-10,Friday,2025-10,8,Morning Peak,1,0,1.1167,1.1167,680,1,0.0,0,0,2025,10,October,Q4,BA:Green-N | Morning Peak,142,2.82,6.27,1.81,Chronic,59.64,P3 - Reliability Watch,7.0,Not Late,Not Severe,Eligible
BA:1771587:20251018,2025-10-10,BA:Green-N,901901,08:54:00,08:55:07,901302,09:05:00,09:06:07,32040,32107.0,32700,32767.0,11.0,11.0,1.1166666666666667,1.1166666666666667,0.0,2025-10,Friday,0,2025-10-10,Friday,2025-10,8,Morning Peak,1,0,1.1167,1.1167,680,1,0.0,0,0,2025,10,October,Q4,BA:Green-N | Morning Peak,142,2.82,6.27,1.81,Chronic,59.64,P3 - Reliability Watch,7.0,Not Late,Not Severe,Eligible
BA:1771589:20251018,2025-10-10,BA:Green-N,901901,09:34:00,09:35:07,901302,09:45:00,09:46:07,34440,34507.0,35100,35167.0,11.0,11.0,1.1166666666666667,1.1166666666666667,0.0,2025-10,Friday,0,2025-10-10,Friday,2025-10,9,Morning Peak,1,0,1.1167,1.1167,680,1,0.0,0,0,2025,10,October,Q4,BA:Green-N | Morning Peak,142,2.82,6.27,1.81,Chronic,59.64,P3 - Reliability Watch,7.0,Not Late,Not Severe,Eligible
BA:1771590:20251018,2025-10-10,BA:Green-N,901901,09:54:00,09:55:07,901302,10:05:00,10:06:07,35640,35707.0,36300,36367.0,11.0,11.0,1.1166666666666667,1.1166666666666667,0.0,2025-10,Friday,0,2025-10-10,Friday,2025-10,9,Morning Peak,1,0,1.1167,1.1167,680,1,0.0,0,0,2025,10,October,Q4,BA:Green-N | Morning Peak,142,2.82,6.27,1.81,Chronic,59.64,P3 - Reliability Watch,7.0,Not Late,Not Severe,Eligible
BA:1771591:20251018,2025-10-10,BA:Green-N,901901,10:14:00,10:15:07,901302,10:25:00,10:26:07,36840,36907.0,37500,37567.0,11.0,11.0,1.1166666666666667,1.1166666666666667,0.0,2025-10,Friday,0,2025-10-10,Friday,2025-10,10,Midday,0,0,1.1167,1.1167,680,1,0.0,0,0,2025,10,October,Q4,BA:Green-N | Midday,266,4.51,10.34,10.51,Critical,91.07,P1 - Primary Hotspot,2.0,Not Late,Not Severe,Eligible
BA:1771592:20251018,2025-10-10,BA:Green-N,901901,10:34:00,10:35:07,901302,10:45:00,10:46:07,38040,38107.0,38700,38767.0,11.0,11.0,1.1166666666666667,1.1166666666666667,0.0,2025-10,Friday,0,2025-10-10,Friday,2025-10,10,Midday,0,0,1.1167,1.1167,680,1,0.0,0,0,2025,10,October,Q4,BA:Green-N | Midday,266,4.51,10.34,10.51,Critical,91.07,P1 - Primary Hotspot,2.0,Not Late,Not Severe,Eligible
BA:1771593:20251018,2025-10-10,BA:Green-N,901901,10:54:00,10:55:07,901302,11:05:00,11:06:07,39240,39307.0,39900,39967.0,11.0,11.0,1.1166666666666667,1.1166666666666667,0.0,2025-10,Friday,0,2025-10-10,Friday,2025-10,10,Midday,0,0,1.1167,1.1167,680,1,0.0,0,0,2025,10,October,Q4,BA:Green-N | Midday,266,4.51,10.34,10.51,Critical,91.07,P1 - Primary Hotspot,2.0,Not Late,Not Severe,Eligible
BA:1771594:20251018,2025-10-10,BA:Green-N,901901,11:14:00,11:15:07,901302,11:25:00,11:26:07,40440,40507.0,41100,41167.0,11.0,11.0,1.1166666666666667,1.1166666666666667,0.0,2025-10,Friday,0,2025-10-10,Friday,2025-10,11,Midday,0,0,1.1167,1.1167,680,1,0.0,0,0,2025,10,October,Q4,BA:Green-N | Midday,266,4.51,10.34,10.51,Critical,91.07,P1 - Primary Hotspot,2.0,Not Late,Not Severe,Eligible
BA:1771595:20251018,2025-10-10,BA:Green-N,901901,11:34:00,11:35:07,901302,11:45:00,11:46:07,41640,41707.0,42300,42367.0,11.0,11.0,1.1166666666666667,1.1166666666666667,0.0,2025-10,Friday,0,2025-10-10,Friday,2025-10,11,Midday,0,0,1.1167,1.1167,680,1,0.0,0,0,2025,10,October,Q4,BA:Green-N | Midday,266,4.51,10.34,10.51,Critical,91.07,P1 - Primary Hotspot,2.0,Not Late,Not Severe,Eligible
BA:1771596:20251018,2025-10-10,BA:Green-N,901901,11:54:00,11:55:07,901302,12:05:00,12:06:07,42840,42907.0,43500,43567.0,11.0,11.0,1.1166666666666667,1.1166666666666667,0.0,2025-10,Friday,0,2025-10-10,Friday,2025-10,11,Midday,0,0,1.1167,1.1167,680,1,0.0,0,0,2025,10,October,Q4,BA:Green-N | Midday,266,4.51,10.34,10.51,Critical,91.07,P1 - Primary Hotspot,2.0,Not Late,Not Severe,Eligible
BA:1771598:20251018,2025-10-10,BA:Green-N,901901,12:34:00,12:35:07,901302,12:45:00,12:46:07,45240,45307.0,45900,45967.0,11.0,11.0,1.1166666666666667,1.1166666666666667,0.0,2025-10,Friday,0,2025-10-10,Friday,2025-10,12,Midday,0,0,1.1167,1.1167,680,1,0.0,0,0,2025,10,October,Q4,BA:Green-N | Midday,266,4.51,10.34,10.51,Critical,91.07,P1 - Primary Hotspot,2.0,Not Late,Not Severe,Eligible
BA:1771831:20251018,2025-10-10,BA:Yellow-N,901902,06:37:00,06:37:47,901302,06:48:00,06:48:47,23820,23867.0,24480,24527.0,11.0,11.0,0.7833333333333333,0.7833333333333333,0.0,2025-10,Friday,0,2025-10-10,Friday,2025-10,6,Overnight,0,0,0.7833,1.4833,647,1,0.0,0,0,2025,10,October,Q4,BA:Yellow-N | Overnight,335,26.27,7.33,68.28,Chronic,95.71,P1 - Primary Hotspot,1.0,Not Late,Not Severe,Eligible
BA:1771793:20251018,2025-10-10,BA:Yellow-N,901902,07:57:00,07:57:47,901302,08:08:00,08:08:47,28620,28667.0,29280,29327.0,11.0,11.0,0.7833333333333333,0.7833333333333333,0.0,2025-10,Friday,0,2025-10-10,Friday,2025-10,7,Morning Peak,1,0,0.7833,1.4833,647,1,0.0,0,0,2025,10,October,Q4,BA:Yellow-N | Morning Peak,75,0.0,,0.44,Reliable,30.0,Monitor,10.0,Not Late,Not Severe,Eligible
BA:1771801:20251018,2025-10-10,BA:Yellow-N,901902,09:37:00,09:37:47,901302,09:48:00,09:48:47,34620,34667.0,35280,35327.0,11.0,11.0,0.7833333333333333,0.7833333333333333,0.0,2025-10,Friday,0,2025-10-10,Friday,2025-10,9,Morning Peak,1,0,0.7833,1.4833,647,1,0.0,0,0,2025,10,October,Q4,BA:Yellow-N | Morning Peak,75,0.0,,0.44,Reliable,30.0,Monitor,10.0,Not Late,Not Severe,Eligible
BA:1771803:20251018,2025-10-10,BA:Yellow-N,901902,10:17:00,10:17:47,901302,10:28:00,10:28:47,37020,37067.0,37680,37727.0,11.0,11.0,0.7833333333333333,0.7833333333333333,0.0,2025-10,Friday,0,2025-10-10,Friday,2025-10,10,Midday,0,0,0.7833,1.4833,647,1,0.0,0,0,2025,10,October,Q4,BA:Yellow-N | Midday,115,0.0,,0.0,Reliable,15.0,Monitor,14.0,Not Late,Not Severe,Eligible
BA:1771805:20251018,2025-10-10,BA:Yellow-N,901902,10:57:00,10:57:47,901302,11:08:00,11:08:47,39420,39467.0,40080,40127.0,11.0,11.0,0.7833333333333333,0.7833333333333333,0.0,2025-10,Friday,0,2025-10-10,Friday,2025-10,10,Midday,0,0,0.7833,1.4833,647,1,0.0,0,0,2025,10,October,Q4,BA:Yellow-N | Midday,115,0.0,,0.0,Reliable,15.0,Monitor,14.0,Not Late,Not Severe,Eligible
BA:1771808:20251018,2025-10-10,BA:Yellow-N,901902,11:57:00,11:57:47,901302,12:08:00,12:08:47,43020,43067.0,43680,43727.0,11.0,11.0,0.7833333333333333,0.7833333333333333,0.0,2025-10,Friday,0,2025-10-10,Friday,2025-10,11,Midday,0,0,0.7833,1.4833,647,1,0.0,0,0,2025,10,October,Q4,BA:Yellow-N | Midday,115,0.0,,0.0,Reliable,15.0,Monitor,14.0,Not Late,Not Severe,Eligible
BA:1771817:20251018,2025-10-10,BA:Yellow-N,901902,14:57:00,14:57:47,901302,15:08:00,15:08:47,53820,53867.0,54480,54527.0,11.0,11.0,0.7833333333333333,0.7833333333333333,0.0,2025-10,Friday,0,2025-10-10,Friday,2025-10,14,Midday,0,0,0.7833,1.4833,647,1,0.0,0,0,2025,10,October,Q4,BA:Yellow-N | Midday,115,0.0,,0.0,Reliable,15.0,Monitor,14.0,Not Late,Not Severe,Eligible
BA:1771781:20251031,2025-10-09,BA:Yellow-N,901902,24:08:00,24:09:22,901302,24:18:00,24:19:59,86880,86962.0,87480,87599.0,10.0,10.616666666666667,1.9833333333333336,1.3666666666666667,0.6166666666666671,2025-10,Thursday,1,2025-10-10,Friday,2025-10,0,Overnight,0,0,1.9833,1.4833,647,1,0.5,0,0,2025,10,October,Q4,BA:Yellow-N | Overnight,335,26.27,7.33,68.28,Chronic,95.71,P1 - Primary Hotspot,1.0,Not Late,Not Severe,Eligible
BA:1771781:20251031,2025-10-10,BA:Yellow-N,901902,24:08:00,24:13:55,901302,24:18:00,24:25:43,86880,87235.0,87480,87943.0,10.0,11.8,7.716666666666667,5.916666666666667,1.8000000000000007,2025-10,Friday,1,2025-10-11,Saturday,2025-10,0,Overnight,0,0,7.7167,1.4833,647,1,6.2333,1,0,2025,10,October,Q4,BA:Yellow-N | Overnight,335,26.27,7.33,68.28,Chronic,95.71,P1 - Primary Hotspot,1.0,Late,Not Severe,Eligible
BA:1771511:20251031,2025-10-13,BA:Blue-N,901901,23:17:00,23:17:25,901302,23:27:00,23:28:25,83820,83845.0,84420,84505.0,10.0,11.0,1.4166666666666667,0.4166666666666667,1.0,2025-10,Monday,0,2025-10-13,Monday,2025-10,23,Evening,0,0,1.4167,0.8167,479,1,0.6,0,0,2025,10,October,Q4,BA:Blue-N | Evening,103,2.91,5.87,5.12,Chronic,73.21,P2 - High Burden,4.0,Not Late,Not Severe,Eligible
BA:1771744:20251031,2025-10-13,BA:Yellow-N,901902,11:49:00,11:49:29,901302,11:59:00,12:00:29,42540,42569.0,43140,43229.0,10.0,11.0,1.4833333333333334,0.4833333333333333,1.0,2025-10,Monday,0,2025-10-13,Monday,2025-10,11,Midday,0,0,1.4833,1.4833,647,1,0.0,0,0,2025,10,October,Q4,BA:Yellow-N | Midday,115,0.0,,0.0,Reliable,15.0,Monitor,14.0,Not Late,Not Severe,Eligible
BA:1771478:20251031,2025-10-14,BA:Blue-N,901901,11:51:00,11:51:49,901302,12:02:00,12:02:49,42660,42709.0,43320,43369.0,11.0,11.0,0.8166666666666667,0.8166666666666667,0.0,2025-10,Tuesday,0,2025-10-14,Tuesday,2025-10,11,Midday,0,0,0.8167,0.8167,479,1,0.0,0,0,2025,10,October,Q4,BA:Blue-N | Midday,135,0.74,8.45,0.78,Acute,52.5,P3 - Reliability Watch,8.0,Not Late,Not Severe,Eligible
BA:1771480:20251031,2025-10-14,BA:Blue-N,901901,12:31:00,12:31:49,901302,12:42:00,12:42:49,45060,45109.0,45720,45769.0,11.0,11.0,0.8166666666666667,0.8166666666666667,0.0,2025-10,Tuesday,0,2025-10-14,Tuesday,2025-10,12,Midday,0,0,0.8167,0.8167,479,1,0.0,0,0,2025,10,October,Q4,BA:Blue-N | Midday,135,0.74,8.45,0.78,Acute,52.5,P3 - Reliability Watch,8.0,Not Late,Not Severe,Eligible
BA:1771575:20251018,2025-10-14,BA:Green-N,901901,04:54:00,04:55:07,901302,05:05:00,05:06:07,17640,17707.0,18300,18367.0,11.0,11.0,1.1166666666666667,1.1166666666666667,0.0,2025-10,Tuesday,0,2025-10-14,Tuesday,2025-10,4,Overnight,0,0,1.1167,1.1167,680,1,0.0,0,0,2025,10,October,Q4,BA:Green-N | Overnight,181,2.76,7.14,5.79,Chronic,76.07,P1 - Primary Hotspot,3.0,Not Late,Not Severe,Eligible
BA:1771576:20251018,2025-10-14,BA:Green-N,901901,05:14:00,05:15:38,901302,05:25:00,05:26:07,18840,18938.0,19500,19567.0,11.0,10.483333333333333,1.1166666666666667,1.6333333333333333,-0.5166666666666675,2025-10,Tuesday,0,2025-10-14,Tuesday,2025-10,5,Overnight,0,0,1.1167,1.1167,680,1,0.0,0,0,2025,10,October,Q4,BA:Green-N | Overnight,181,2.76,7.14,5.79,Chronic,76.07,P1 - Primary Hotspot,3.0,Not Late,Not Severe,Eligible
BA:1771577:20251018,2025-10-14,BA:Green-N,901901,05:34:00,05:35:07,901302,05:45:00,05:46:07,20040,20107.0,20700,20767.0,11.0,11.0,1.1166666666666667,1.1166666666666667,0.0,2025-10,Tuesday,0,2025-10-14,Tuesday,2025-10,5,Overnight,0,0,1.1167,1.1167,680,1,0.0,0,0,2025,10,October,Q4,BA:Green-N | Overnight,181,2.76,7.14,5.79,Chronic,76.07,P1 - Primary Hotspot,3.0,Not Late,Not Severe,Eligible
BA:1771578:20251018,2025-10-14,BA:Green-N,901901,05:54:00,05:55:07,901302,06:05:00,06:06:07,21240,21307.0,21900,21967.0,11.0,11.0,1.1166666666666667,1.1166666666666667,0.0,2025-10,Tuesday,0,2025-10-14,Tuesday,2025-10,5,Overnight,0,0,1.1167,1.1167,680,1,0.0,0,0,2025,10,October,Q4,BA:Green-N | Overnight,181,2.76,7.14,5.79,Chronic,76.07,P1 - Primary Hotspot,3.0,Not Late,Not Severe,Eligible
BA:1771584:20251018,2025-10-14,BA:Green-N,901901,07:54:00,07:56:50,901302,08:05:00,08:07:24,28440,28610.0,29100,29244.0,11.0,10.566666666666666,2.4,2.8333333333333335,-0.4333333333333335,2025-10,Tuesday,0,2025-10-14,Tuesday,2025-10,7,Morning Peak,1,0,2.4,1.1167,680,1,1.2833,0,0,2025,10,October,Q4,BA:Green-N | Morning Peak,142,2.82,6.27,1.81,Chronic,59.64,P3 - Reliability Watch,7.0,Not Late,Not Severe,Eligible
BA:1771734:20251031,2025-10-14,BA:Yellow-N,901902,08:29:00,08:29:29,901302,08:39:00,08:40:29,30540,30569.0,31140,31229.0,10.0,11.0,1.4833333333333334,0.4833333333333333,1.0,2025-10,Tuesday,0,2025-10-14,Tuesday,2025-10,8,Morning Peak,1,0,1.4833,1.4833,647,1,0.0,0,0,2025,10,October,Q4,BA:Yellow-N | Morning Peak,75,0.0,,0.44,Reliable,30.0,Monitor,10.0,Not Late,Not Severe,Eligible
BA:1771754:20251031,2025-10-14,BA:Yellow-N,901902,15:09:00,15:09:29,901302,15:19:00,15:20:29,54540,54569.0,55140,55229.0,10.0,11.0,1.4833333333333334,0.4833333333333333,1.0,2025-10,Tuesday,0,2025-10-14,Tuesday,2025-10,15,Midday,0,0,1.4833,1.4833,647,1,0.0,0,0,2025,10,October,Q4,BA:Yellow-N | Midday,115,0.0,,0.0,Reliable,15.0,Monitor,14.0,Not Late,Not Severe,Eligible
BA:1771781:20251031,2025-10-13,BA:Yellow-N,901902,24:08:00,24:11:11,901302,24:18:00,24:21:56,86880,87071.0,87480,87716.0,10.0,10.75,3.933333333333333,3.183333333333333,0.75,2025-10,Monday,1,2025-10-14,Tuesday,2025-10,0,Overnight,0,0,3.9333,1.4833,647,1,2.45,0,0,2025,10,October,Q4,BA:Yellow-N | Overnight,335,26.27,7.33,68.28,Chronic,95.71,P1 - Primary Hotspot,1.0,Not Late,Not Severe,Eligible
BA:1771575:20251018,2025-10-15,BA:Green-N,901901,04:54:00,04:56:07,901302,05:05:00,05:06:41,17640,17767.0,18300,18401.0,11.0,10.566666666666666,1.6833333333333331,2.1166666666666667,-0.4333333333333335,2025-10,Wednesday,0,2025-10-15,Wednesday,2025-10,4,Overnight,0,0,1.6833,1.1167,680,1,0.5667,0,0,2025,10,October,Q4,BA:Green-N | Overnight,181,2.76,7.14,5.79,Chronic,76.07,P1 - Primary Hotspot,3.0,Not Late,Not Severe,Eligible
BA:1771576:20251018,2025-10-15,BA:Green-N,901901,05:14:00,05:15:07,901302,05:25:00,05:26:07,18840,18907.0,19500,19567.0,11.0,11.0,1.1166666666666667,1.1166666666666667,0.0,2025-10,Wednesday,0,2025-10-15,Wednesday,2025-10,5,Overnight,0,0,1.1167,1.1167,680,1,0.0,0,0,2025,10,October,Q4,BA:Green-N | Overnight,181,2.76,7.14,5.79,Chronic,76.07,P1 - Primary Hotspot,3.0,Not Late,Not Severe,Eligible
BA:1771577:20251018,2025-10-15,BA:Green-N,901901,05:34:00,05:35:07,901302,05:45:00,05:46:07,20040,20107.0,20700,20767.0,11.0,11.0,1.1166666666666667,1.1166666666666667,0.0,2025-10,Wednesday,0,2025-10-15,Wednesday,2025-10,5,Overnight,0,0,1.1167,1.1167,680,1,0.0,0,0,2025,10,October,Q4,BA:Green-N | Overnight,181,2.76,7.14,5.79,Chronic,76.07,P1 - Primary Hotspot,3.0,Not Late,Not Severe,Eligible
BA:1771578:20251018,2025-10-15,BA:Green-N,901901,05:54:00,05:55:07,901302,06:05:00,06:06:07,21240,21307.0,21900,21967.0,11.0,11.0,1.1166666666666667,1.1166666666666667,0.0,2025-10,Wednesday,0,2025-10-15,Wednesday,2025-10,5,Overnight,0,0,1.1167,1.1167,680,1,0.0,0,0,2025,10,October,Q4,BA:Green-N | Overnight,181,2.76,7.14,5.79,Chronic,76.07,P1 - Primary Hotspot,3.0,Not Late,Not Severe,Eligible
BA:1771582:20251018,2025-10-15,BA:Green-N,901901,07:14:00,07:15:07,901302,07:25:00,07:26:07,26040,26107.0,26700,26767.0,11.0,11.0,1.1166666666666667,1.1166666666666667,0.0,2025-10,Wednesday,0,2025-10-15,Wednesday,2025-10,7,Morning Peak,1,0,1.1167,1.1167,680,1,0.0,0,0,2025,10,October,Q4,BA:Green-N | Morning Peak,142,2.82,6.27,1.81,Chronic,59.64,P3 - Reliability Watch,7.0,Not Late,Not Severe,Eligible
BA:1771600:20251018,2025-10-15,BA:Green-N,901901,13:14:00,13:15:37,901302,13:25:00,13:26:39,47640,47737.0,48300,48399.0,11.0,11.033333333333331,1.65,1.6166666666666667,0.0333333333333332,2025-10,Wednesday,0,2025-10-15,Wednesday,2025-10,13,Midday,0,0,1.65,1.1167,680,1,0.5333,0,0,2025,10,October,Q4,BA:Green-N | Midday,266,4.51,10.34,10.51,Critical,91.07,P1 - Primary Hotspot,2.0,Not Late,Not Severe,Eligible
BA:1771602:20251018,2025-10-15,BA:Green-N,901901,13:54:00,13:58:01,901302,14:05:00,14:08:40,50040,50281.0,50700,50920.0,11.0,10.65,3.6666666666666665,4.016666666666667,-0.3499999999999996,2025-10,Wednesday,0,2025-10-15,Wednesday,2025-10,13,Midday,0,0,3.6667,1.1167,680,1,2.55,0,0,2025,10,October,Q4,BA:Green-N | Midday,266,4.51,10.34,10.51,Critical,91.07,P1 - Primary Hotspot,2.0,Not Late,Not Severe,Eligible
BA:1771607:20251018,2025-10-15,BA:Green-N,901901,15:34:00,15:41:03,901302,15:45:00,15:51:45,56040,56463.0,56700,57105.0,11.0,10.7,6.75,7.05,-0.3000000000000007,2025-10,Wednesday,0,2025-10-15,Wednesday,2025-10,15,Midday,0,0,6.75,1.1167,680,1,5.6333,1,0,2025,10,October,Q4,BA:Green-N | Midday,266,4.51,10.34,10.51,Critical,91.07,P1 - Primary Hotspot,2.0,Late,Not Severe,Eligible
BA:1771608:20251018,2025-10-15,BA:Green-N,901901,15:54:00,16:05:03,901302,16:05:00,16:15:46,57240,57903.0,57900,58546.0,11.0,10.716666666666669,10.766666666666667,11.05,-0.2833333333333332,2025-10,Wednesday,0,2025-10-15,Wednesday,2025-10,15,Midday,0,0,10.7667,1.1167,680,1,9.65,1,1,2025,10,October,Q4,BA:Green-N | Midday,266,4.51,10.34,10.51,Critical,91.07,P1 - Primary Hotspot,2.0,Late,Severe Delay,Eligible
BA:1771609:20251018,2025-10-15,BA:Green-N,901901,16:14:00,16:20:12,901302,16:25:00,16:30:25,58440,58812.0,59100,59425.0,11.0,10.216666666666669,5.416666666666667,6.2,-0.7833333333333332,2025-10,Wednesday,0,2025-10-15,Wednesday,2025-10,16,Evening Peak,0,1,5.4167,1.1167,680,1,4.3,1,0,2025,10,October,Q4,BA:Green-N | Evening Peak,76,5.26,9.22,3.05,Critical,78.93,P3 - Reliability Watch,5.0,Late,Not Severe,Eligible
BA:1771610:20251018,2025-10-15,BA:Green-N,901901,16:34:00,16:35:07,901302,16:45:00,16:46:07,59640,59707.0,60300,60367.0,11.0,11.0,1.1166666666666667,1.1166666666666667,0.0,2025-10,Wednesday,0,2025-10-15,Wednesday,2025-10,16,Evening Peak,0,1,1.1167,1.1167,680,1,0.0,0,0,2025,10,October,Q4,BA:Green-N | Evening Peak,76,5.26,9.22,3.05,Critical,78.93,P3 - Reliability Watch,5.0,Not Late,Not Severe,Eligible
BA:1771817:20251018,2025-10-15,BA:Yellow-N,901902,14:57:00,14:57:47,901302,15:08:00,15:08:47,53820,53867.0,54480,54527.0,11.0,11.0,0.7833333333333333,0.7833333333333333,0.0,2025-10,Wednesday,0,2025-10-15,Wednesday,2025-10,14,Midday,0,0,0.7833,1.4833,647,1,0.0,0,0,2025,10,October,Q4,BA:Yellow-N | Midday,115,0.0,,0.0,Reliable,15.0,Monitor,14.0,Not Late,Not Severe,Eligible
BA:1771781:20251031,2025-10-14,BA:Yellow-N,901902,24:08:00,24:10:46,901302,24:18:00,24:20:49,86880,87046.0,87480,87649.0,10.0,10.05,2.816666666666667,2.7666666666666666,0.0500000000000007,2025-10,Tuesday,1,2025-10-15,Wednesday,2025-10,0,Overnight,0,0,2.8167,1.4833,647,1,1.3333,0,0,2025,10,October,Q4,BA:Yellow-N | Overnight,335,26.27,7.33,68.28,Chronic,95.71,P1 - Primary Hotspot,1.0,Not Late,Not Severe,Eligible
BA:1771469:20251031,2025-10-16,BA:Blue-N,901901,08:58:00,08:58:49,901302,09:02:00,09:02:49,32280,32329.0,32520,32569.0,4.0,4.0,0.8166666666666667,0.8166666666666667,0.0,2025-10,Thursday,0,2025-10-16,Thursday,2025-10,8,Morning Peak,1,0,0.8167,0.8167,479,1,0.0,0,0,2025,10,October,Q4,BA:Blue-N | Morning Peak,88,1.14,7.27,0.6,Chronic,47.86,P3 - Reliability Watch,9.0,Not Late,Not Severe,Eligible
BA:1771457:20251031,2025-10-16,BA:Blue-N,901901,16:31:00,16:31:49,901302,16:42:00,16:42:49,59460,59509.0,60120,60169.0,11.0,11.0,0.8166666666666667,0.8166666666666667,0.0,2025-10,Thursday,0,2025-10-16,Thursday,2025-10,16,Evening Peak,0,1,0.8167,0.8167,479,1,0.0,0,0,2025,10,October,Q4,BA:Blue-N | Evening Peak,89,0.0,,0.11,Reliable,23.57,Monitor,11.0,Not Late,Not Severe,Eligible
BA:1771575:20251018,2025-10-16,BA:Green-N,901901,04:54:00,04:56:37,901302,05:05:00,05:07:13,17640,17797.0,18300,18433.0,11.0,10.6,2.216666666666667,2.6166666666666667,-0.4000000000000003,2025-10,Thursday,0,2025-10-16,Thursday,2025-10,4,Overnight,0,0,2.2167,1.1167,680,1,1.1,0,0,2025,10,October,Q4,BA:Green-N | Overnight,181,2.76,7.14,5.79,Chronic,76.07,P1 - Primary Hotspot,3.0,Not Late,Not Severe,Eligible
BA:1771578:20251018,2025-10-16,BA:Green-N,901901,05:54:00,05:57:18,901302,06:05:00,06:07:48,21240,21438.0,21900,22068.0,11.0,10.5,2.8,3.3,-0.5,2025-10,Thursday,0,2025-10-16,Thursday,2025-10,5,Overnight,0,0,2.8,1.1167,680,1,1.6833,0,0,2025,10,October,Q4,BA:Green-N | Overnight,181,2.76,7.14,5.79,Chronic,76.07,P1 - Primary Hotspot,3.0,Not Late,Not Severe,Eligible
BA:1771831:20251018,2025-10-16,BA:Yellow-N,901902,06:37:00,06:37:47,901302,06:48:00,06:48:47,23820,23867.0,24480,24527.0,11.0,11.0,0.7833333333333333,0.7833333333333333,0.0,2025-10,Thursday,0,2025-10-16,Thursday,2025-10,6,Overnight,0,0,0.7833,1.4833,647,1,0.0,0,0,2025,10,October,Q4,BA:Yellow-N | Overnight,335,26.27,7.33,68.28,Chronic,95.71,P1 - Primary Hotspot,1.0,Not Late,Not Severe,Eligible
BA:1771793:20251018,2025-10-16,BA:Yellow-N,901902,07:57:00,07:57:47,901302,08:08:00,08:08:47,28620,28667.0,29280,29327.0,11.0,11.0,0.7833333333333333,0.7833333333333333,0.0,2025-10,Thursday,0,2025-10-16,Thursday,2025-10,7,Morning Peak,1,0,0.7833,1.4833,647,1,0.0,0,0,2025,10,October,Q4,BA:Yellow-N | Morning Peak,75,0.0,,0.44,Reliable,30.0,Monitor,10.0,Not Late,Not Severe,Eligible
BA:1771799:20251018,2025-10-16,BA:Yellow-N,901902,08:57:00,08:57:47,901302,09:08:00,09:08:47,32220,32267.0,32880,32927.0,11.0,11.0,0.7833333333333333,0.7833333333333333,0.0,2025-10,Thursday,0,2025-10-16,Thursday,2025-10,8,Morning Peak,1,0,0.7833,1.4833,647,1,0.0,0,0,2025,10,October,Q4,BA:Yellow-N | Morning Peak,75,0.0,,0.44,Reliable,30.0,Monitor,10.0,Not Late,Not Severe,Eligible
BA:1771764:20251031,2025-10-16,BA:Yellow-N,901902,18:29:00,18:29:29,901302,18:39:00,18:40:29,66540,66569.0,67140,67229.0,10.0,11.0,1.4833333333333334,0.4833333333333333,1.0,2025-10,Thursday,0,2025-10-16,Thursday,2025-10,18,Evening Peak,0,1,1.4833,1.4833,647,1,0.0,0,0,2025,10,October,Q4,BA:Yellow-N | Evening Peak,72,0.0,,0.0,Reliable,15.0,Monitor,13.0,Not Late,Not Severe,Eligible
BA:1771781:20251031,2025-10-15,BA:Yellow-N,901902,24:08:00,24:11:23,901302,24:18:00,24:24:29,86880,87083.0,87480,87869.0,10.0,13.1,6.483333333333333,3.3833333333333333,3.0999999999999996,2025-10,Wednesday,1,2025-10-16,Thursday,2025-10,0,Overnight,0,0,6.4833,1.4833,647,1,5.0,1,0,2025,10,October,Q4,BA:Yellow-N | Overnight,335,26.27,7.33,68.28,Chronic,95.71,P1 - Primary Hotspot,1.0,Late,Not Severe,Eligible
BA:1771575:20251018,2025-10-17,BA:Green-N,901901,04:54:00,04:57:05,901302,05:05:00,05:07:39,17640,17825.0,18300,18459.0,11.0,10.566666666666666,2.65,3.0833333333333335,-0.4333333333333335,2025-10,Friday,0,2025-10-17,Friday,2025-10,4,Overnight,0,0,2.65,1.1167,680,1,1.5333,0,0,2025,10,October,Q4,BA:Green-N | Overnight,181,2.76,7.14,5.79,Chronic,76.07,P1 - Primary Hotspot,3.0,Not Late,Not Severe,Eligible
BA:1771576:20251018,2025-10-17,BA:Green-N,901901,05:14:00,05:17:40,901302,05:25:00,05:28:18,18840,19060.0,19500,19698.0,11.0,10.633333333333333,3.3,3.6666666666666665,-0.3666666666666671,2025-10,Friday,0,2025-10-17,Friday,2025-10,5,Overnight,0,0,3.3,1.1167,680,1,2.1833,0,0,2025,10,October,Q4,BA:Green-N | Overnight,181,2.76,7.14,5.79,Chronic,76.07,P1 - Primary Hotspot,3.0,Not Late,Not Severe,Eligible
BA:1771577:20251018,2025-10-17,BA:Green-N,901901,05:34:00,05:35:07,901302,05:45:00,05:46:07,20040,20107.0,20700,20767.0,11.0,11.0,1.1166666666666667,1.1166666666666667,0.0,2025-10,Friday,0,2025-10-17,Friday,2025-10,5,Overnight,0,0,1.1167,1.1167,680,1,0.0,0,0,2025,10,October,Q4,BA:Green-N | Overnight,181,2.76,7.14,5.79,Chronic,76.07,P1 - Primary Hotspot,3.0,Not Late,Not Severe,Eligible
BA:1771578:20251018,2025-10-17,BA:Green-N,901901,05:54:00,05:55:07,901302,06:05:00,06:06:07,21240,21307.0,21900,21967.0,11.0,11.0,1.1166666666666667,1.1166666666666667,0.0,2025-10,Friday,0,2025-10-17,Friday,2025-10,5,Overnight,0,0,1.1167,1.1167,680,1,0.0,0,0,2025,10,October,Q4,BA:Green-N | Overnight,181,2.76,7.14,5.79,Chronic,76.07,P1 - Primary Hotspot,3.0,Not Late,Not Severe,Eligible
BA:1771579:20251018,2025-10-17,BA:Green-N,901901,06:14:00,06:15:07,901302,06:25:00,06:26:07,22440,22507.0,23100,23167.0,11.0,11.0,1.1166666666666667,1.1166666666666667,0.0,2025-10,Friday,0,2025-10-17,Friday,2025-10,6,Overnight,0,0,1.1167,1.1167,680,1,0.0,0,0,2025,10,October,Q4,BA:Green-N | Overnight,181,2.76,7.14,5.79,Chronic,76.07,P1 - Primary Hotspot,3.0,Not Late,Not Severe,Eligible
BA:1771596:20251018,2025-10-17,BA:Green-N,901901,11:54:00,12:05:18,901302,12:05:00,12:15:50,42840,43518.0,43500,44150.0,11.0,10.533333333333331,10.833333333333334,11.3,-0.4666666666666668,2025-10,Friday,0,2025-10-17,Friday,2025-10,11,Midday,0,0,10.8333,1.1167,680,1,9.7167,1,1,2025,10,October,Q4,BA:Green-N | Midday,266,4.51,10.34,10.51,Critical,91.07,P1 - Primary Hotspot,2.0,Late,Severe Delay,Eligible
BA:1771733:20251031,2025-10-17,BA:Yellow-N,901902,08:09:00,08:09:29,901302,08:19:00,08:20:29,29340,29369.0,29940,30029.0,10.0,11.0,1.4833333333333334,0.4833333333333333,1.0,2025-10,Friday,0,2025-10-17,Friday,2025-10,8,Morning Peak,1,0,1.4833,1.4833,647,1,0.0,0,0,2025,10,October,Q4,BA:Yellow-N | Morning Peak,75,0.0,,0.44,Reliable,30.0,Monitor,10.0,Not Late,Not Severe,Eligible
BA:1771781:20251031,2025-10-16,BA:Yellow-N,901902,24:08:00,24:16:03,901302,24:18:00,24:27:14,86880,87363.0,87480,88034.0,10.0,11.183333333333334,9.233333333333333,8.05,1.1833333333333336,2025-10,Thursday,1,2025-10-17,Friday,2025-10,0,Overnight,0,0,9.2333,1.4833,647,1,7.75,1,0,2025,10,October,Q4,BA:Yellow-N | Overnight,335,26.27,7.33,68.28,Chronic,95.71,P1 - Primary Hotspot,1.0,Late,Not Severe,Eligible
BA:1771781:20251031,2025-10-17,BA:Yellow-N,901902,24:08:00,24:10:00,901302,24:18:00,24:20:54,86880,87000.0,87480,87654.0,10.0,10.9,2.9,2.0,0.9000000000000004,2025-10,Friday,1,2025-10-18,Saturday,2025-10,0,Overnight,0,0,2.9,1.4833,647,1,1.4167,0,0,2025,10,October,Q4,BA:Yellow-N | Overnight,335,26.27,7.33,68.28,Chronic,95.71,P1 - Primary Hotspot,1.0,Not Late,Not Severe,Eligible
BA:1771773:20251031,2025-10-20,BA:Yellow-N,901902,21:28:00,21:28:29,901302,21:38:00,21:39:29,77280,77309.0,77880,77969.0,10.0,11.0,1.4833333333333334,0.4833333333333333,1.0,2025-10,Monday,0,2025-10-20,Monday,2025-10,21,Evening,0,0,1.4833,1.4833,647,1,0.0,0,0,2025,10,October,Q4,BA:Yellow-N | Evening,50,2.0,24.0,1.84,Critical,67.86,P3 - Reliability Watch,6.0,Not Late,Not Severe,Eligible
BA:1771479:20251031,2025-10-21,BA:Blue-N,901901,12:11:00,12:11:49,901302,12:22:00,12:22:49,43860,43909.0,44520,44569.0,11.0,11.0,0.8166666666666667,0.8166666666666667,0.0,2025-10,Tuesday,0,2025-10-21,Tuesday,2025-10,12,Midday,0,0,0.8167,0.8167,479,1,0.0,0,0,2025,10,October,Q4,BA:Blue-N | Midday,135,0.74,8.45,0.78,Acute,52.5,P3 - Reliability Watch,8.0,Not Late,Not Severe,Eligible
BA:1771487:20251031,2025-10-21,BA:Blue-N,901901,14:51:00,14:51:49,901302,15:02:00,15:02:49,53460,53509.0,54120,54169.0,11.0,11.0,0.8166666666666667,0.8166666666666667,0.0,2025-10,Tuesday,0,2025-10-21,Tuesday,2025-10,14,Midday,0,0,0.8167,0.8167,479,1,0.0,0,0,2025,10,October,Q4,BA:Blue-N | Midday,135,0.74,8.45,0.78,Acute,52.5,P3 - Reliability Watch,8.0,Not Late,Not Severe,Eligible
BA:1771490:20251031,2025-10-21,BA:Blue-N,901901,15:51:00,15:51:49,901302,16:02:00,16:02:49,57060,57109.0,57720,57769.0,11.0,11.0,0.8166666666666667,0.8166666666666667,0.0,2025-10,Tuesday,0,2025-10-21,Tuesday,2025-10,15,Midday,0,0,0.8167,0.8167,479,1,0.0,0,0,2025,10,October,Q4,BA:Blue-N | Midday,135,0.74,8.45,0.78,Acute,52.5,P3 - Reliability Watch,8.0,Not Late,Not Severe,Eligible
BA:1771491:20251031,2025-10-21,BA:Blue-N,901901,16:11:00,16:11:49,901302,16:22:00,16:22:49,58260,58309.0,58920,58969.0,11.0,11.0,0.8166666666666667,0.8166666666666667,0.0,2025-10,Tuesday,0,2025-10-21,Tuesday,2025-10,16,Evening Peak,0,1,0.8167,0.8167,479,1,0.0,0,0,2025,10,October,Q4,BA:Blue-N | Evening Peak,89,0.0,,0.11,Reliable,23.57,Monitor,11.0,Not Late,Not Severe,Eligible
BA:1771502:20251031,2025-10-21,BA:Blue-N,901901,20:17:00,20:17:25,901302,20:27:00,20:28:25,73020,73045.0,73620,73705.0,10.0,11.0,1.4166666666666667,0.4166666666666667,1.0,2025-10,Tuesday,0,2025-10-21,Tuesday,2025-10,20,Evening,0,0,1.4167,0.8167,479,1,0.6,0,0,2025,10,October,Q4,BA:Blue-N | Evening,103,2.91,5.87,5.12,Chronic,73.21,P2 - High Burden,4.0,Not Late,Not Severe,Eligible
BA:1771781:20251031,2025-10-20,BA:Yellow-N,901902,24:08:00,24:10:21,901302,24:18:00,24:20:56,86880,87021.0,87480,87656.0,10.0,10.583333333333334,2.933333333333333,2.35,0.5833333333333339,2025-10,Monday,1,2025-10-21,Tuesday,2025-10,0,Overnight,0,0,2.9333,1.4833,647,1,1.45,0,0,2025,10,October,Q4,BA:Yellow-N | Overnight,335,26.27,7.33,68.28,Chronic,95.71,P1 - Primary Hotspot,1.0,Not Late,Not Severe,Eligible
BA:1771738:20251031,2025-10-22,BA:Yellow-N,901902,09:49:00,09:49:29,901302,09:59:00,10:00:29,35340,35369.0,35940,36029.0,10.0,11.0,1.4833333333333334,0.4833333333333333,1.0,2025-10,Wednesday,0,2025-10-22,Wednesday,2025-10,9,Morning Peak,1,0,1.4833,1.4833,647,1,0.0,0,0,2025,10,October,Q4,BA:Yellow-N | Morning Peak,75,0.0,,0.44,Reliable,30.0,Monitor,10.0,Not Late,Not Severe,Eligible
BA:1771743:20251031,2025-10-22,BA:Yellow-N,901902,11:29:00,11:29:29,901302,11:39:00,11:40:29,41340,41369.0,41940,42029.0,10.0,11.0,1.4833333333333334,0.4833333333333333,1.0,2025-10,Wednesday,0,2025-10-22,Wednesday,2025-10,11,Midday,0,0,1.4833,1.4833,647,1,0.0,0,0,2025,10,October,Q4,BA:Yellow-N | Midday,115,0.0,,0.0,Reliable,15.0,Monitor,14.0,Not Late,Not Severe,Eligible
BA:1771753:20251031,2025-10-22,BA:Yellow-N,901902,14:49:00,14:49:29,901302,14:59:00,15:00:29,53340,53369.0,53940,54029.0,10.0,11.0,1.4833333333333334,0.4833333333333333,1.0,2025-10,Wednesday,0,2025-10-22,Wednesday,2025-10,14,Midday,0,0,1.4833,1.4833,647,1,0.0,0,0,2025,10,October,Q4,BA:Yellow-N | Midday,115,0.0,,0.0,Reliable,15.0,Monitor,14.0,Not Late,Not Severe,Eligible
BA:1771755:20251031,2025-10-22,BA:Yellow-N,901902,15:29:00,15:29:29,901302,15:39:00,15:40:29,55740,55769.0,56340,56429.0,10.0,11.0,1.4833333333333334,0.4833333333333333,1.0,2025-10,Wednesday,0,2025-10-22,Wednesday,2025-10,15,Midday,0,0,1.4833,1.4833,647,1,0.0,0,0,2025,10,October,Q4,BA:Yellow-N | Midday,115,0.0,,0.0,Reliable,15.0,Monitor,14.0,Not Late,Not Severe,Eligible
BA:1771819:20251031,2025-10-22,BA:Yellow-N,901902,15:38:00,15:38:47,901302,15:49:00,15:49:47,56280,56327.0,56940,56987.0,11.0,11.0,0.7833333333333333,0.7833333333333333,0.0,2025-10,Wednesday,0,2025-10-22,Wednesday,2025-10,15,Midday,0,0,0.7833,1.4833,647,1,0.0,0,0,2025,10,October,Q4,BA:Yellow-N | Midday,115,0.0,,0.0,Reliable,15.0,Monitor,14.0,Not Late,Not Severe,Eligible
BA:1771757:20251031,2025-10-22,BA:Yellow-N,901902,16:09:00,16:09:29,901302,16:19:00,16:20:29,58140,58169.0,58740,58829.0,10.0,11.0,1.4833333333333334,0.4833333333333333,1.0,2025-10,Wednesday,0,2025-10-22,Wednesday,2025-10,16,Evening Peak,0,1,1.4833,1.4833,647,1,0.0,0,0,2025,10,October,Q4,BA:Yellow-N | Evening Peak,72,0.0,,0.0,Reliable,15.0,Monitor,13.0,Not Late,Not Severe,Eligible
BA:1771759:20251031,2025-10-22,BA:Yellow-N,901902,16:49:00,16:49:29,901302,16:59:00,17:00:29,60540,60569.0,61140,61229.0,10.0,11.0,1.4833333333333334,0.4833333333333333,1.0,2025-10,Wednesday,0,2025-10-22,Wednesday,2025-10,16,Evening Peak,0,1,1.4833,1.4833,647,1,0.0,0,0,2025,10,October,Q4,BA:Yellow-N | Evening Peak,72,0.0,,0.0,Reliable,15.0,Monitor,13.0,Not Late,Not Severe,Eligible
BA:1771760:20251031,2025-10-22,BA:Yellow-N,901902,17:09:00,17:09:29,901302,17:19:00,17:20:29,61740,61769.0,62340,62429.0,10.0,11.0,1.4833333333333334,0.4833333333333333,1.0,2025-10,Wednesday,0,2025-10-22,Wednesday,2025-10,17,Evening Peak,0,1,1.4833,1.4833,647,1,0.0,0,0,2025,10,October,Q4,BA:Yellow-N | Evening Peak,72,0.0,,0.0,Reliable,15.0,Monitor,13.0,Not Late,Not Severe,Eligible
BA:1771763:20251031,2025-10-22,BA:Yellow-N,901902,18:09:00,18:09:29,901302,18:19:00,18:20:29,65340,65369.0,65940,66029.0,10.0,11.0,1.4833333333333334,0.4833333333333333,1.0,2025-10,Wednesday,0,2025-10-22,Wednesday,2025-10,18,Evening Peak,0,1,1.4833,1.4833,647,1,0.0,0,0,2025,10,October,Q4,BA:Yellow-N | Evening Peak,72,0.0,,0.0,Reliable,15.0,Monitor,13.0,Not Late,Not Severe,Eligible
BA:1771764:20251031,2025-10-22,BA:Yellow-N,901902,18:29:00,18:29:29,901302,18:39:00,18:40:29,66540,66569.0,67140,67229.0,10.0,11.0,1.4833333333333334,0.4833333333333333,1.0,2025-10,Wednesday,0,2025-10-22,Wednesday,2025-10,18,Evening Peak,0,1,1.4833,1.4833,647,1,0.0,0,0,2025,10,October,Q4,BA:Yellow-N | Evening Peak,72,0.0,,0.0,Reliable,15.0,Monitor,13.0,Not Late,Not Severe,Eligible
BA:1771765:20251031,2025-10-22,BA:Yellow-N,901902,18:49:00,18:49:29,901302,18:59:00,19:00:29,67740,67769.0,68340,68429.0,10.0,11.0,1.4833333333333334,0.4833333333333333,1.0,2025-10,Wednesday,0,2025-10-22,Wednesday,2025-10,18,Evening Peak,0,1,1.4833,1.4833,647,1,0.0,0,0,2025,10,October,Q4,BA:Yellow-N | Evening Peak,72,0.0,,0.0,Reliable,15.0,Monitor,13.0,Not Late,Not Severe,Eligible
BA:1771769:20251031,2025-10-22,BA:Yellow-N,901902,20:08:00,20:08:29,901302,20:18:00,20:19:29,72480,72509.0,73080,73169.0,10.0,11.0,1.4833333333333334,0.4833333333333333,1.0,2025-10,Wednesday,0,2025-10-22,Wednesday,2025-10,20,Evening,0,0,1.4833,1.4833,647,1,0.0,0,0,2025,10,October,Q4,BA:Yellow-N | Evening,50,2.0,24.0,1.84,Critical,67.86,P3 - Reliability Watch,6.0,Not Late,Not Severe,Eligible
BA:1771771:20251031,2025-10-22,BA:Yellow-N,901902,20:48:00,20:48:29,901302,20:58:00,20:59:29,74880,74909.0,75480,75569.0,10.0,11.0,1.4833333333333334,0.4833333333333333,1.0,2025-10,Wednesday,0,2025-10-22,Wednesday,2025-10,20,Evening,0,0,1.4833,1.4833,647,1,0.0,0,0,2025,10,October,Q4,BA:Yellow-N | Evening,50,2.0,24.0,1.84,Critical,67.86,P3 - Reliability Watch,6.0,Not Late,Not Severe,Eligible
BA:1771773:20251031,2025-10-22,BA:Yellow-N,901902,21:28:00,21:28:29,901302,21:38:00,21:39:29,77280,77309.0,77880,77969.0,10.0,11.0,1.4833333333333334,0.4833333333333333,1.0,2025-10,Wednesday,0,2025-10-22,Wednesday,2025-10,21,Evening,0,0,1.4833,1.4833,647,1,0.0,0,0,2025,10,October,Q4,BA:Yellow-N | Evening,50,2.0,24.0,1.84,Critical,67.86,P3 - Reliability Watch,6.0,Not Late,Not Severe,Eligible
BA:1771774:20251031,2025-10-22,BA:Yellow-N,901902,21:48:00,21:48:29,901302,21:58:00,21:59:29,78480,78509.0,79080,79169.0,10.0,11.0,1.4833333333333334,0.4833333333333333,1.0,2025-10,Wednesday,0,2025-10-22,Wednesday,2025-10,21,Evening,0,0,1.4833,1.4833,647,1,0.0,0,0,2025,10,October,Q4,BA:Yellow-N | Evening,50,2.0,24.0,1.84,Critical,67.86,P3 - Reliability Watch,6.0,Not Late,Not Severe,Eligible
BA:1771781:20251031,2025-10-21,BA:Yellow-N,901902,24:08:00,24:08:55,901302,24:18:00,24:19:46,86880,86935.0,87480,87586.0,10.0,10.85,1.7666666666666666,0.9166666666666666,0.8499999999999996,2025-10,Tuesday,1,2025-10-22,Wednesday,2025-10,0,Overnight,0,0,1.7667,1.4833,647,1,0.2833,0,0,2025,10,October,Q4,BA:Yellow-N | Overnight,335,26.27,7.33,68.28,Chronic,95.71,P1 - Primary Hotspot,1.0,Not Late,Not Severe,Eligible
BA:1771495:20251031,2025-10-23,BA:Blue-N,901901,17:58:00,17:58:49,901302,18:02:00,18:02:49,64680,64729.0,64920,64969.0,4.0,4.0,0.8166666666666667,0.8166666666666667,0.0,2025-10,Thursday,0,2025-10-23,Thursday,2025-10,17,Evening Peak,0,1,0.8167,0.8167,479,1,0.0,0,0,2025,10,October,Q4,BA:Blue-N | Evening Peak,89,0.0,,0.11,Reliable,23.57,Monitor,11.0,Not Late,Not Severe,Eligible
BA:1771781:20251031,2025-10-22,BA:Yellow-N,901902,24:08:00,24:08:51,901302,24:18:00,24:19:48,86880,86931.0,87480,87588.0,10.0,10.95,1.8,0.85,0.9499999999999992,2025-10,Wednesday,1,2025-10-23,Thursday,2025-10,0,Overnight,0,0,1.8,1.4833,647,1,0.3167,0,0,2025,10,October,Q4,BA:Yellow-N | Overnight,335,26.27,7.33,68.28,Chronic,95.71,P1 - Primary Hotspot,1.0,Not Late,Not Severe,Eligible
BA:1771781:20251031,2025-10-23,BA:Yellow-N,901902,24:08:00,24:08:57,901302,24:18:00,24:19:59,86880,86937.0,87480,87599.0,10.0,11.033333333333331,1.9833333333333336,0.95,1.0333333333333332,2025-10,Thursday,1,2025-10-24,Friday,2025-10,0,Overnight,0,0,1.9833,1.4833,647,1,0.5,0,0,2025,10,October,Q4,BA:Yellow-N | Overnight,335,26.27,7.33,68.28,Chronic,95.71,P1 - Primary Hotspot,1.0,Not Late,Not Severe,Eligible
BA:1771781:20251031,2025-10-24,BA:Yellow-N,901902,24:08:00,24:09:04,901302,24:18:00,24:20:09,86880,86944.0,87480,87609.0,10.0,11.083333333333334,2.15,1.0666666666666669,1.083333333333334,2025-10,Friday,1,2025-10-25,Saturday,2025-10,0,Overnight,0,0,2.15,1.4833,647,1,0.6667,0,0,2025,10,October,Q4,BA:Yellow-N | Overnight,335,26.27,7.33,68.28,Chronic,95.71,P1 - Primary Hotspot,1.0,Not Late,Not Severe,Eligible
BA:1771781:20251031,2025-10-27,BA:Yellow-N,901902,24:08:00,24:11:32,901302,24:18:00,24:22:33,86880,87092.0,87480,87753.0,10.0,11.016666666666667,4.55,3.533333333333333,1.0166666666666675,2025-10,Monday,1,2025-10-28,Tuesday,2025-10,0,Overnight,0,0,4.55,1.4833,647,1,3.0667,0,0,2025,10,October,Q4,BA:Yellow-N | Overnight,335,26.27,7.33,68.28,Chronic,95.71,P1 - Primary Hotspot,1.0,Not Late,Not Severe,Eligible
BA:1771466:20251031,2025-10-29,BA:Blue-N,901901,07:51:00,07:51:49,901302,08:02:00,08:02:49,28260,28309.0,28920,28969.0,11.0,11.0,0.8166666666666667,0.8166666666666667,0.0,2025-10,Wednesday,0,2025-10-29,Wednesday,2025-10,7,Morning Peak,1,0,0.8167,0.8167,479,1,0.0,0,0,2025,10,October,Q4,BA:Blue-N | Morning Peak,88,1.14,7.27,0.6,Chronic,47.86,P3 - Reliability Watch,9.0,Not Late,Not Severe,Eligible
BA:1771781:20251031,2025-10-28,BA:Yellow-N,901902,24:08:00,24:10:03,901302,24:18:00,24:21:13,86880,87003.0,87480,87673.0,10.0,11.166666666666666,3.216666666666667,2.05,1.166666666666666,2025-10,Tuesday,1,2025-10-29,Wednesday,2025-10,0,Overnight,0,0,3.2167,1.4833,647,1,1.7333,0,0,2025,10,October,Q4,BA:Yellow-N | Overnight,335,26.27,7.33,68.28,Chronic,95.71,P1 - Primary Hotspot,1.0,Not Late,Not Severe,Eligible
BA:1771464:20251031,2025-10-30,BA:Blue-N,901901,07:13:00,07:14:07,901302,07:22:00,07:22:49,25980,26047.0,26520,26569.0,9.0,8.7,0.8166666666666667,1.1166666666666667,-0.3000000000000007,2025-10,Thursday,0,2025-10-30,Thursday,2025-10,7,Morning Peak,1,0,0.8167,0.8167,479,1,0.0,0,0,2025,10,October,Q4,BA:Blue-N | Morning Peak,88,1.14,7.27,0.6,Chronic,47.86,P3 - Reliability Watch,9.0,Not Late,Not Severe,Eligible
BA:1771465:20251031,2025-10-30,BA:Blue-N,901901,07:33:00,07:34:07,901302,07:42:00,07:42:49,27180,27247.0,27720,27769.0,9.0,8.7,0.8166666666666667,1.1166666666666667,-0.3000000000000007,2025-10,Thursday,0,2025-10-30,Thursday,2025-10,7,Morning Peak,1,0,0.8167,0.8167,479,1,0.0,0,0,2025,10,October,Q4,BA:Blue-N | Morning Peak,88,1.14,7.27,0.6,Chronic,47.86,P3 - Reliability Watch,9.0,Not Late,Not Severe,Eligible
BA:1771466:20251031,2025-10-30,BA:Blue-N,901901,07:53:00,07:54:07,901302,08:02:00,08:02:49,28380,28447.0,28920,28969.0,9.0,8.7,0.8166666666666667,1.1166666666666667,-0.3000000000000007,2025-10,Thursday,0,2025-10-30,Thursday,2025-10,7,Morning Peak,1,0,0.8167,0.8167,479,1,0.0,0,0,2025,10,October,Q4,BA:Blue-N | Morning Peak,88,1.14,7.27,0.6,Chronic,47.86,P3 - Reliability Watch,9.0,Not Late,Not Severe,Eligible
BA:1771467:20251031,2025-10-30,BA:Blue-N,901901,08:13:00,08:14:07,901302,08:22:00,08:22:49,29580,29647.0,30120,30169.0,9.0,8.7,0.8166666666666667,1.1166666666666667,-0.3000000000000007,2025-10,Thursday,0,2025-10-30,Thursday,2025-10,8,Morning Peak,1,0,0.8167,0.8167,479,1,0.0,0,0,2025,10,October,Q4,BA:Blue-N | Morning Peak,88,1.14,7.27,0.6,Chronic,47.86,P3 - Reliability Watch,9.0,Not Late,Not Severe,Eligible
BA:1771479:20251031,2025-10-30,BA:Blue-N,901901,12:13:00,12:14:07,901302,12:22:00,12:22:49,43980,44047.0,44520,44569.0,9.0,8.7,0.8166666666666667,1.1166666666666667,-0.3000000000000007,2025-10,Thursday,0,2025-10-30,Thursday,2025-10,12,Midday,0,0,0.8167,0.8167,479,1,0.0,0,0,2025,10,October,Q4,BA:Blue-N | Midday,135,0.74,8.45,0.78,Acute,52.5,P3 - Reliability Watch,8.0,Not Late,Not Severe,Eligible
BA:1771480:20251031,2025-10-30,BA:Blue-N,901901,12:33:00,12:34:07,901302,12:42:00,12:42:49,45180,45247.0,45720,45769.0,9.0,8.7,0.8166666666666667,1.1166666666666667,-0.3000000000000007,2025-10,Thursday,0,2025-10-30,Thursday,2025-10,12,Midday,0,0,0.8167,0.8167,479,1,0.0,0,0,2025,10,October,Q4,BA:Blue-N | Midday,135,0.74,8.45,0.78,Acute,52.5,P3 - Reliability Watch,8.0,Not Late,Not Severe,Eligible
BA:1771576:20251031,2025-10-30,BA:Green-N,901902,05:14:00,05:15:07,901302,05:25:00,05:26:07,18840,18907.0,19500,19567.0,11.0,11.0,1.1166666666666667,1.1166666666666667,0.0,2025-10,Thursday,0,2025-10-30,Thursday,2025-10,5,Overnight,0,0,1.1167,1.1167,680,1,0.0,0,0,2025,10,October,Q4,BA:Green-N | Overnight,181,2.76,7.14,5.79,Chronic,76.07,P1 - Primary Hotspot,3.0,Not Late,Not Severe,Eligible
BA:1771577:20251031,2025-10-30,BA:Green-N,901902,05:34:00,05:35:07,901302,05:45:00,05:46:07,20040,20107.0,20700,20767.0,11.0,11.0,1.1166666666666667,1.1166666666666667,0.0,2025-10,Thursday,0,2025-10-30,Thursday,2025-10,5,Overnight,0,0,1.1167,1.1167,680,1,0.0,0,0,2025,10,October,Q4,BA:Green-N | Overnight,181,2.76,7.14,5.79,Chronic,76.07,P1 - Primary Hotspot,3.0,Not Late,Not Severe,Eligible
BA:1771781:20251031,2025-10-29,BA:Yellow-N,901902,24:08:00,24:09:29,901302,24:18:00,24:20:34,86880,86969.0,87480,87634.0,10.0,11.083333333333334,2.566666666666667,1.4833333333333334,1.083333333333334,2025-10,Wednesday,1,2025-10-30,Thursday,2025-10,0,Overnight,0,0,2.5667,1.4833,647,1,1.0833,0,0,2025,10,October,Q4,BA:Yellow-N | Overnight,335,26.27,7.33,68.28,Chronic,95.71,P1 - Primary Hotspot,1.0,Not Late,Not Severe,Eligible
BA:1771765:20251031,2025-10-31,BA:Yellow-N,901902,18:49:00,18:49:29,901302,18:59:00,19:00:29,67740,67769.0,68340,68429.0,10.0,11.0,1.4833333333333334,0.4833333333333333,1.0,2025-10,Friday,0,2025-10-31,Friday,2025-10,18,Evening Peak,0,1,1.4833,1.4833,647,1,0.0,0,0,2025,10,October,Q4,BA:Yellow-N | Evening Peak,72,0.0,,0.0,Reliable,15.0,Monitor,13.0,Not Late,Not Severe,Eligible
BA:1771769:20251031,2025-10-31,BA:Yellow-N,901902,20:08:00,20:08:29,901302,20:18:00,20:19:29,72480,72509.0,73080,73169.0,10.0,11.0,1.4833333333333334,0.4833333333333333,1.0,2025-10,Friday,0,2025-10-31,Friday,2025-10,20,Evening,0,0,1.4833,1.4833,647,1,0.0,0,0,2025,10,October,Q4,BA:Yellow-N | Evening,50,2.0,24.0,1.84,Critical,67.86,P3 - Reliability Watch,6.0,Not Late,Not Severe,Eligible
BA:1771770:20251031,2025-10-31,BA:Yellow-N,901902,20:28:00,20:28:29,901302,20:38:00,20:39:29,73680,73709.0,74280,74369.0,10.0,11.0,1.4833333333333334,0.4833333333333333,1.0,2025-10,Friday,0,2025-10-31,Friday,2025-10,20,Evening,0,0,1.4833,1.4833,647,1,0.0,0,0,2025,10,October,Q4,BA:Yellow-N | Evening,50,2.0,24.0,1.84,Critical,67.86,P3 - Reliability Watch,6.0,Not Late,Not Severe,Eligible
BA:1771771:20251031,2025-10-31,BA:Yellow-N,901902,20:48:00,20:48:29,901302,20:58:00,20:59:29,74880,74909.0,75480,75569.0,10.0,11.0,1.4833333333333334,0.4833333333333333,1.0,2025-10,Friday,0,2025-10-31,Friday,2025-10,20,Evening,0,0,1.4833,1.4833,647,1,0.0,0,0,2025,10,October,Q4,BA:Yellow-N | Evening,50,2.0,24.0,1.84,Critical,67.86,P3 - Reliability Watch,6.0,Not Late,Not Severe,Eligible
BA:1771774:20251031,2025-10-31,BA:Yellow-N,901902,21:48:00,21:48:29,901302,21:58:00,21:59:29,78480,78509.0,79080,79169.0,10.0,11.0,1.4833333333333334,0.4833333333333333,1.0,2025-10,Friday,0,2025-10-31,Friday,2025-10,21,Evening,0,0,1.4833,1.4833,647,1,0.0,0,0,2025,10,October,Q4,BA:Yellow-N | Evening,50,2.0,24.0,1.84,Critical,67.86,P3 - Reliability Watch,6.0,Not Late,Not Severe,Eligible
BA:1771776:20251031,2025-10-31,BA:Yellow-N,901902,22:30:00,22:30:47,901302,22:38:00,22:39:29,81000,81047.0,81480,81569.0,8.0,8.7,1.4833333333333334,0.7833333333333333,0.6999999999999993,2025-10,Friday,0,2025-10-31,Friday,2025-10,22,Evening,0,0,1.4833,1.4833,647,1,0.0,0,0,2025,10,October,Q4,BA:Yellow-N | Evening,50,2.0,24.0,1.84,Critical,67.86,P3 - Reliability Watch,6.0,Not Late,Not Severe,Eligible
BA:1771781:20251031,2025-10-30,BA:Yellow-N,901902,24:08:00,24:09:23,901302,24:18:00,24:20:27,86880,86963.0,87480,87627.0,10.0,11.066666666666666,2.45,1.3833333333333333,1.0666666666666664,2025-10,Thursday,1,2025-10-31,Friday,2025-10,0,Overnight,0,0,2.45,1.4833,647,1,0.9667,0,0,2025,10,October,Q4,BA:Yellow-N | Overnight,335,26.27,7.33,68.28,Chronic,95.71,P1 - Primary Hotspot,1.0,Not Late,Not Severe,Eligible
BA:1771806:20251120,2025-11-03,BA:Yellow-N,901902,11:18:00,11:18:47,901302,11:29:00,11:29:47,40680,40727.0,41340,41387.0,11.0,11.0,0.7833333333333333,0.7833333333333333,0.0,2025-11,Monday,0,2025-11-03,Monday,2025-11,11,Midday,0,0,0.7833,1.4833,647,1,0.0,0,0,2025,11,November,Q4,BA:Yellow-N | Midday,115,0.0,,0.0,Reliable,15.0,Monitor,14.0,Not Late,Not Severe,Eligible
BA:1771737:20251120,2025-11-04,BA:Yellow-N,901902,09:29:00,09:29:29,901302,09:39:00,09:40:29,34140,34169.0,34740,34829.0,10.0,11.0,1.4833333333333334,0.4833333333333333,1.0,2025-11,Tuesday,0,2025-11-04,Tuesday,2025-11,9,Morning Peak,1,0,1.4833,1.4833,647,1,0.0,0,0,2025,11,November,Q4,BA:Yellow-N | Morning Peak,75,0.0,,0.44,Reliable,30.0,Monitor,10.0,Not Late,Not Severe,Eligible
BA:1771807:20251120,2025-11-04,BA:Yellow-N,901902,11:38:00,11:38:47,901302,11:49:00,11:49:47,41880,41927.0,42540,42587.0,11.0,11.0,0.7833333333333333,0.7833333333333333,0.0,2025-11,Tuesday,0,2025-11-04,Tuesday,2025-11,11,Midday,0,0,0.7833,1.4833,647,1,0.0,0,0,2025,11,November,Q4,BA:Yellow-N | Midday,115,0.0,,0.0,Reliable,15.0,Monitor,14.0,Not Late,Not Severe,Eligible
BA:1771746:20251120,2025-11-04,BA:Yellow-N,901902,12:29:00,12:29:29,901302,12:39:00,12:40:29,44940,44969.0,45540,45629.0,10.0,11.0,1.4833333333333334,0.4833333333333333,1.0,2025-11,Tuesday,0,2025-11-04,Tuesday,2025-11,12,Midday,0,0,1.4833,1.4833,647,1,0.0,0,0,2025,11,November,Q4,BA:Yellow-N | Midday,115,0.0,,0.0,Reliable,15.0,Monitor,14.0,Not Late,Not Severe,Eligible
BA:1771747:20251120,2025-11-04,BA:Yellow-N,901902,12:49:00,12:49:29,901302,12:59:00,13:00:29,46140,46169.0,46740,46829.0,10.0,11.0,1.4833333333333334,0.4833333333333333,1.0,2025-11,Tuesday,0,2025-11-04,Tuesday,2025-11,12,Midday,0,0,1.4833,1.4833,647,1,0.0,0,0,2025,11,November,Q4,BA:Yellow-N | Midday,115,0.0,,0.0,Reliable,15.0,Monitor,14.0,Not Late,Not Severe,Eligible
BA:1771781:20251120,2025-11-03,BA:Yellow-N,901902,24:08:00,24:10:08,901302,24:18:00,24:21:24,86880,87008.0,87480,87684.0,10.0,11.266666666666667,3.4,2.1333333333333333,1.2666666666666675,2025-11,Monday,1,2025-11-04,Tuesday,2025-11,0,Overnight,0,0,3.4,1.4833,647,1,1.9167,0,0,2025,11,November,Q4,BA:Yellow-N | Overnight,335,26.27,7.33,68.28,Chronic,95.71,P1 - Primary Hotspot,1.0,Not Late,Not Severe,Eligible
BA:1771781:20251120,2025-11-04,BA:Yellow-N,901902,24:08:00,24:08:51,901302,24:18:00,24:19:47,86880,86931.0,87480,87587.0,10.0,10.933333333333334,1.7833333333333334,0.85,0.9333333333333336,2025-11,Tuesday,1,2025-11-05,Wednesday,2025-11,0,Overnight,0,0,1.7833,1.4833,647,1,0.3,0,0,2025,11,November,Q4,BA:Yellow-N | Overnight,335,26.27,7.33,68.28,Chronic,95.71,P1 - Primary Hotspot,1.0,Not Late,Not Severe,Eligible
BA:1771781:20251120,2025-11-05,BA:Yellow-N,901902,24:08:00,24:08:54,901302,24:18:00,24:19:46,86880,86934.0,87480,87586.0,10.0,10.866666666666667,1.7666666666666666,0.9,0.8666666666666671,2025-11,Wednesday,1,2025-11-06,Thursday,2025-11,0,Overnight,0,0,1.7667,1.4833,647,1,0.2833,0,0,2025,11,November,Q4,BA:Yellow-N | Overnight,335,26.27,7.33,68.28,Chronic,95.71,P1 - Primary Hotspot,1.0,Not Late,Not Severe,Eligible
BA:1771781:20251120,2025-11-06,BA:Yellow-N,901902,24:08:00,24:08:53,901302,24:18:00,24:19:47,86880,86933.0,87480,87587.0,10.0,10.9,1.7833333333333334,0.8833333333333333,0.9000000000000004,2025-11,Thursday,1,2025-11-07,Friday,2025-11,0,Overnight,0,0,1.7833,1.4833,647,1,0.3,0,0,2025,11,November,Q4,BA:Yellow-N | Overnight,335,26.27,7.33,68.28,Chronic,95.71,P1 - Primary Hotspot,1.0,Not Late,Not Severe,Eligible
BA:1771781:20251120,2025-11-07,BA:Yellow-N,901902,24:08:00,24:08:54,901302,24:18:00,24:19:48,86880,86934.0,87480,87588.0,10.0,10.9,1.8,0.9,0.9000000000000004,2025-11,Friday,1,2025-11-08,Saturday,2025-11,0,Overnight,0,0,1.8,1.4833,647,1,0.3167,0,0,2025,11,November,Q4,BA:Yellow-N | Overnight,335,26.27,7.33,68.28,Chronic,95.71,P1 - Primary Hotspot,1.0,Not Late,Not Severe,Eligible
BA:1771476:20251120,2025-11-10,BA:Blue-N,901901,11:11:00,11:11:49,901302,11:22:00,11:22:49,40260,40309.0,40920,40969.0,11.0,11.0,0.8166666666666667,0.8166666666666667,0.0,2025-11,Monday,0,2025-11-10,Monday,2025-11,11,Midday,0,0,0.8167,0.8167,479,1,0.0,0,0,2025,11,November,Q4,BA:Blue-N | Midday,135,0.74,8.45,0.78,Acute,52.5,P3 - Reliability Watch,8.0,Not Late,Not Severe,Eligible
BA:1771478:20251120,2025-11-10,BA:Blue-N,901901,11:51:00,11:51:49,901302,12:02:00,12:02:49,42660,42709.0,43320,43369.0,11.0,11.0,0.8166666666666667,0.8166666666666667,0.0,2025-11,Monday,0,2025-11-10,Monday,2025-11,11,Midday,0,0,0.8167,0.8167,479,1,0.0,0,0,2025,11,November,Q4,BA:Blue-N | Midday,135,0.74,8.45,0.78,Acute,52.5,P3 - Reliability Watch,8.0,Not Late,Not Severe,Eligible
BA:1771479:20251120,2025-11-10,BA:Blue-N,901901,12:11:00,12:11:49,901302,12:22:00,12:22:49,43860,43909.0,44520,44569.0,11.0,11.0,0.8166666666666667,0.8166666666666667,0.0,2025-11,Monday,0,2025-11-10,Monday,2025-11,12,Midday,0,0,0.8167,0.8167,479,1,0.0,0,0,2025,11,November,Q4,BA:Blue-N | Midday,135,0.74,8.45,0.78,Acute,52.5,P3 - Reliability Watch,8.0,Not Late,Not Severe,Eligible
BA:1771790:20251120,2025-11-11,BA:Yellow-N,901902,05:16:00,05:16:29,901302,05:19:00,05:20:29,18960,18989.0,19140,19229.0,3.0,4.0,1.4833333333333334,0.4833333333333333,1.0,2025-11,Tuesday,0,2025-11-11,Tuesday,2025-11,5,Overnight,0,0,1.4833,1.4833,647,1,0.0,0,0,2025,11,November,Q4,BA:Yellow-N | Overnight,335,26.27,7.33,68.28,Chronic,95.71,P1 - Primary Hotspot,1.0,Not Late,Not Severe,Eligible
BA:1771802:20251120,2025-11-11,BA:Yellow-N,901902,09:58:00,09:58:47,901302,10:09:00,10:09:47,35880,35927.0,36540,36587.0,11.0,11.0,0.7833333333333333,0.7833333333333333,0.0,2025-11,Tuesday,0,2025-11-11,Tuesday,2025-11,9,Morning Peak,1,0,0.7833,1.4833,647,1,0.0,0,0,2025,11,November,Q4,BA:Yellow-N | Morning Peak,75,0.0,,0.44,Reliable,30.0,Monitor,10.0,Not Late,Not Severe,Eligible
BA:1771812:20251120,2025-11-11,BA:Yellow-N,901902,13:18:00,13:18:47,901302,13:29:00,13:29:47,47880,47927.0,48540,48587.0,11.0,11.0,0.7833333333333333,0.7833333333333333,0.0,2025-11,Tuesday,0,2025-11-11,Tuesday,2025-11,13,Midday,0,0,0.7833,1.4833,647,1,0.0,0,0,2025,11,November,Q4,BA:Yellow-N | Midday,115,0.0,,0.0,Reliable,15.0,Monitor,14.0,Not Late,Not Severe,Eligible
BA:1771781:20251120,2025-11-10,BA:Yellow-N,901902,24:08:00,24:11:24,901302,24:18:00,24:22:43,86880,87084.0,87480,87763.0,10.0,11.316666666666666,4.716666666666667,3.4,1.3166666666666664,2025-11,Monday,1,2025-11-11,Tuesday,2025-11,0,Overnight,0,0,4.7167,1.4833,647,1,3.2333,0,0,2025,11,November,Q4,BA:Yellow-N | Overnight,335,26.27,7.33,68.28,Chronic,95.71,P1 - Primary Hotspot,1.0,Not Late,Not Severe,Eligible
BA:1771462:20251120,2025-11-12,BA:Blue-N,901901,06:31:00,06:31:49,901302,06:42:00,06:42:49,23460,23509.0,24120,24169.0,11.0,11.0,0.8166666666666667,0.8166666666666667,0.0,2025-11,Wednesday,0,2025-11-12,Wednesday,2025-11,6,Overnight,0,0,0.8167,0.8167,479,1,0.0,0,0,2025,11,November,Q4,BA:Blue-N | Overnight,64,0.0,,0.11,Reliable,23.57,Monitor,12.0,Not Late,Not Severe,Eligible
BA:1771506:20251120,2025-11-12,BA:Blue-N,901901,21:37:00,21:37:25,901302,21:47:00,21:48:25,77820,77845.0,78420,78505.0,10.0,11.0,1.4166666666666667,0.4166666666666667,1.0,2025-11,Wednesday,0,2025-11-12,Wednesday,2025-11,21,Evening,0,0,1.4167,0.8167,479,1,0.6,0,0,2025,11,November,Q4,BA:Blue-N | Evening,103,2.91,5.87,5.12,Chronic,73.21,P2 - High Burden,4.0,Not Late,Not Severe,Eligible
BA:1771762:20251120,2025-11-12,BA:Yellow-N,901902,17:49:00,17:49:29,901302,17:59:00,18:00:29,64140,64169.0,64740,64829.0,10.0,11.0,1.4833333333333334,0.4833333333333333,1.0,2025-11,Wednesday,0,2025-11-12,Wednesday,2025-11,17,Evening Peak,0,1,1.4833,1.4833,647,1,0.0,0,0,2025,11,November,Q4,BA:Yellow-N | Evening Peak,72,0.0,,0.0,Reliable,15.0,Monitor,13.0,Not Late,Not Severe,Eligible
BA:1771764:20251120,2025-11-12,BA:Yellow-N,901902,18:29:00,18:29:29,901302,18:39:00,18:40:29,66540,66569.0,67140,67229.0,10.0,11.0,1.4833333333333334,0.4833333333333333,1.0,2025-11,Wednesday,0,2025-11-12,Wednesday,2025-11,18,Evening Peak,0,1,1.4833,1.4833,647,1,0.0,0,0,2025,11,November,Q4,BA:Yellow-N | Evening Peak,72,0.0,,0.0,Reliable,15.0,Monitor,13.0,Not Late,Not Severe,Eligible
BA:1771768:20251120,2025-11-12,BA:Yellow-N,901902,19:48:00,19:48:29,901302,19:58:00,19:59:29,71280,71309.0,71880,71969.0,10.0,11.0,1.4833333333333334,0.4833333333333333,1.0,2025-11,Wednesday,0,2025-11-12,Wednesday,2025-11,19,Evening,0,0,1.4833,1.4833,647,1,0.0,0,0,2025,11,November,Q4,BA:Yellow-N | Evening,50,2.0,24.0,1.84,Critical,67.86,P3 - Reliability Watch,6.0,Not Late,Not Severe,Eligible
BA:1771781:20251120,2025-11-11,BA:Yellow-N,901902,24:08:00,24:08:53,901302,24:18:00,24:19:48,86880,86933.0,87480,87588.0,10.0,10.916666666666666,1.8,0.8833333333333333,0.916666666666666,2025-11,Tuesday,1,2025-11-12,Wednesday,2025-11,0,Overnight,0,0,1.8,1.4833,647,1,0.3167,0,0,2025,11,November,Q4,BA:Yellow-N | Overnight,335,26.27,7.33,68.28,Chronic,95.71,P1 - Primary Hotspot,1.0,Not Late,Not Severe,Eligible
BA:1771772:20251120,2025-11-13,BA:Yellow-N,901902,21:08:00,21:08:29,901302,21:18:00,21:19:29,76080,76109.0,76680,76769.0,10.0,11.0,1.4833333333333334,0.4833333333333333,1.0,2025-11,Thursday,0,2025-11-13,Thursday,2025-11,21,Evening,0,0,1.4833,1.4833,647,1,0.0,0,0,2025,11,November,Q4,BA:Yellow-N | Evening,50,2.0,24.0,1.84,Critical,67.86,P3 - Reliability Watch,6.0,Not Late,Not Severe,Eligible
BA:1771773:20251120,2025-11-13,BA:Yellow-N,901902,21:28:00,21:28:29,901302,21:38:00,21:39:29,77280,77309.0,77880,77969.0,10.0,11.0,1.4833333333333334,0.4833333333333333,1.0,2025-11,Thursday,0,2025-11-13,Thursday,2025-11,21,Evening,0,0,1.4833,1.4833,647,1,0.0,0,0,2025,11,November,Q4,BA:Yellow-N | Evening,50,2.0,24.0,1.84,Critical,67.86,P3 - Reliability Watch,6.0,Not Late,Not Severe,Eligible
BA:1771781:20251120,2025-11-12,BA:Yellow-N,901902,24:08:00,24:08:53,901302,24:18:00,24:19:46,86880,86933.0,87480,87586.0,10.0,10.883333333333333,1.7666666666666666,0.8833333333333333,0.8833333333333329,2025-11,Wednesday,1,2025-11-13,Thursday,2025-11,0,Overnight,0,0,1.7667,1.4833,647,1,0.2833,0,0,2025,11,November,Q4,BA:Yellow-N | Overnight,335,26.27,7.33,68.28,Chronic,95.71,P1 - Primary Hotspot,1.0,Not Late,Not Severe,Eligible
BA:1771510:20251120,2025-11-14,BA:Blue-N,901901,23:04:00,23:04:25,901302,23:07:00,23:08:25,83040,83065.0,83220,83305.0,3.0,4.0,1.4166666666666667,0.4166666666666667,1.0,2025-11,Friday,0,2025-11-14,Friday,2025-11,23,Evening,0,0,1.4167,0.8167,479,1,0.6,0,0,2025,11,November,Q4,BA:Blue-N | Evening,103,2.91,5.87,5.12,Chronic,73.21,P2 - High Burden,4.0,Not Late,Not Severe,Eligible
BA:1771781:20251120,2025-11-13,BA:Yellow-N,901902,24:08:00,24:08:48,901302,24:18:00,24:19:50,86880,86928.0,87480,87590.0,10.0,11.033333333333331,1.8333333333333333,0.8,1.0333333333333332,2025-11,Thursday,1,2025-11-14,Friday,2025-11,0,Overnight,0,0,1.8333,1.4833,647,1,0.35,0,0,2025,11,November,Q4,BA:Yellow-N | Overnight,335,26.27,7.33,68.28,Chronic,95.71,P1 - Primary Hotspot,1.0,Not Late,Not Severe,Eligible
BA:1771781:20251120,2025-11-14,BA:Yellow-N,901902,24:08:00,24:08:55,901302,24:18:00,24:19:49,86880,86935.0,87480,87589.0,10.0,10.9,1.8166666666666669,0.9166666666666666,0.9000000000000004,2025-11,Friday,1,2025-11-15,Saturday,2025-11,0,Overnight,0,0,1.8167,1.4833,647,1,0.3333,0,0,2025,11,November,Q4,BA:Yellow-N | Overnight,335,26.27,7.33,68.28,Chronic,95.71,P1 - Primary Hotspot,1.0,Not Late,Not Severe,Eligible
BA:1771462:20251120,2025-11-17,BA:Blue-N,901901,06:31:00,06:31:49,901302,06:42:00,06:42:49,23460,23509.0,24120,24169.0,11.0,11.0,0.8166666666666667,0.8166666666666667,0.0,2025-11,Monday,0,2025-11-17,Monday,2025-11,6,Overnight,0,0,0.8167,0.8167,479,1,0.0,0,0,2025,11,November,Q4,BA:Blue-N | Overnight,64,0.0,,0.11,Reliable,23.57,Monitor,12.0,Not Late,Not Severe,Eligible
BA:1771464:20251120,2025-11-17,BA:Blue-N,901901,07:11:00,07:11:49,901302,07:22:00,07:22:49,25860,25909.0,26520,26569.0,11.0,11.0,0.8166666666666667,0.8166666666666667,0.0,2025-11,Monday,0,2025-11-17,Monday,2025-11,7,Morning Peak,1,0,0.8167,0.8167,479,1,0.0,0,0,2025,11,November,Q4,BA:Blue-N | Morning Peak,88,1.14,7.27,0.6,Chronic,47.86,P3 - Reliability Watch,9.0,Not Late,Not Severe,Eligible
BA:1771465:20251120,2025-11-17,BA:Blue-N,901901,07:31:00,07:31:49,901302,07:42:00,07:42:49,27060,27109.0,27720,27769.0,11.0,11.0,0.8166666666666667,0.8166666666666667,0.0,2025-11,Monday,0,2025-11-17,Monday,2025-11,7,Morning Peak,1,0,0.8167,0.8167,479,1,0.0,0,0,2025,11,November,Q4,BA:Blue-N | Morning Peak,88,1.14,7.27,0.6,Chronic,47.86,P3 - Reliability Watch,9.0,Not Late,Not Severe,Eligible
BA:1771468:20251120,2025-11-17,BA:Blue-N,901901,08:31:00,08:31:49,901302,08:42:00,08:42:49,30660,30709.0,31320,31369.0,11.0,11.0,0.8166666666666667,0.8166666666666667,0.0,2025-11,Monday,0,2025-11-17,Monday,2025-11,8,Morning Peak,1,0,0.8167,0.8167,479,1,0.0,0,0,2025,11,November,Q4,BA:Blue-N | Morning Peak,88,1.14,7.27,0.6,Chronic,47.86,P3 - Reliability Watch,9.0,Not Late,Not Severe,Eligible
BA:1771477:20251120,2025-11-17,BA:Blue-N,901901,11:31:00,11:31:49,901302,11:42:00,11:42:49,41460,41509.0,42120,42169.0,11.0,11.0,0.8166666666666667,0.8166666666666667,0.0,2025-11,Monday,0,2025-11-17,Monday,2025-11,11,Midday,0,0,0.8167,0.8167,479,1,0.0,0,0,2025,11,November,Q4,BA:Blue-N | Midday,135,0.74,8.45,0.78,Acute,52.5,P3 - Reliability Watch,8.0,Not Late,Not Severe,Eligible
BA:1771478:20251120,2025-11-17,BA:Blue-N,901901,11:51:00,11:51:49,901302,12:02:00,12:02:49,42660,42709.0,43320,43369.0,11.0,11.0,0.8166666666666667,0.8166666666666667,0.0,2025-11,Monday,0,2025-11-17,Monday,2025-11,11,Midday,0,0,0.8167,0.8167,479,1,0.0,0,0,2025,11,November,Q4,BA:Blue-N | Midday,135,0.74,8.45,0.78,Acute,52.5,P3 - Reliability Watch,8.0,Not Late,Not Severe,Eligible
BA:1771482:20251120,2025-11-17,BA:Blue-N,901901,13:13:00,13:14:07,901302,13:22:00,13:22:49,47580,47647.0,48120,48169.0,9.0,8.7,0.8166666666666667,1.1166666666666667,-0.3000000000000007,2025-11,Monday,0,2025-11-17,Monday,2025-11,13,Midday,0,0,0.8167,0.8167,479,1,0.0,0,0,2025,11,November,Q4,BA:Blue-N | Midday,135,0.74,8.45,0.78,Acute,52.5,P3 - Reliability Watch,8.0,Not Late,Not Severe,Eligible
BA:1771490:20251120,2025-11-17,BA:Blue-N,901901,15:51:00,15:51:49,901302,16:02:00,16:02:49,57060,57109.0,57720,57769.0,11.0,11.0,0.8166666666666667,0.8166666666666667,0.0,2025-11,Monday,0,2025-11-17,Monday,2025-11,15,Midday,0,0,0.8167,0.8167,479,1,0.0,0,0,2025,11,November,Q4,BA:Blue-N | Midday,135,0.74,8.45,0.78,Acute,52.5,P3 - Reliability Watch,8.0,Not Late,Not Severe,Eligible
BA:1771508:20251120,2025-11-17,BA:Blue-N,901901,22:24:00,22:24:25,901302,22:27:00,22:28:25,80640,80665.0,80820,80905.0,3.0,4.0,1.4166666666666667,0.4166666666666667,1.0,2025-11,Monday,0,2025-11-17,Monday,2025-11,22,Evening,0,0,1.4167,0.8167,479,1,0.6,0,0,2025,11,November,Q4,BA:Blue-N | Evening,103,2.91,5.87,5.12,Chronic,73.21,P2 - High Burden,4.0,Not Late,Not Severe,Eligible
BA:1771790:20251120,2025-11-17,BA:Yellow-N,901902,05:09:00,05:09:29,901302,05:19:00,05:20:29,18540,18569.0,19140,19229.0,10.0,11.0,1.4833333333333334,0.4833333333333333,1.0,2025-11,Monday,0,2025-11-17,Monday,2025-11,5,Overnight,0,0,1.4833,1.4833,647,1,0.0,0,0,2025,11,November,Q4,BA:Yellow-N | Overnight,335,26.27,7.33,68.28,Chronic,95.71,P1 - Primary Hotspot,1.0,Not Late,Not Severe,Eligible
BA:1771458:20251120,2025-11-18,BA:Blue-N,901901,05:11:00,05:11:49,901302,05:22:00,05:22:49,18660,18709.0,19320,19369.0,11.0,11.0,0.8166666666666667,0.8166666666666667,0.0,2025-11,Tuesday,0,2025-11-18,Tuesday,2025-11,5,Overnight,0,0,0.8167,0.8167,479,1,0.0,0,0,2025,11,November,Q4,BA:Blue-N | Overnight,64,0.0,,0.11,Reliable,23.57,Monitor,12.0,Not Late,Not Severe,Eligible
BA:1771459:20251120,2025-11-18,BA:Blue-N,901901,05:31:00,05:31:49,901302,05:42:00,05:42:49,19860,19909.0,20520,20569.0,11.0,11.0,0.8166666666666667,0.8166666666666667,0.0,2025-11,Tuesday,0,2025-11-18,Tuesday,2025-11,5,Overnight,0,0,0.8167,0.8167,479,1,0.0,0,0,2025,11,November,Q4,BA:Blue-N | Overnight,64,0.0,,0.11,Reliable,23.57,Monitor,12.0,Not Late,Not Severe,Eligible
BA:1771481:20251120,2025-11-18,BA:Blue-N,901901,12:51:00,12:51:49,901302,13:02:00,13:02:49,46260,46309.0,46920,46969.0,11.0,11.0,0.8166666666666667,0.8166666666666667,0.0,2025-11,Tuesday,0,2025-11-18,Tuesday,2025-11,12,Midday,0,0,0.8167,0.8167,479,1,0.0,0,0,2025,11,November,Q4,BA:Blue-N | Midday,135,0.74,8.45,0.78,Acute,52.5,P3 - Reliability Watch,8.0,Not Late,Not Severe,Eligible
BA:1771482:20251120,2025-11-18,BA:Blue-N,901901,13:11:00,13:11:49,901302,13:22:00,13:22:49,47460,47509.0,48120,48169.0,11.0,11.0,0.8166666666666667,0.8166666666666667,0.0,2025-11,Tuesday,0,2025-11-18,Tuesday,2025-11,13,Midday,0,0,0.8167,0.8167,479,1,0.0,0,0,2025,11,November,Q4,BA:Blue-N | Midday,135,0.74,8.45,0.78,Acute,52.5,P3 - Reliability Watch,8.0,Not Late,Not Severe,Eligible
BA:1771507:20251120,2025-11-18,BA:Blue-N,901901,22:04:00,22:04:25,901302,22:07:00,22:08:25,79440,79465.0,79620,79705.0,3.0,4.0,1.4166666666666667,0.4166666666666667,1.0,2025-11,Tuesday,0,2025-11-18,Tuesday,2025-11,22,Evening,0,0,1.4167,0.8167,479,1,0.6,0,0,2025,11,November,Q4,BA:Blue-N | Evening,103,2.91,5.87,5.12,Chronic,73.21,P2 - High Burden,4.0,Not Late,Not Severe,Eligible
BA:1771781:20251120,2025-11-17,BA:Yellow-N,901902,24:08:00,24:16:17,901302,24:18:00,24:27:17,86880,87377.0,87480,88037.0,10.0,11.0,9.283333333333331,8.283333333333333,1.0,2025-11,Monday,1,2025-11-18,Tuesday,2025-11,0,Overnight,0,0,9.2833,1.4833,647,1,7.8,1,0,2025,11,November,Q4,BA:Yellow-N | Overnight,335,26.27,7.33,68.28,Chronic,95.71,P1 - Primary Hotspot,1.0,Late,Not Severe,Eligible
BA:1771481:20251120,2025-11-19,BA:Blue-N,901901,12:51:00,12:51:49,901302,13:02:00,13:02:49,46260,46309.0,46920,46969.0,11.0,11.0,0.8166666666666667,0.8166666666666667,0.0,2025-11,Wednesday,0,2025-11-19,Wednesday,2025-11,12,Midday,0,0,0.8167,0.8167,479,1,0.0,0,0,2025,11,November,Q4,BA:Blue-N | Midday,135,0.74,8.45,0.78,Acute,52.5,P3 - Reliability Watch,8.0,Not Late,Not Severe,Eligible
BA:1771501:20251120,2025-11-19,BA:Blue-N,901901,19:57:00,19:57:25,901302,20:07:00,20:08:25,71820,71845.0,72420,72505.0,10.0,11.0,1.4166666666666667,0.4166666666666667,1.0,2025-11,Wednesday,0,2025-11-19,Wednesday,2025-11,19,Evening,0,0,1.4167,0.8167,479,1,0.6,0,0,2025,11,November,Q4,BA:Blue-N | Evening,103,2.91,5.87,5.12,Chronic,73.21,P2 - High Burden,4.0,Not Late,Not Severe,Eligible
BA:1771781:20251120,2025-11-18,BA:Yellow-N,901902,24:08:00,24:08:54,901302,24:18:00,24:22:45,86880,86934.0,87480,87765.0,10.0,13.85,4.75,0.9,3.85,2025-11,Tuesday,1,2025-11-19,Wednesday,2025-11,0,Overnight,0,0,4.75,1.4833,647,1,3.2667,0,0,2025,11,November,Q4,BA:Yellow-N | Overnight,335,26.27,7.33,68.28,Chronic,95.71,P1 - Primary Hotspot,1.0,Not Late,Not Severe,Eligible
BA:1771737:20251120,2025-11-20,BA:Yellow-N,901902,09:29:00,09:29:29,901302,09:39:00,09:40:29,34140,34169.0,34740,34829.0,10.0,11.0,1.4833333333333334,0.4833333333333333,1.0,2025-11,Thursday,0,2025-11-20,Thursday,2025-11,9,Morning Peak,1,0,1.4833,1.4833,647,1,0.0,0,0,2025,11,November,Q4,BA:Yellow-N | Morning Peak,75,0.0,,0.44,Reliable,30.0,Monitor,10.0,Not Late,Not Severe,Eligible
BA:1771738:20251120,2025-11-20,BA:Yellow-N,901902,09:49:00,09:49:29,901302,09:59:00,10:00:29,35340,35369.0,35940,36029.0,10.0,11.0,1.4833333333333334,0.4833333333333333,1.0,2025-11,Thursday,0,2025-11-20,Thursday,2025-11,9,Morning Peak,1,0,1.4833,1.4833,647,1,0.0,0,0,2025,11,November,Q4,BA:Yellow-N | Morning Peak,75,0.0,,0.44,Reliable,30.0,Monitor,10.0,Not Late,Not Severe,Eligible
BA:1771781:20251120,2025-11-19,BA:Yellow-N,901902,24:08:00,24:16:13,901302,24:18:00,24:27:16,86880,87373.0,87480,88036.0,10.0,11.05,9.266666666666667,8.216666666666667,1.0500000000000007,2025-11,Wednesday,1,2025-11-20,Thursday,2025-11,0,Overnight,0,0,9.2667,1.4833,647,1,7.7833,1,0,2025,11,November,Q4,BA:Yellow-N | Overnight,335,26.27,7.33,68.28,Chronic,95.71,P1 - Primary Hotspot,1.0,Late,Not Severe,Eligible
BA:1771490:20251120,2025-11-21,BA:Blue-N,901901,15:51:00,15:51:49,901302,16:02:00,16:02:49,57060,57109.0,57720,57769.0,11.0,11.0,0.8166666666666667,0.8166666666666667,0.0,2025-11,Friday,0,2025-11-21,Friday,2025-11,15,Midday,0,0,0.8167,0.8167,479,1,0.0,0,0,2025,11,November,Q4,BA:Blue-N | Midday,135,0.74,8.45,0.78,Acute,52.5,P3 - Reliability Watch,8.0,Not Late,Not Severe,Eligible
BA:1771494:20251120,2025-11-21,BA:Blue-N,901901,17:31:00,17:31:49,901302,17:42:00,17:42:49,63060,63109.0,63720,63769.0,11.0,11.0,0.8166666666666667,0.8166666666666667,0.0,2025-11,Friday,0,2025-11-21,Friday,2025-11,17,Evening Peak,0,1,0.8167,0.8167,479,1,0.0,0,0,2025,11,November,Q4,BA:Blue-N | Evening Peak,89,0.0,,0.11,Reliable,23.57,Monitor,11.0,Not Late,Not Severe,Eligible
BA:1771496:20251120,2025-11-21,BA:Blue-N,901901,18:11:00,18:11:49,901302,18:22:00,18:22:49,65460,65509.0,66120,66169.0,11.0,11.0,0.8166666666666667,0.8166666666666667,0.0,2025-11,Friday,0,2025-11-21,Friday,2025-11,18,Evening Peak,0,1,0.8167,0.8167,479,1,0.0,0,0,2025,11,November,Q4,BA:Blue-N | Evening Peak,89,0.0,,0.11,Reliable,23.57,Monitor,11.0,Not Late,Not Severe,Eligible
BA:1771497:20251120,2025-11-21,BA:Blue-N,901901,18:31:00,18:31:49,901302,18:42:00,18:42:49,66660,66709.0,67320,67369.0,11.0,11.0,0.8166666666666667,0.8166666666666667,0.0,2025-11,Friday,0,2025-11-21,Friday,2025-11,18,Evening Peak,0,1,0.8167,0.8167,479,1,0.0,0,0,2025,11,November,Q4,BA:Blue-N | Evening Peak,89,0.0,,0.11,Reliable,23.57,Monitor,11.0,Not Late,Not Severe,Eligible
BA:1771498:20251120,2025-11-21,BA:Blue-N,901901,18:51:00,18:51:49,901302,19:02:00,19:02:49,67860,67909.0,68520,68569.0,11.0,11.0,0.8166666666666667,0.8166666666666667,0.0,2025-11,Friday,0,2025-11-21,Friday,2025-11,18,Evening Peak,0,1,0.8167,0.8167,479,1,0.0,0,0,2025,11,November,Q4,BA:Blue-N | Evening Peak,89,0.0,,0.11,Reliable,23.57,Monitor,11.0,Not Late,Not Severe,Eligible
BA:1771499:20251120,2025-11-21,BA:Blue-N,901901,19:11:00,19:11:49,901302,19:22:00,19:22:49,69060,69109.0,69720,69769.0,11.0,11.0,0.8166666666666667,0.8166666666666667,0.0,2025-11,Friday,0,2025-11-21,Friday,2025-11,19,Evening,0,0,0.8167,0.8167,479,1,0.0,0,0,2025,11,November,Q4,BA:Blue-N | Evening,103,2.91,5.87,5.12,Chronic,73.21,P2 - High Burden,4.0,Not Late,Not Severe,Eligible
BA:1771500:20251120,2025-11-21,BA:Blue-N,901901,19:31:00,19:31:49,901302,19:42:00,19:42:49,70260,70309.0,70920,70969.0,11.0,11.0,0.8166666666666667,0.8166666666666667,0.0,2025-11,Friday,0,2025-11-21,Friday,2025-11,19,Evening,0,0,0.8167,0.8167,479,1,0.0,0,0,2025,11,November,Q4,BA:Blue-N | Evening,103,2.91,5.87,5.12,Chronic,73.21,P2 - High Burden,4.0,Not Late,Not Severe,Eligible
BA:1771821:20251120,2025-11-21,BA:Yellow-N,901902,16:18:00,16:18:47,901302,16:29:00,16:29:47,58680,58727.0,59340,59387.0,11.0,11.0,0.7833333333333333,0.7833333333333333,0.0,2025-11,Friday,0,2025-11-21,Friday,2025-11,16,Evening Peak,0,1,0.7833,1.4833,647,1,0.0,0,0,2025,11,November,Q4,BA:Yellow-N | Evening Peak,72,0.0,,0.0,Reliable,15.0,Monitor,13.0,Not Late,Not Severe,Eligible
BA:1771781:20251120,2025-11-20,BA:Yellow-N,901902,24:08:00,24:11:48,901302,24:18:00,24:22:13,86880,87108.0,87480,87733.0,10.0,10.416666666666666,4.216666666666667,3.8,0.4166666666666661,2025-11,Thursday,1,2025-11-21,Friday,2025-11,0,Overnight,0,0,4.2167,1.4833,647,1,2.7333,0,0,2025,11,November,Q4,BA:Yellow-N | Overnight,335,26.27,7.33,68.28,Chronic,95.71,P1 - Primary Hotspot,1.0,Not Late,Not Severe,Eligible
BA:1771781:20251120,2025-11-21,BA:Yellow-N,901902,24:08:00,24:10:52,901302,24:18:00,24:22:02,86880,87052.0,87480,87722.0,10.0,11.166666666666666,4.033333333333333,2.8666666666666667,1.166666666666666,2025-11,Friday,1,2025-11-22,Saturday,2025-11,0,Overnight,0,0,4.0333,1.4833,647,1,2.55,0,0,2025,11,November,Q4,BA:Yellow-N | Overnight,335,26.27,7.33,68.28,Chronic,95.71,P1 - Primary Hotspot,1.0,Not Late,Not Severe,Eligible
BA:1771503:20251130,2025-11-24,BA:Blue-N,901901,20:37:00,20:37:25,901302,20:47:00,20:48:25,74220,74245.0,74820,74905.0,10.0,11.0,1.4166666666666667,0.4166666666666667,1.0,2025-11,Monday,0,2025-11-24,Monday,2025-11,20,Evening,0,0,1.4167,0.8167,479,1,0.6,0,0,2025,11,November,Q4,BA:Blue-N | Evening,103,2.91,5.87,5.12,Chronic,73.21,P2 - High Burden,4.0,Not Late,Not Severe,Eligible
BA:1771822:20251130,2025-11-25,BA:Yellow-N,901902,16:43:00,16:43:47,901302,16:49:00,16:49:47,60180,60227.0,60540,60587.0,6.0,6.0,0.7833333333333333,0.7833333333333333,0.0,2025-11,Tuesday,0,2025-11-25,Tuesday,2025-11,16,Evening Peak,0,1,0.7833,1.4833,647,1,0.0,0,0,2025,11,November,Q4,BA:Yellow-N | Evening Peak,72,0.0,,0.0,Reliable,15.0,Monitor,13.0,Not Late,Not Severe,Eligible
BA:1771781:20251130,2025-11-24,BA:Yellow-N,901902,24:08:00,24:10:57,901302,24:18:00,24:21:50,86880,87057.0,87480,87710.0,10.0,10.883333333333333,3.8333333333333335,2.95,0.8833333333333329,2025-11,Monday,1,2025-11-25,Tuesday,2025-11,0,Overnight,0,0,3.8333,1.4833,647,1,2.35,0,0,2025,11,November,Q4,BA:Yellow-N | Overnight,335,26.27,7.33,68.28,Chronic,95.71,P1 - Primary Hotspot,1.0,Not Late,Not Severe,Eligible
BA:1771482:20251130,2025-11-26,BA:Blue-N,901901,13:11:00,13:11:49,901302,13:22:00,13:22:49,47460,47509.0,48120,48169.0,11.0,11.0,0.8166666666666667,0.8166666666666667,0.0,2025-11,Wednesday,0,2025-11-26,Wednesday,2025-11,13,Midday,0,0,0.8167,0.8167,479,1,0.0,0,0,2025,11,November,Q4,BA:Blue-N | Midday,135,0.74,8.45,0.78,Acute,52.5,P3 - Reliability Watch,8.0,Not Late,Not Severe,Eligible
BA:1771486:20251130,2025-11-26,BA:Blue-N,901901,14:31:00,14:31:49,901302,14:42:00,14:42:49,52260,52309.0,52920,52969.0,11.0,11.0,0.8166666666666667,0.8166666666666667,0.0,2025-11,Wednesday,0,2025-11-26,Wednesday,2025-11,14,Midday,0,0,0.8167,0.8167,479,1,0.0,0,0,2025,11,November,Q4,BA:Blue-N | Midday,135,0.74,8.45,0.78,Acute,52.5,P3 - Reliability Watch,8.0,Not Late,Not Severe,Eligible
BA:1771489:20251130,2025-11-26,BA:Blue-N,901901,15:31:00,15:31:49,901302,15:42:00,15:42:49,55860,55909.0,56520,56569.0,11.0,11.0,0.8166666666666667,0.8166666666666667,0.0,2025-11,Wednesday,0,2025-11-26,Wednesday,2025-11,15,Midday,0,0,0.8167,0.8167,479,1,0.0,0,0,2025,11,November,Q4,BA:Blue-N | Midday,135,0.74,8.45,0.78,Acute,52.5,P3 - Reliability Watch,8.0,Not Late,Not Severe,Eligible
BA:1771781:20251130,2025-11-25,BA:Yellow-N,901902,24:08:00,24:12:13,901302,24:18:00,24:23:23,86880,87133.0,87480,87803.0,10.0,11.166666666666666,5.383333333333334,4.216666666666667,1.166666666666666,2025-11,Tuesday,1,2025-11-26,Wednesday,2025-11,0,Overnight,0,0,5.3833,1.4833,647,1,3.9,1,0,2025,11,November,Q4,BA:Yellow-N | Overnight,335,26.27,7.33,68.28,Chronic,95.71,P1 - Primary Hotspot,1.0,Late,Not Severe,Eligible
BA:1760130:20251130,2025-11-27,BA:Blue-N,901901,21:37:00,21:37:25,901302,21:47:00,21:48:25,77820,77845.0,78420,78505.0,10.0,11.0,1.4166666666666667,0.4166666666666667,1.0,2025-11,Thursday,0,2025-11-27,Thursday,2025-11,21,Evening,0,0,1.4167,0.8167,479,1,0.6,0,0,2025,11,November,Q4,BA:Blue-N | Evening,103,2.91,5.87,5.12,Chronic,73.21,P2 - High Burden,4.0,Not Late,Not Severe,Eligible
BA:1759850:20251130,2025-11-27,BA:Green-N,901902,16:34:00,16:35:07,901302,16:45:00,16:46:07,59640,59707.0,60300,60367.0,11.0,11.0,1.1166666666666667,1.1166666666666667,0.0,2025-11,Thursday,0,2025-11-27,Thursday,2025-11,16,Evening Peak,0,1,1.1167,1.1167,680,1,0.0,0,0,2025,11,November,Q4,BA:Green-N | Evening Peak,76,5.26,9.22,3.05,Critical,78.93,P3 - Reliability Watch,5.0,Not Late,Not Severe,Eligible
BA:1771781:20251130,2025-11-26,BA:Yellow-N,901902,24:08:00,24:08:57,901302,24:18:00,24:20:31,86880,86937.0,87480,87631.0,10.0,11.566666666666666,2.5166666666666666,0.95,1.5666666666666664,2025-11,Wednesday,1,2025-11-27,Thursday,2025-11,0,Overnight,0,0,2.5167,1.4833,647,1,1.0333,0,0,2025,11,November,Q4,BA:Yellow-N | Overnight,335,26.27,7.33,68.28,Chronic,95.71,P1 - Primary Hotspot,1.0,Not Late,Not Severe,Eligible
BA:1771473:20251130,2025-11-28,BA:Blue-N,901901,10:11:00,10:11:49,901302,10:22:00,10:22:49,36660,36709.0,37320,37369.0,11.0,11.0,0.8166666666666667,0.8166666666666667,0.0,2025-11,Friday,0,2025-11-28,Friday,2025-11,10,Midday,0,0,0.8167,0.8167,479,1,0.0,0,0,2025,11,November,Q4,BA:Blue-N | Midday,135,0.74,8.45,0.78,Acute,52.5,P3 - Reliability Watch,8.0,Not Late,Not Severe,Eligible
BA:1771742:20251130,2025-11-28,BA:Yellow-N,901902,11:09:00,11:09:29,901302,11:19:00,11:20:29,40140,40169.0,40740,40829.0,10.0,11.0,1.4833333333333334,0.4833333333333333,1.0,2025-11,Friday,0,2025-11-28,Friday,2025-11,11,Midday,0,0,1.4833,1.4833,647,1,0.0,0,0,2025,11,November,Q4,BA:Yellow-N | Midday,115,0.0,,0.0,Reliable,15.0,Monitor,14.0,Not Late,Not Severe,Eligible
BA:1759638:20251130,2025-11-27,BA:Yellow-N,901902,24:08:00,24:11:38,901302,24:18:00,24:23:16,86880,87098.0,87480,87796.0,10.0,11.633333333333333,5.266666666666667,3.6333333333333337,1.6333333333333329,2025-11,Thursday,1,2025-11-28,Friday,2025-11,0,Overnight,0,0,5.2667,1.4833,647,1,3.7833,1,0,2025,11,November,Q4,BA:Yellow-N | Overnight,335,26.27,7.33,68.28,Chronic,95.71,P1 - Primary Hotspot,1.0,Late,Not Severe,Eligible
BA:1771781:20251130,2025-11-28,BA:Yellow-N,901902,24:08:00,24:08:55,901302,24:18:00,24:19:52,86880,86935.0,87480,87592.0,10.0,10.95,1.8666666666666667,0.9166666666666666,0.9499999999999992,2025-11,Friday,1,2025-11-29,Saturday,2025-11,0,Overnight,0,0,1.8667,1.4833,647,1,0.3833,0,0,2025,11,November,Q4,BA:Yellow-N | Overnight,335,26.27,7.33,68.28,Chronic,95.71,P1 - Primary Hotspot,1.0,Not Late,Not Severe,Eligible
BA:1771471:20251216,2025-12-01,BA:Blue-N,901901,09:31:00,09:31:49,901302,09:42:00,09:42:49,34260,34309.0,34920,34969.0,11.0,11.0,0.8166666666666667,0.8166666666666667,0.0,2025-12,Monday,0,2025-12-01,Monday,2025-12,9,Morning Peak,1,0,0.8167,0.8167,479,1,0.0,0,0,2025,12,December,Q4,BA:Blue-N | Morning Peak,88,1.14,7.27,0.6,Chronic,47.86,P3 - Reliability Watch,9.0,Not Late,Not Severe,Eligible
BA:1771804:20251216,2025-12-01,BA:Yellow-N,901902,10:38:00,10:38:47,901302,10:49:00,10:49:47,38280,38327.0,38940,38987.0,11.0,11.0,0.7833333333333333,0.7833333333333333,0.0,2025-12,Monday,0,2025-12-01,Monday,2025-12,10,Midday,0,0,0.7833,1.4833,647,1,0.0,0,0,2025,12,December,Q4,BA:Yellow-N | Midday,115,0.0,,0.0,Reliable,15.0,Monitor,14.0,Not Late,Not Severe,Eligible
BA:1771762:20251216,2025-12-01,BA:Yellow-N,901902,17:49:00,17:49:29,901302,17:59:00,18:00:29,64140,64169.0,64740,64829.0,10.0,11.0,1.4833333333333334,0.4833333333333333,1.0,2025-12,Monday,0,2025-12-01,Monday,2025-12,17,Evening Peak,0,1,1.4833,1.4833,647,1,0.0,0,0,2025,12,December,Q4,BA:Yellow-N | Evening Peak,72,0.0,,0.0,Reliable,15.0,Monitor,13.0,Not Late,Not Severe,Eligible
BA:1771781:20251216,2025-12-01,BA:Yellow-N,901902,24:08:00,24:09:18,901302,24:18:00,24:20:16,86880,86958.0,87480,87616.0,10.0,10.966666666666669,2.2666666666666666,1.3,0.9666666666666668,2025-12,Monday,1,2025-12-02,Tuesday,2025-12,0,Overnight,0,0,2.2667,1.4833,647,1,0.7833,0,0,2025,12,December,Q4,BA:Yellow-N | Overnight,335,26.27,7.33,68.28,Chronic,95.71,P1 - Primary Hotspot,1.0,Not Late,Not Severe,Eligible
BA:1771467:20251216,2025-12-03,BA:Blue-N,901901,08:11:00,08:11:49,901302,08:22:00,08:22:49,29460,29509.0,30120,30169.0,11.0,11.0,0.8166666666666667,0.8166666666666667,0.0,2025-12,Wednesday,0,2025-12-03,Wednesday,2025-12,8,Morning Peak,1,0,0.8167,0.8167,479,1,0.0,0,0,2025,12,December,Q4,BA:Blue-N | Morning Peak,88,1.14,7.27,0.6,Chronic,47.86,P3 - Reliability Watch,9.0,Not Late,Not Severe,Eligible
BA:1771808:20251216,2025-12-03,BA:Yellow-N,901902,12:00:00,12:01:05,901302,12:09:00,12:09:47,43200,43265.0,43740,43787.0,9.0,8.7,0.7833333333333333,1.0833333333333333,-0.3000000000000007,2025-12,Wednesday,0,2025-12-03,Wednesday,2025-12,12,Midday,0,0,0.7833,1.4833,647,1,0.0,0,0,2025,12,December,Q4,BA:Yellow-N | Midday,115,0.0,,0.0,Reliable,15.0,Monitor,14.0,Not Late,Not Severe,Eligible
BA:1771781:20251216,2025-12-02,BA:Yellow-N,901902,24:08:00,24:08:50,901302,24:18:00,24:19:47,86880,86930.0,87480,87587.0,10.0,10.95,1.7833333333333334,0.8333333333333334,0.9499999999999992,2025-12,Tuesday,1,2025-12-03,Wednesday,2025-12,0,Overnight,0,0,1.7833,1.4833,647,1,0.3,0,0,2025,12,December,Q4,BA:Yellow-N | Overnight,335,26.27,7.33,68.28,Chronic,95.71,P1 - Primary Hotspot,1.0,Not Late,Not Severe,Eligible
BA:1771789:20251216,2025-12-04,BA:Yellow-N,901902,05:18:00,05:18:41,901302,05:29:00,05:29:41,19080,19121.0,19740,19781.0,11.0,11.0,0.6833333333333333,0.6833333333333333,0.0,2025-12,Thursday,0,2025-12-04,Thursday,2025-12,5,Overnight,0,0,0.6833,1.4833,647,1,0.0,0,0,2025,12,December,Q4,BA:Yellow-N | Overnight,335,26.27,7.33,68.28,Chronic,95.71,P1 - Primary Hotspot,1.0,Not Late,Not Severe,Eligible
BA:1771781:20251216,2025-12-03,BA:Yellow-N,901902,24:08:00,24:10:09,901302,24:18:00,24:20:43,86880,87009.0,87480,87643.0,10.0,10.566666666666666,2.716666666666667,2.15,0.5666666666666664,2025-12,Wednesday,1,2025-12-04,Thursday,2025-12,0,Overnight,0,0,2.7167,1.4833,647,1,1.2333,0,0,2025,12,December,Q4,BA:Yellow-N | Overnight,335,26.27,7.33,68.28,Chronic,95.71,P1 - Primary Hotspot,1.0,Not Late,Not Severe,Eligible
BA:1771781:20251216,2025-12-04,BA:Yellow-N,901902,24:08:00,24:11:42,901302,24:18:00,24:22:51,86880,87102.0,87480,87771.0,10.0,11.15,4.85,3.7,1.1500000000000004,2025-12,Thursday,1,2025-12-05,Friday,2025-12,0,Overnight,0,0,4.85,1.4833,647,1,3.3667,0,0,2025,12,December,Q4,BA:Yellow-N | Overnight,335,26.27,7.33,68.28,Chronic,95.71,P1 - Primary Hotspot,1.0,Not Late,Not Severe,Eligible
BA:1771781:20251216,2025-12-05,BA:Yellow-N,901902,24:08:00,24:08:53,901302,24:18:00,24:19:56,86880,86933.0,87480,87596.0,10.0,11.05,1.9333333333333331,0.8833333333333333,1.0500000000000007,2025-12,Friday,1,2025-12-06,Saturday,2025-12,0,Overnight,0,0,1.9333,1.4833,647,1,0.45,0,0,2025,12,December,Q4,BA:Yellow-N | Overnight,335,26.27,7.33,68.28,Chronic,95.71,P1 - Primary Hotspot,1.0,Not Late,Not Severe,Eligible
BA:1771497:20251216,2025-12-08,BA:Blue-N,901901,18:31:00,18:31:49,901302,18:42:00,18:42:49,66660,66709.0,67320,67369.0,11.0,11.0,0.8166666666666667,0.8166666666666667,0.0,2025-12,Monday,0,2025-12-08,Monday,2025-12,18,Evening Peak,0,1,0.8167,0.8167,479,1,0.0,0,0,2025,12,December,Q4,BA:Blue-N | Evening Peak,89,0.0,,0.11,Reliable,23.57,Monitor,11.0,Not Late,Not Severe,Eligible
BA:1771781:20251216,2025-12-08,BA:Yellow-N,901902,24:08:00,24:10:19,901302,24:18:00,24:25:47,86880,87019.0,87480,87947.0,10.0,15.466666666666669,7.783333333333333,2.316666666666667,5.466666666666667,2025-12,Monday,1,2025-12-09,Tuesday,2025-12,0,Overnight,0,0,7.7833,1.4833,647,1,6.3,1,0,2025,12,December,Q4,BA:Yellow-N | Overnight,335,26.27,7.33,68.28,Chronic,95.71,P1 - Primary Hotspot,1.0,Late,Not Severe,Eligible
BA:1771510:20251216,2025-12-10,BA:Blue-N,901901,23:02:00,23:02:25,901302,23:07:00,23:08:25,82920,82945.0,83220,83305.0,5.0,6.0,1.4166666666666667,0.4166666666666667,1.0,2025-12,Wednesday,0,2025-12-10,Wednesday,2025-12,23,Evening,0,0,1.4167,0.8167,479,1,0.6,0,0,2025,12,December,Q4,BA:Blue-N | Evening,103,2.91,5.87,5.12,Chronic,73.21,P2 - High Burden,4.0,Not Late,Not Severe,Eligible
BA:1771790:20251216,2025-12-10,BA:Yellow-N,901902,05:09:00,05:09:29,901302,05:19:00,05:20:29,18540,18569.0,19140,19229.0,10.0,11.0,1.4833333333333334,0.4833333333333333,1.0,2025-12,Wednesday,0,2025-12-10,Wednesday,2025-12,5,Overnight,0,0,1.4833,1.4833,647,1,0.0,0,0,2025,12,December,Q4,BA:Yellow-N | Overnight,335,26.27,7.33,68.28,Chronic,95.71,P1 - Primary Hotspot,1.0,Not Late,Not Severe,Eligible
BA:1771781:20251216,2025-12-09,BA:Yellow-N,901902,24:08:00,24:11:53,901302,24:18:00,24:25:03,86880,87113.0,87480,87903.0,10.0,13.166666666666666,7.05,3.8833333333333337,3.166666666666666,2025-12,Tuesday,1,2025-12-10,Wednesday,2025-12,0,Overnight,0,0,7.05,1.4833,647,1,5.5667,1,0,2025,12,December,Q4,BA:Yellow-N | Overnight,335,26.27,7.33,68.28,Chronic,95.71,P1 - Primary Hotspot,1.0,Late,Not Severe,Eligible
BA:1771781:20251216,2025-12-10,BA:Yellow-N,901902,24:08:00,24:09:33,901302,24:18:00,24:20:23,86880,86973.0,87480,87623.0,10.0,10.833333333333334,2.3833333333333333,1.55,0.8333333333333339,2025-12,Wednesday,1,2025-12-11,Thursday,2025-12,0,Overnight,0,0,2.3833,1.4833,647,1,0.9,0,0,2025,12,December,Q4,BA:Yellow-N | Overnight,335,26.27,7.33,68.28,Chronic,95.71,P1 - Primary Hotspot,1.0,Not Late,Not Severe,Eligible
BA:1771476:20251216,2025-12-12,BA:Blue-N,901901,11:11:00,11:11:49,901302,11:22:00,11:22:49,40260,40309.0,40920,40969.0,11.0,11.0,0.8166666666666667,0.8166666666666667,0.0,2025-12,Friday,0,2025-12-12,Friday,2025-12,11,Midday,0,0,0.8167,0.8167,479,1,0.0,0,0,2025,12,December,Q4,BA:Blue-N | Midday,135,0.74,8.45,0.78,Acute,52.5,P3 - Reliability Watch,8.0,Not Late,Not Severe,Eligible
BA:1771477:20251216,2025-12-12,BA:Blue-N,901901,11:31:00,11:31:49,901302,11:42:00,11:42:49,41460,41509.0,42120,42169.0,11.0,11.0,0.8166666666666667,0.8166666666666667,0.0,2025-12,Friday,0,2025-12-12,Friday,2025-12,11,Midday,0,0,0.8167,0.8167,479,1,0.0,0,0,2025,12,December,Q4,BA:Blue-N | Midday,135,0.74,8.45,0.78,Acute,52.5,P3 - Reliability Watch,8.0,Not Late,Not Severe,Eligible
BA:1771751:20251216,2025-12-12,BA:Yellow-N,901902,14:09:00,14:09:29,901302,14:19:00,14:20:29,50940,50969.0,51540,51629.0,10.0,11.0,1.4833333333333334,0.4833333333333333,1.0,2025-12,Friday,0,2025-12-12,Friday,2025-12,14,Midday,0,0,1.4833,1.4833,647,1,0.0,0,0,2025,12,December,Q4,BA:Yellow-N | Midday,115,0.0,,0.0,Reliable,15.0,Monitor,14.0,Not Late,Not Severe,Eligible
BA:1771781:20251216,2025-12-11,BA:Yellow-N,901902,24:08:00,24:12:00,901302,24:18:00,24:22:42,86880,87120.0,87480,87762.0,10.0,10.7,4.7,4.0,0.6999999999999993,2025-12,Thursday,1,2025-12-12,Friday,2025-12,0,Overnight,0,0,4.7,1.4833,647,1,3.2167,0,0,2025,12,December,Q4,BA:Yellow-N | Overnight,335,26.27,7.33,68.28,Chronic,95.71,P1 - Primary Hotspot,1.0,Not Late,Not Severe,Eligible
BA:1771781:20251216,2025-12-12,BA:Yellow-N,901902,24:08:00,24:08:53,901302,24:18:00,24:19:51,86880,86933.0,87480,87591.0,10.0,10.966666666666669,1.85,0.8833333333333333,0.9666666666666668,2025-12,Friday,1,2025-12-13,Saturday,2025-12,0,Overnight,0,0,1.85,1.4833,647,1,0.3667,0,0,2025,12,December,Q4,BA:Yellow-N | Overnight,335,26.27,7.33,68.28,Chronic,95.71,P1 - Primary Hotspot,1.0,Not Late,Not Severe,Eligible
BA:1771485:20251216,2025-12-15,BA:Blue-N,901901,14:11:00,14:11:49,901302,14:22:00,14:22:49,51060,51109.0,51720,51769.0,11.0,11.0,0.8166666666666667,0.8166666666666667,0.0,2025-12,Monday,0,2025-12-15,Monday,2025-12,14,Midday,0,0,0.8167,0.8167,479,1,0.0,0,0,2025,12,December,Q4,BA:Blue-N | Midday,135,0.74,8.45,0.78,Acute,52.5,P3 - Reliability Watch,8.0,Not Late,Not Severe,Eligible
BA:1771492:20251216,2025-12-15,BA:Blue-N,901901,16:51:00,16:51:49,901302,17:02:00,17:02:49,60660,60709.0,61320,61369.0,11.0,11.0,0.8166666666666667,0.8166666666666667,0.0,2025-12,Monday,0,2025-12-15,Monday,2025-12,16,Evening Peak,0,1,0.8167,0.8167,479,1,0.0,0,0,2025,12,December,Q4,BA:Blue-N | Evening Peak,89,0.0,,0.11,Reliable,23.57,Monitor,11.0,Not Late,Not Severe,Eligible
BA:1771495:20251216,2025-12-15,BA:Blue-N,901901,17:51:00,17:51:49,901302,18:02:00,18:02:49,64260,64309.0,64920,64969.0,11.0,11.0,0.8166666666666667,0.8166666666666667,0.0,2025-12,Monday,0,2025-12-15,Monday,2025-12,17,Evening Peak,0,1,0.8167,0.8167,479,1,0.0,0,0,2025,12,December,Q4,BA:Blue-N | Evening Peak,89,0.0,,0.11,Reliable,23.57,Monitor,11.0,Not Late,Not Severe,Eligible
BA:1771827:20251216,2025-12-15,BA:Yellow-N,901902,18:18:00,18:18:47,901302,18:29:00,18:29:47,65880,65927.0,66540,66587.0,11.0,11.0,0.7833333333333333,0.7833333333333333,0.0,2025-12,Monday,0,2025-12-15,Monday,2025-12,18,Evening Peak,0,1,0.7833,1.4833,647,1,0.0,0,0,2025,12,December,Q4,BA:Yellow-N | Evening Peak,72,0.0,,0.0,Reliable,15.0,Monitor,13.0,Not Late,Not Severe,Eligible
BA:1771735:20251216,2025-12-16,BA:Yellow-N,901902,08:49:00,08:49:29,901302,08:59:00,09:00:29,31740,31769.0,32340,32429.0,10.0,11.0,1.4833333333333334,0.4833333333333333,1.0,2025-12,Tuesday,0,2025-12-16,Tuesday,2025-12,8,Morning Peak,1,0,1.4833,1.4833,647,1,0.0,0,0,2025,12,December,Q4,BA:Yellow-N | Morning Peak,75,0.0,,0.44,Reliable,30.0,Monitor,10.0,Not Late,Not Severe,Eligible
BA:1771801:20251216,2025-12-16,BA:Yellow-N,901902,09:40:00,09:41:05,901302,09:49:00,09:49:47,34800,34865.0,35340,35387.0,9.0,8.7,0.7833333333333333,1.0833333333333333,-0.3000000000000007,2025-12,Tuesday,0,2025-12-16,Tuesday,2025-12,9,Morning Peak,1,0,0.7833,1.4833,647,1,0.0,0,0,2025,12,December,Q4,BA:Yellow-N | Morning Peak,75,0.0,,0.44,Reliable,30.0,Monitor,10.0,Not Late,Not Severe,Eligible
BA:1771502:20251231,2025-12-17,BA:Blue-N,901901,20:17:00,20:17:25,901302,20:27:00,20:28:25,73020,73045.0,73620,73705.0,10.0,11.0,1.4166666666666667,0.4166666666666667,1.0,2025-12,Wednesday,0,2025-12-17,Wednesday,2025-12,20,Evening,0,0,1.4167,0.8167,479,1,0.6,0,0,2025,12,December,Q4,BA:Blue-N | Evening,103,2.91,5.87,5.12,Chronic,73.21,P2 - High Burden,4.0,Not Late,Not Severe,Eligible
BA:1771792:20251231,2025-12-17,BA:Yellow-N,901902,04:51:00,04:51:47,901302,04:59:00,05:00:29,17460,17507.0,17940,18029.0,8.0,8.7,1.4833333333333334,0.7833333333333333,0.6999999999999993,2025-12,Wednesday,0,2025-12-17,Wednesday,2025-12,4,Overnight,0,0,1.4833,1.4833,647,1,0.0,0,0,2025,12,December,Q4,BA:Yellow-N | Overnight,335,26.27,7.33,68.28,Chronic,95.71,P1 - Primary Hotspot,1.0,Not Late,Not Severe,Eligible
BA:1771781:20251216,2025-12-16,BA:Yellow-N,901902,24:08:00,24:09:47,901302,24:18:00,24:21:05,86880,86987.0,87480,87665.0,10.0,11.3,3.0833333333333335,1.7833333333333334,1.3000000000000007,2025-12,Tuesday,1,2025-12-17,Wednesday,2025-12,0,Overnight,0,0,3.0833,1.4833,647,1,1.6,0,0,2025,12,December,Q4,BA:Yellow-N | Overnight,335,26.27,7.33,68.28,Chronic,95.71,P1 - Primary Hotspot,1.0,Not Late,Not Severe,Eligible
BA:1771459:20251231,2025-12-18,BA:Blue-N,901901,05:31:00,05:31:49,901302,05:42:00,05:42:49,19860,19909.0,20520,20569.0,11.0,11.0,0.8166666666666667,0.8166666666666667,0.0,2025-12,Thursday,0,2025-12-18,Thursday,2025-12,5,Overnight,0,0,0.8167,0.8167,479,1,0.0,0,0,2025,12,December,Q4,BA:Blue-N | Overnight,64,0.0,,0.11,Reliable,23.57,Monitor,12.0,Not Late,Not Severe,Eligible
BA:1771466:20251231,2025-12-18,BA:Blue-N,901901,07:51:00,07:51:49,901302,08:02:00,08:02:49,28260,28309.0,28920,28969.0,11.0,11.0,0.8166666666666667,0.8166666666666667,0.0,2025-12,Thursday,0,2025-12-18,Thursday,2025-12,7,Morning Peak,1,0,0.8167,0.8167,479,1,0.0,0,0,2025,12,December,Q4,BA:Blue-N | Morning Peak,88,1.14,7.27,0.6,Chronic,47.86,P3 - Reliability Watch,9.0,Not Late,Not Severe,Eligible
BA:1771487:20251231,2025-12-18,BA:Blue-N,901901,14:51:00,14:51:49,901302,15:02:00,15:02:49,53460,53509.0,54120,54169.0,11.0,11.0,0.8166666666666667,0.8166666666666667,0.0,2025-12,Thursday,0,2025-12-18,Thursday,2025-12,14,Midday,0,0,0.8167,0.8167,479,1,0.0,0,0,2025,12,December,Q4,BA:Blue-N | Midday,135,0.74,8.45,0.78,Acute,52.5,P3 - Reliability Watch,8.0,Not Late,Not Severe,Eligible
BA:1771494:20251231,2025-12-18,BA:Blue-N,901901,17:31:00,17:31:49,901302,17:42:00,17:42:49,63060,63109.0,63720,63769.0,11.0,11.0,0.8166666666666667,0.8166666666666667,0.0,2025-12,Thursday,0,2025-12-18,Thursday,2025-12,17,Evening Peak,0,1,0.8167,0.8167,479,1,0.0,0,0,2025,12,December,Q4,BA:Blue-N | Evening Peak,89,0.0,,0.11,Reliable,23.57,Monitor,11.0,Not Late,Not Severe,Eligible
BA:1771781:20251231,2025-12-17,BA:Yellow-N,901902,24:08:00,24:10:28,901302,24:18:00,24:21:31,86880,87028.0,87480,87691.0,10.0,11.05,3.5166666666666666,2.466666666666667,1.0500000000000007,2025-12,Wednesday,1,2025-12-18,Thursday,2025-12,0,Overnight,0,0,3.5167,1.4833,647,1,2.0333,0,0,2025,12,December,Q4,BA:Yellow-N | Overnight,335,26.27,7.33,68.28,Chronic,95.71,P1 - Primary Hotspot,1.0,Not Late,Not Severe,Eligible
BA:1771732:20251231,2025-12-19,BA:Yellow-N,901902,07:49:00,07:49:29,901302,07:59:00,08:00:29,28140,28169.0,28740,28829.0,10.0,11.0,1.4833333333333334,0.4833333333333333,1.0,2025-12,Friday,0,2025-12-19,Friday,2025-12,7,Morning Peak,1,0,1.4833,1.4833,647,1,0.0,0,0,2025,12,December,Q4,BA:Yellow-N | Morning Peak,75,0.0,,0.44,Reliable,30.0,Monitor,10.0,Not Late,Not Severe,Eligible
BA:1771764:20251231,2025-12-19,BA:Yellow-N,901902,18:31:00,18:31:47,901302,18:39:00,18:40:29,66660,66707.0,67140,67229.0,8.0,8.7,1.4833333333333334,0.7833333333333333,0.6999999999999993,2025-12,Friday,0,2025-12-19,Friday,2025-12,18,Evening Peak,0,1,1.4833,1.4833,647,1,0.0,0,0,2025,12,December,Q4,BA:Yellow-N | Evening Peak,72,0.0,,0.0,Reliable,15.0,Monitor,13.0,Not Late,Not Severe,Eligible
BA:1771781:20251231,2025-12-18,BA:Yellow-N,901902,24:08:00,24:08:52,901302,24:18:00,24:19:45,86880,86932.0,87480,87585.0,10.0,10.883333333333333,1.75,0.8666666666666667,0.8833333333333329,2025-12,Thursday,1,2025-12-19,Friday,2025-12,0,Overnight,0,0,1.75,1.4833,647,1,0.2667,0,0,2025,12,December,Q4,BA:Yellow-N | Overnight,335,26.27,7.33,68.28,Chronic,95.71,P1 - Primary Hotspot,1.0,Not Late,Not Severe,Eligible
BA:1771781:20251231,2025-12-19,BA:Yellow-N,901902,24:08:00,24:10:57,901302,24:18:00,24:21:49,86880,87057.0,87480,87709.0,10.0,10.866666666666667,3.816666666666667,2.95,0.8666666666666671,2025-12,Friday,1,2025-12-20,Saturday,2025-12,0,Overnight,0,0,3.8167,1.4833,647,1,2.3333,0,0,2025,12,December,Q4,BA:Yellow-N | Overnight,335,26.27,7.33,68.28,Chronic,95.71,P1 - Primary Hotspot,1.0,Not Late,Not Severe,Eligible
BA:1771468:20251231,2025-12-22,BA:Blue-N,901901,08:31:00,08:31:49,901302,08:42:00,08:42:49,30660,30709.0,31320,31369.0,11.0,11.0,0.8166666666666667,0.8166666666666667,0.0,2025-12,Monday,0,2025-12-22,Monday,2025-12,8,Morning Peak,1,0,0.8167,0.8167,479,1,0.0,0,0,2025,12,December,Q4,BA:Blue-N | Morning Peak,88,1.14,7.27,0.6,Chronic,47.86,P3 - Reliability Watch,9.0,Not Late,Not Severe,Eligible
BA:1771477:20251231,2025-12-22,BA:Blue-N,901901,11:33:00,11:34:07,901302,11:42:00,11:42:49,41580,41647.0,42120,42169.0,9.0,8.7,0.8166666666666667,1.1166666666666667,-0.3000000000000007,2025-12,Monday,0,2025-12-22,Monday,2025-12,11,Midday,0,0,0.8167,0.8167,479,1,0.0,0,0,2025,12,December,Q4,BA:Blue-N | Midday,135,0.74,8.45,0.78,Acute,52.5,P3 - Reliability Watch,8.0,Not Late,Not Severe,Eligible
BA:1771505:20251231,2025-12-22,BA:Blue-N,901901,21:17:00,21:17:19,901302,21:27:00,21:28:19,76620,76639.0,77220,77299.0,10.0,11.0,1.3166666666666669,0.3166666666666666,1.0,2025-12,Monday,0,2025-12-22,Monday,2025-12,21,Evening,0,0,1.3167,0.8167,479,1,0.5,0,0,2025,12,December,Q4,BA:Blue-N | Evening,103,2.91,5.87,5.12,Chronic,73.21,P2 - High Burden,4.0,Not Late,Not Severe,Eligible
BA:1771460:20251231,2025-12-23,BA:Blue-N,901901,05:53:00,05:54:07,901302,06:02:00,06:02:49,21180,21247.0,21720,21769.0,9.0,8.7,0.8166666666666667,1.1166666666666667,-0.3000000000000007,2025-12,Tuesday,0,2025-12-23,Tuesday,2025-12,5,Overnight,0,0,0.8167,0.8167,479,1,0.0,0,0,2025,12,December,Q4,BA:Blue-N | Overnight,64,0.0,,0.11,Reliable,23.57,Monitor,12.0,Not Late,Not Severe,Eligible
BA:1771781:20251231,2025-12-22,BA:Yellow-N,901902,24:08:00,24:10:03,901302,24:18:00,24:20:45,86880,87003.0,87480,87645.0,10.0,10.7,2.75,2.05,0.6999999999999993,2025-12,Monday,1,2025-12-23,Tuesday,2025-12,0,Overnight,0,0,2.75,1.4833,647,1,1.2667,0,0,2025,12,December,Q4,BA:Yellow-N | Overnight,335,26.27,7.33,68.28,Chronic,95.71,P1 - Primary Hotspot,1.0,Not Late,Not Severe,Eligible
BA:1771479:20251231,2025-12-24,BA:Blue-N,901901,12:11:00,12:11:49,901302,12:22:00,12:22:49,43860,43909.0,44520,44569.0,11.0,11.0,0.8166666666666667,0.8166666666666667,0.0,2025-12,Wednesday,0,2025-12-24,Wednesday,2025-12,12,Midday,0,0,0.8167,0.8167,479,1,0.0,0,0,2025,12,December,Q4,BA:Blue-N | Midday,135,0.74,8.45,0.78,Acute,52.5,P3 - Reliability Watch,8.0,Not Late,Not Severe,Eligible
BA:1771792:20251231,2025-12-24,BA:Yellow-N,901902,04:49:00,04:49:29,901302,04:59:00,05:00:29,17340,17369.0,17940,18029.0,10.0,11.0,1.4833333333333334,0.4833333333333333,1.0,2025-12,Wednesday,0,2025-12-24,Wednesday,2025-12,4,Overnight,0,0,1.4833,1.4833,647,1,0.0,0,0,2025,12,December,Q4,BA:Yellow-N | Overnight,335,26.27,7.33,68.28,Chronic,95.71,P1 - Primary Hotspot,1.0,Not Late,Not Severe,Eligible
BA:1771735:20251231,2025-12-24,BA:Yellow-N,901902,08:49:00,08:49:29,901302,08:59:00,09:00:29,31740,31769.0,32340,32429.0,10.0,11.0,1.4833333333333334,0.4833333333333333,1.0,2025-12,Wednesday,0,2025-12-24,Wednesday,2025-12,8,Morning Peak,1,0,1.4833,1.4833,647,1,0.0,0,0,2025,12,December,Q4,BA:Yellow-N | Morning Peak,75,0.0,,0.44,Reliable,30.0,Monitor,10.0,Not Late,Not Severe,Eligible
BA:1771781:20251231,2025-12-23,BA:Yellow-N,901902,24:08:00,24:09:30,901302,24:18:00,24:20:27,86880,86970.0,87480,87627.0,10.0,10.95,2.45,1.5,0.9499999999999992,2025-12,Tuesday,1,2025-12-24,Wednesday,2025-12,0,Overnight,0,0,2.45,1.4833,647,1,0.9667,0,0,2025,12,December,Q4,BA:Yellow-N | Overnight,335,26.27,7.33,68.28,Chronic,95.71,P1 - Primary Hotspot,1.0,Not Late,Not Severe,Eligible
BA:1771781:20251231,2025-12-24,BA:Yellow-N,901902,24:08:00,24:11:25,901302,24:18:00,24:23:04,86880,87085.0,87480,87784.0,10.0,11.65,5.066666666666666,3.4166666666666665,1.6500000000000004,2025-12,Wednesday,1,2025-12-25,Thursday,2025-12,0,Overnight,0,0,5.0667,1.4833,647,1,3.5833,1,0,2025,12,December,Q4,BA:Yellow-N | Overnight,335,26.27,7.33,68.28,Chronic,95.71,P1 - Primary Hotspot,1.0,Late,Not Severe,Eligible
BA:1771458:20251231,2025-12-26,BA:Blue-N,901901,05:13:00,05:14:07,901302,05:22:00,05:22:49,18780,18847.0,19320,19369.0,9.0,8.7,0.8166666666666667,1.1166666666666667,-0.3000000000000007,2025-12,Friday,0,2025-12-26,Friday,2025-12,5,Overnight,0,0,0.8167,0.8167,479,1,0.0,0,0,2025,12,December,Q4,BA:Blue-N | Overnight,64,0.0,,0.11,Reliable,23.57,Monitor,12.0,Not Late,Not Severe,Eligible
BA:1771459:20251231,2025-12-26,BA:Blue-N,901901,05:31:00,05:31:49,901302,05:42:00,05:42:49,19860,19909.0,20520,20569.0,11.0,11.0,0.8166666666666667,0.8166666666666667,0.0,2025-12,Friday,0,2025-12-26,Friday,2025-12,5,Overnight,0,0,0.8167,0.8167,479,1,0.0,0,0,2025,12,December,Q4,BA:Blue-N | Overnight,64,0.0,,0.11,Reliable,23.57,Monitor,12.0,Not Late,Not Severe,Eligible
BA:1771461:20251231,2025-12-26,BA:Blue-N,901901,06:11:00,06:11:49,901302,06:22:00,06:22:49,22260,22309.0,22920,22969.0,11.0,11.0,0.8166666666666667,0.8166666666666667,0.0,2025-12,Friday,0,2025-12-26,Friday,2025-12,6,Overnight,0,0,0.8167,0.8167,479,1,0.0,0,0,2025,12,December,Q4,BA:Blue-N | Overnight,64,0.0,,0.11,Reliable,23.57,Monitor,12.0,Not Late,Not Severe,Eligible
BA:1771462:20251231,2025-12-26,BA:Blue-N,901901,06:31:00,06:31:49,901302,06:42:00,06:42:49,23460,23509.0,24120,24169.0,11.0,11.0,0.8166666666666667,0.8166666666666667,0.0,2025-12,Friday,0,2025-12-26,Friday,2025-12,6,Overnight,0,0,0.8167,0.8167,479,1,0.0,0,0,2025,12,December,Q4,BA:Blue-N | Overnight,64,0.0,,0.11,Reliable,23.57,Monitor,12.0,Not Late,Not Severe,Eligible
BA:1771509:20251231,2025-12-26,BA:Blue-N,901901,22:37:00,22:37:25,901302,22:47:00,22:48:25,81420,81445.0,82020,82105.0,10.0,11.0,1.4166666666666667,0.4166666666666667,1.0,2025-12,Friday,0,2025-12-26,Friday,2025-12,22,Evening,0,0,1.4167,0.8167,479,1,0.6,0,0,2025,12,December,Q4,BA:Blue-N | Evening,103,2.91,5.87,5.12,Chronic,73.21,P2 - High Burden,4.0,Not Late,Not Severe,Eligible
BA:1771510:20251231,2025-12-26,BA:Blue-N,901901,22:57:00,22:57:25,901302,23:07:00,23:08:25,82620,82645.0,83220,83305.0,10.0,11.0,1.4166666666666667,0.4166666666666667,1.0,2025-12,Friday,0,2025-12-26,Friday,2025-12,22,Evening,0,0,1.4167,0.8167,479,1,0.6,0,0,2025,12,December,Q4,BA:Blue-N | Evening,103,2.91,5.87,5.12,Chronic,73.21,P2 - High Burden,4.0,Not Late,Not Severe,Eligible
BA:1771811:20251231,2025-12-26,BA:Yellow-N,901902,12:58:00,12:58:47,901302,13:09:00,13:09:47,46680,46727.0,47340,47387.0,11.0,11.0,0.7833333333333333,0.7833333333333333,0.0,2025-12,Friday,0,2025-12-26,Friday,2025-12,12,Midday,0,0,0.7833,1.4833,647,1,0.0,0,0,2025,12,December,Q4,BA:Yellow-N | Midday,115,0.0,,0.0,Reliable,15.0,Monitor,14.0,Not Late,Not Severe,Eligible
BA:1771813:20251231,2025-12-26,BA:Yellow-N,901902,13:38:00,13:38:47,901302,13:49:00,13:49:47,49080,49127.0,49740,49787.0,11.0,11.0,0.7833333333333333,0.7833333333333333,0.0,2025-12,Friday,0,2025-12-26,Friday,2025-12,13,Midday,0,0,0.7833,1.4833,647,1,0.0,0,0,2025,12,December,Q4,BA:Yellow-N | Midday,115,0.0,,0.0,Reliable,15.0,Monitor,14.0,Not Late,Not Severe,Eligible
BA:1759638:20251231,2025-12-25,BA:Yellow-N,901902,24:08:00,24:09:22,901302,24:18:00,24:20:07,86880,86962.0,87480,87607.0,10.0,10.75,2.1166666666666667,1.3666666666666667,0.75,2025-12,Thursday,1,2025-12-26,Friday,2025-12,0,Overnight,0,0,2.1167,1.4833,647,1,0.6333,0,0,2025,12,December,Q4,BA:Yellow-N | Overnight,335,26.27,7.33,68.28,Chronic,95.71,P1 - Primary Hotspot,1.0,Not Late,Not Severe,Eligible
BA:1771781:20251231,2025-12-26,BA:Yellow-N,901902,24:08:00,24:09:05,901302,24:18:00,24:20:05,86880,86945.0,87480,87605.0,10.0,11.0,2.0833333333333335,1.0833333333333333,1.0,2025-12,Friday,1,2025-12-27,Saturday,2025-12,0,Overnight,0,0,2.0833,1.4833,647,1,0.6,0,0,2025,12,December,Q4,BA:Yellow-N | Overnight,335,26.27,7.33,68.28,Chronic,95.71,P1 - Primary Hotspot,1.0,Not Late,Not Severe,Eligible
BA:1771480:20251231,2025-12-29,BA:Blue-N,901901,12:31:00,12:31:49,901302,12:42:00,12:42:49,45060,45109.0,45720,45769.0,11.0,11.0,0.8166666666666667,0.8166666666666667,0.0,2025-12,Monday,0,2025-12-29,Monday,2025-12,12,Midday,0,0,0.8167,0.8167,479,1,0.0,0,0,2025,12,December,Q4,BA:Blue-N | Midday,135,0.74,8.45,0.78,Acute,52.5,P3 - Reliability Watch,8.0,Not Late,Not Severe,Eligible
BA:1771490:20251231,2025-12-29,BA:Blue-N,901901,15:56:00,15:56:49,901302,16:02:00,16:02:49,57360,57409.0,57720,57769.0,6.0,6.0,0.8166666666666667,0.8166666666666667,0.0,2025-12,Monday,0,2025-12-29,Monday,2025-12,15,Midday,0,0,0.8167,0.8167,479,1,0.0,0,0,2025,12,December,Q4,BA:Blue-N | Midday,135,0.74,8.45,0.78,Acute,52.5,P3 - Reliability Watch,8.0,Not Late,Not Severe,Eligible
BA:1771491:20251231,2025-12-29,BA:Blue-N,901901,16:16:00,16:16:49,901302,16:22:00,16:22:49,58560,58609.0,58920,58969.0,6.0,6.0,0.8166666666666667,0.8166666666666667,0.0,2025-12,Monday,0,2025-12-29,Monday,2025-12,16,Evening Peak,0,1,0.8167,0.8167,479,1,0.0,0,0,2025,12,December,Q4,BA:Blue-N | Evening Peak,89,0.0,,0.11,Reliable,23.57,Monitor,11.0,Not Late,Not Severe,Eligible
BA:1771457:20251231,2025-12-29,BA:Blue-N,901901,16:31:00,16:31:49,901302,16:42:00,16:42:49,59460,59509.0,60120,60169.0,11.0,11.0,0.8166666666666667,0.8166666666666667,0.0,2025-12,Monday,0,2025-12-29,Monday,2025-12,16,Evening Peak,0,1,0.8167,0.8167,479,1,0.0,0,0,2025,12,December,Q4,BA:Blue-N | Evening Peak,89,0.0,,0.11,Reliable,23.57,Monitor,11.0,Not Late,Not Severe,Eligible
BA:1771494:20251231,2025-12-29,BA:Blue-N,901901,17:33:00,17:34:07,901302,17:42:00,17:42:49,63180,63247.0,63720,63769.0,9.0,8.7,0.8166666666666667,1.1166666666666667,-0.3000000000000007,2025-12,Monday,0,2025-12-29,Monday,2025-12,17,Evening Peak,0,1,0.8167,0.8167,479,1,0.0,0,0,2025,12,December,Q4,BA:Blue-N | Evening Peak,89,0.0,,0.11,Reliable,23.57,Monitor,11.0,Not Late,Not Severe,Eligible
BA:1771498:20251231,2025-12-29,BA:Blue-N,901901,18:51:00,18:51:49,901302,19:02:00,19:02:49,67860,67909.0,68520,68569.0,11.0,11.0,0.8166666666666667,0.8166666666666667,0.0,2025-12,Monday,0,2025-12-29,Monday,2025-12,18,Evening Peak,0,1,0.8167,0.8167,479,1,0.0,0,0,2025,12,December,Q4,BA:Blue-N | Evening Peak,89,0.0,,0.11,Reliable,23.57,Monitor,11.0,Not Late,Not Severe,Eligible
BA:1771500:20251231,2025-12-29,BA:Blue-N,901901,19:31:00,19:31:49,901302,19:42:00,19:42:49,70260,70309.0,70920,70969.0,11.0,11.0,0.8166666666666667,0.8166666666666667,0.0,2025-12,Monday,0,2025-12-29,Monday,2025-12,19,Evening,0,0,0.8167,0.8167,479,1,0.0,0,0,2025,12,December,Q4,BA:Blue-N | Evening,103,2.91,5.87,5.12,Chronic,73.21,P2 - High Burden,4.0,Not Late,Not Severe,Eligible
BA:1771498:20251231,2025-12-30,BA:Blue-N,901901,18:51:00,18:51:49,901302,19:02:00,19:02:49,67860,67909.0,68520,68569.0,11.0,11.0,0.8166666666666667,0.8166666666666667,0.0,2025-12,Tuesday,0,2025-12-30,Tuesday,2025-12,18,Evening Peak,0,1,0.8167,0.8167,479,1,0.0,0,0,2025,12,December,Q4,BA:Blue-N | Evening Peak,89,0.0,,0.11,Reliable,23.57,Monitor,11.0,Not Late,Not Severe,Eligible
BA:1771781:20251231,2025-12-29,BA:Yellow-N,901902,24:08:00,24:12:25,901302,24:18:00,24:23:24,86880,87145.0,87480,87804.0,10.0,10.983333333333333,5.4,4.416666666666667,0.9833333333333324,2025-12,Monday,1,2025-12-30,Tuesday,2025-12,0,Overnight,0,0,5.4,1.4833,647,1,3.9167,1,0,2025,12,December,Q4,BA:Yellow-N | Overnight,335,26.27,7.33,68.28,Chronic,95.71,P1 - Primary Hotspot,1.0,Late,Not Severe,Eligible
BA:1771781:20251231,2025-12-30,BA:Yellow-N,901902,24:08:00,24:10:51,901302,24:18:00,24:22:02,86880,87051.0,87480,87722.0,10.0,11.183333333333334,4.033333333333333,2.85,1.1833333333333336,2025-12,Tuesday,1,2025-12-31,Wednesday,2025-12,0,Overnight,0,0,4.0333,1.4833,647,1,2.55,0,0,2025,12,December,Q4,BA:Yellow-N | Overnight,335,26.27,7.33,68.28,Chronic,95.71,P1 - Primary Hotspot,1.0,Not Late,Not Severe,Eligible
BA:1760123:20260102,2026-01-01,BA:Blue-N,901901,19:11:00,19:11:49,901302,19:22:00,19:22:49,69060,69109.0,69720,69769.0,11.0,11.0,0.8166666666666667,0.8166666666666667,0.0,2026-01,Thursday,0,2026-01-01,Thursday,2026-01,19,Evening,0,0,0.8167,0.8167,479,1,0.0,0,0,2026,1,January,Q1,BA:Blue-N | Evening,103,2.91,5.87,5.12,Chronic,73.21,P2 - High Burden,4.0,Not Late,Not Severe,Eligible
BA:1760124:20260102,2026-01-01,BA:Blue-N,901901,19:33:00,19:34:07,901302,19:42:00,19:42:49,70380,70447.0,70920,70969.0,9.0,8.7,0.8166666666666667,1.1166666666666667,-0.3000000000000007,2026-01,Thursday,0,2026-01-01,Thursday,2026-01,19,Evening,0,0,0.8167,0.8167,479,1,0.0,0,0,2026,1,January,Q1,BA:Blue-N | Evening,103,2.91,5.87,5.12,Chronic,73.21,P2 - High Burden,4.0,Not Late,Not Severe,Eligible
BA:1760129:20260102,2026-01-01,BA:Blue-N,901901,21:17:00,21:17:19,901302,21:27:00,21:28:19,76620,76639.0,77220,77299.0,10.0,11.0,1.3166666666666669,0.3166666666666666,1.0,2026-01,Thursday,0,2026-01-01,Thursday,2026-01,21,Evening,0,0,1.3167,0.8167,479,1,0.5,0,0,2026,1,January,Q1,BA:Blue-N | Evening,103,2.91,5.87,5.12,Chronic,73.21,P2 - High Burden,4.0,Not Late,Not Severe,Eligible
BA:1759638:20260102,2026-01-01,BA:Yellow-N,901902,24:08:00,24:09:31,901302,24:18:00,24:20:09,86880,86971.0,87480,87609.0,10.0,10.633333333333333,2.15,1.5166666666666666,0.6333333333333329,2026-01,Thursday,1,2026-01-02,Friday,2026-01,0,Overnight,0,0,2.15,1.4833,647,1,0.6667,0,0,2026,1,January,Q1,BA:Yellow-N | Overnight,335,26.27,7.33,68.28,Chronic,95.71,P1 - Primary Hotspot,1.0,Not Late,Not Severe,Eligible
BA:1771781:20260102,2026-01-02,BA:Yellow-N,901902,24:08:00,24:09:11,901302,24:18:00,24:20:04,86880,86951.0,87480,87604.0,10.0,10.883333333333333,2.066666666666667,1.1833333333333331,0.8833333333333329,2026-01,Friday,1,2026-01-03,Saturday,2026-01,0,Overnight,0,0,2.0667,1.4833,647,1,0.5833,0,0,2026,1,January,Q1,BA:Yellow-N | Overnight,335,26.27,7.33,68.28,Chronic,95.71,P1 - Primary Hotspot,1.0,Not Late,Not Severe,Eligible
BA:1771823:20260131,2026-01-05,BA:Yellow-N,901902,16:58:00,16:58:47,901302,17:09:00,17:09:47,61080,61127.0,61740,61787.0,11.0,11.0,0.7833333333333333,0.7833333333333333,0.0,2026-01,Monday,0,2026-01-05,Monday,2026-01,16,Evening Peak,0,1,0.7833,1.4833,647,1,0.0,0,0,2026,1,January,Q1,BA:Yellow-N | Evening Peak,72,0.0,,0.0,Reliable,15.0,Monitor,13.0,Not Late,Not Severe,Eligible
BA:1771827:20260131,2026-01-05,BA:Yellow-N,901902,18:18:00,18:18:47,901302,18:29:00,18:29:47,65880,65927.0,66540,66587.0,11.0,11.0,0.7833333333333333,0.7833333333333333,0.0,2026-01,Monday,0,2026-01-05,Monday,2026-01,18,Evening Peak,0,1,0.7833,1.4833,647,1,0.0,0,0,2026,1,January,Q1,BA:Yellow-N | Evening Peak,72,0.0,,0.0,Reliable,15.0,Monitor,13.0,Not Late,Not Severe,Eligible
BA:1771796:20260131,2026-01-06,BA:Yellow-N,901902,07:38:00,07:38:47,901302,07:49:00,07:49:47,27480,27527.0,28140,28187.0,11.0,11.0,0.7833333333333333,0.7833333333333333,0.0,2026-01,Tuesday,0,2026-01-06,Tuesday,2026-01,7,Morning Peak,1,0,0.7833,1.4833,647,1,0.0,0,0,2026,1,January,Q1,BA:Yellow-N | Morning Peak,75,0.0,,0.44,Reliable,30.0,Monitor,10.0,Not Late,Not Severe,Eligible
BA:1771798:20260131,2026-01-06,BA:Yellow-N,901902,08:38:00,08:38:47,901302,08:49:00,08:49:47,31080,31127.0,31740,31787.0,11.0,11.0,0.7833333333333333,0.7833333333333333,0.0,2026-01,Tuesday,0,2026-01-06,Tuesday,2026-01,8,Morning Peak,1,0,0.7833,1.4833,647,1,0.0,0,0,2026,1,January,Q1,BA:Yellow-N | Morning Peak,75,0.0,,0.44,Reliable,30.0,Monitor,10.0,Not Late,Not Severe,Eligible
BA:1771781:20260131,2026-01-05,BA:Yellow-N,901902,24:08:00,24:09:03,901302,24:18:00,24:24:27,86880,86943.0,87480,87867.0,10.0,15.4,6.45,1.05,5.4,2026-01,Monday,1,2026-01-06,Tuesday,2026-01,0,Overnight,0,0,6.45,1.4833,647,1,4.9667,1,0,2026,1,January,Q1,BA:Yellow-N | Overnight,335,26.27,7.33,68.28,Chronic,95.71,P1 - Primary Hotspot,1.0,Late,Not Severe,Eligible
BA:1771781:20260131,2026-01-06,BA:Yellow-N,901902,24:08:00,24:13:55,901302,24:18:00,24:24:57,86880,87235.0,87480,87897.0,10.0,11.033333333333331,6.95,5.916666666666667,1.0333333333333332,2026-01,Tuesday,1,2026-01-07,Wednesday,2026-01,0,Overnight,0,0,6.95,1.4833,647,1,5.4667,1,0,2026,1,January,Q1,BA:Yellow-N | Overnight,335,26.27,7.33,68.28,Chronic,95.71,P1 - Primary Hotspot,1.0,Late,Not Severe,Eligible
BA:1771792:20260131,2026-01-08,BA:Yellow-N,901902,04:49:00,04:49:29,901302,04:59:00,05:00:29,17340,17369.0,17940,18029.0,10.0,11.0,1.4833333333333334,0.4833333333333333,1.0,2026-01,Thursday,0,2026-01-08,Thursday,2026-01,4,Overnight,0,0,1.4833,1.4833,647,1,0.0,0,0,2026,1,January,Q1,BA:Yellow-N | Overnight,335,26.27,7.33,68.28,Chronic,95.71,P1 - Primary Hotspot,1.0,Not Late,Not Severe,Eligible
BA:1771781:20260131,2026-01-07,BA:Yellow-N,901902,24:08:00,24:10:10,901302,24:18:00,24:20:34,86880,87010.0,87480,87634.0,10.0,10.4,2.566666666666667,2.1666666666666665,0.4000000000000003,2026-01,Wednesday,1,2026-01-08,Thursday,2026-01,0,Overnight,0,0,2.5667,1.4833,647,1,1.0833,0,0,2026,1,January,Q1,BA:Yellow-N | Overnight,335,26.27,7.33,68.28,Chronic,95.71,P1 - Primary Hotspot,1.0,Not Late,Not Severe,Eligible
BA:1771471:20260131,2026-01-09,BA:Blue-N,901901,09:38:00,09:38:49,901302,09:42:00,09:42:49,34680,34729.0,34920,34969.0,4.0,4.0,0.8166666666666667,0.8166666666666667,0.0,2026-01,Friday,0,2026-01-09,Friday,2026-01,9,Morning Peak,1,0,0.8167,0.8167,479,1,0.0,0,0,2026,1,January,Q1,BA:Blue-N | Morning Peak,88,1.14,7.27,0.6,Chronic,47.86,P3 - Reliability Watch,9.0,Not Late,Not Severe,Eligible
BA:1771479:20260131,2026-01-09,BA:Blue-N,901901,12:16:00,12:16:49,901302,12:22:00,12:22:49,44160,44209.0,44520,44569.0,6.0,6.0,0.8166666666666667,0.8166666666666667,0.0,2026-01,Friday,0,2026-01-09,Friday,2026-01,12,Midday,0,0,0.8167,0.8167,479,1,0.0,0,0,2026,1,January,Q1,BA:Blue-N | Midday,135,0.74,8.45,0.78,Acute,52.5,P3 - Reliability Watch,8.0,Not Late,Not Severe,Eligible
BA:1771490:20260131,2026-01-09,BA:Blue-N,901901,15:51:00,15:51:49,901302,16:02:00,16:02:49,57060,57109.0,57720,57769.0,11.0,11.0,0.8166666666666667,0.8166666666666667,0.0,2026-01,Friday,0,2026-01-09,Friday,2026-01,15,Midday,0,0,0.8167,0.8167,479,1,0.0,0,0,2026,1,January,Q1,BA:Blue-N | Midday,135,0.74,8.45,0.78,Acute,52.5,P3 - Reliability Watch,8.0,Not Late,Not Severe,Eligible
BA:1771792:20260131,2026-01-09,BA:Yellow-N,901902,04:49:00,04:49:29,901302,04:59:00,05:00:29,17340,17369.0,17940,18029.0,10.0,11.0,1.4833333333333334,0.4833333333333333,1.0,2026-01,Friday,0,2026-01-09,Friday,2026-01,4,Overnight,0,0,1.4833,1.4833,647,1,0.0,0,0,2026,1,January,Q1,BA:Yellow-N | Overnight,335,26.27,7.33,68.28,Chronic,95.71,P1 - Primary Hotspot,1.0,Not Late,Not Severe,Eligible
BA:1771781:20260131,2026-01-08,BA:Yellow-N,901902,24:08:00,24:11:32,901302,24:18:00,24:22:34,86880,87092.0,87480,87754.0,10.0,11.033333333333331,4.566666666666666,3.533333333333333,1.0333333333333332,2026-01,Thursday,1,2026-01-09,Friday,2026-01,0,Overnight,0,0,4.5667,1.4833,647,1,3.0833,0,0,2026,1,January,Q1,BA:Yellow-N | Overnight,335,26.27,7.33,68.28,Chronic,95.71,P1 - Primary Hotspot,1.0,Not Late,Not Severe,Eligible
BA:1771781:20260131,2026-01-09,BA:Yellow-N,901902,24:08:00,24:10:49,901302,24:18:00,24:21:42,86880,87049.0,87480,87702.0,10.0,10.883333333333333,3.7,2.816666666666667,0.8833333333333329,2026-01,Friday,1,2026-01-10,Saturday,2026-01,0,Overnight,0,0,3.7,1.4833,647,1,2.2167,0,0,2026,1,January,Q1,BA:Yellow-N | Overnight,335,26.27,7.33,68.28,Chronic,95.71,P1 - Primary Hotspot,1.0,Not Late,Not Severe,Eligible
BA:1841924:20260131,2026-01-12,BA:Blue-N,901901,07:16:00,07:16:49,901302,07:22:00,07:22:49,26160,26209.0,26520,26569.0,6.0,6.0,0.8166666666666667,0.8166666666666667,0.0,2026-01,Monday,0,2026-01-12,Monday,2026-01,7,Morning Peak,1,0,0.8167,0.8167,479,1,0.0,0,0,2026,1,January,Q1,BA:Blue-N | Morning Peak,88,1.14,7.27,0.6,Chronic,47.86,P3 - Reliability Watch,9.0,Not Late,Not Severe,Eligible
BA:1841934:20260131,2026-01-12,BA:Blue-N,901901,10:36:00,10:36:49,901302,10:42:00,10:42:49,38160,38209.0,38520,38569.0,6.0,6.0,0.8166666666666667,0.8166666666666667,0.0,2026-01,Monday,0,2026-01-12,Monday,2026-01,10,Midday,0,0,0.8167,0.8167,479,1,0.0,0,0,2026,1,January,Q1,BA:Blue-N | Midday,135,0.74,8.45,0.78,Acute,52.5,P3 - Reliability Watch,8.0,Not Late,Not Severe,Eligible
BA:1842267:20260131,2026-01-13,BA:Yellow-N,901902,10:39:00,10:40:05,901302,10:48:00,10:48:47,38340,38405.0,38880,38927.0,9.0,8.7,0.7833333333333333,1.0833333333333333,-0.3000000000000007,2026-01,Tuesday,0,2026-01-13,Tuesday,2026-01,10,Midday,0,0,0.7833,1.4833,647,1,0.0,0,0,2026,1,January,Q1,BA:Yellow-N | Midday,115,0.0,,0.0,Reliable,15.0,Monitor,14.0,Not Late,Not Severe,Eligible
BA:1842244:20260131,2026-01-12,BA:Yellow-N,901902,24:08:00,24:15:23,901302,24:18:00,24:26:18,86880,87323.0,87480,87978.0,10.0,10.916666666666666,8.3,7.383333333333334,0.916666666666666,2026-01,Monday,1,2026-01-13,Tuesday,2026-01,0,Overnight,0,0,8.3,1.4833,647,1,6.8167,1,0,2026,1,January,Q1,BA:Yellow-N | Overnight,335,26.27,7.33,68.28,Chronic,95.71,P1 - Primary Hotspot,1.0,Late,Not Severe,Eligible
BA:1842244:20260131,2026-01-13,BA:Yellow-N,901902,24:08:00,24:19:41,901302,24:18:00,24:31:07,86880,87581.0,87480,88267.0,10.0,11.433333333333334,13.116666666666667,11.683333333333334,1.4333333333333336,2026-01,Tuesday,1,2026-01-14,Wednesday,2026-01,0,Overnight,0,0,13.1167,1.4833,647,1,11.6333,1,1,2026,1,January,Q1,BA:Yellow-N | Overnight,335,26.27,7.33,68.28,Chronic,95.71,P1 - Primary Hotspot,1.0,Late,Severe Delay,Eligible
BA:1841917:20260131,2026-01-15,BA:Blue-N,901901,16:31:00,16:31:49,901302,16:42:00,16:42:49,59460,59509.0,60120,60169.0,11.0,11.0,0.8166666666666667,0.8166666666666667,0.0,2026-01,Thursday,0,2026-01-15,Thursday,2026-01,16,Evening Peak,0,1,0.8167,0.8167,479,1,0.0,0,0,2026,1,January,Q1,BA:Blue-N | Evening Peak,89,0.0,,0.11,Reliable,23.57,Monitor,11.0,Not Late,Not Severe,Eligible
BA:1841953:20260131,2026-01-15,BA:Blue-N,901901,17:11:00,17:11:49,901302,17:22:00,17:22:49,61860,61909.0,62520,62569.0,11.0,11.0,0.8166666666666667,0.8166666666666667,0.0,2026-01,Thursday,0,2026-01-15,Thursday,2026-01,17,Evening Peak,0,1,0.8167,0.8167,479,1,0.0,0,0,2026,1,January,Q1,BA:Blue-N | Evening Peak,89,0.0,,0.11,Reliable,23.57,Monitor,11.0,Not Late,Not Severe,Eligible
BA:1841955:20260131,2026-01-15,BA:Blue-N,901901,17:51:00,17:51:49,901302,18:02:00,18:02:49,64260,64309.0,64920,64969.0,11.0,11.0,0.8166666666666667,0.8166666666666667,0.0,2026-01,Thursday,0,2026-01-15,Thursday,2026-01,17,Evening Peak,0,1,0.8167,0.8167,479,1,0.0,0,0,2026,1,January,Q1,BA:Blue-N | Evening Peak,89,0.0,,0.11,Reliable,23.57,Monitor,11.0,Not Late,Not Severe,Eligible
BA:1841742:20260131,2026-01-15,BA:Red-N,901902,08:23:00,08:26:11,901302,08:34:00,08:37:43,30180,30371.0,30840,31063.0,11.0,11.533333333333331,3.716666666666667,3.183333333333333,0.5333333333333332,2026-01,Thursday,0,2026-01-15,Thursday,2026-01,8,Morning Peak,1,0,3.7167,4.0,7,0,0.0,0,0,2026,1,January,Q1,BA:Red-N | Morning Peak,3,33.33,11.9,0.65,Insufficient Sample,,Insufficient Sample,,Not Late,Not Severe,Insufficient Sample
BA:1842197:20260131,2026-01-15,BA:Yellow-N,901902,08:29:00,08:29:56,901302,08:39:00,08:40:58,30540,30596.0,31140,31258.0,10.0,11.033333333333331,1.9666666666666663,0.9333333333333332,1.0333333333333332,2026-01,Thursday,0,2026-01-15,Thursday,2026-01,8,Morning Peak,1,0,1.9667,1.4833,647,1,0.4833,0,0,2026,1,January,Q1,BA:Yellow-N | Morning Peak,75,0.0,,0.44,Reliable,30.0,Monitor,10.0,Not Late,Not Severe,Eligible
BA:1842202:20260131,2026-01-15,BA:Yellow-N,901902,10:09:00,10:09:29,901302,10:19:00,10:20:29,36540,36569.0,37140,37229.0,10.0,11.0,1.4833333333333334,0.4833333333333333,1.0,2026-01,Thursday,0,2026-01-15,Thursday,2026-01,10,Midday,0,0,1.4833,1.4833,647,1,0.0,0,0,2026,1,January,Q1,BA:Yellow-N | Midday,115,0.0,,0.0,Reliable,15.0,Monitor,14.0,Not Late,Not Severe,Eligible
BA:1842213:20260131,2026-01-15,BA:Yellow-N,901902,13:49:00,13:49:29,901302,13:59:00,14:00:29,49740,49769.0,50340,50429.0,10.0,11.0,1.4833333333333334,0.4833333333333333,1.0,2026-01,Thursday,0,2026-01-15,Thursday,2026-01,13,Midday,0,0,1.4833,1.4833,647,1,0.0,0,0,2026,1,January,Q1,BA:Yellow-N | Midday,115,0.0,,0.0,Reliable,15.0,Monitor,14.0,Not Late,Not Severe,Eligible
BA:1842226:20260131,2026-01-15,BA:Yellow-N,901902,18:09:00,18:09:29,901302,18:19:00,18:20:29,65340,65369.0,65940,66029.0,10.0,11.0,1.4833333333333334,0.4833333333333333,1.0,2026-01,Thursday,0,2026-01-15,Thursday,2026-01,18,Evening Peak,0,1,1.4833,1.4833,647,1,0.0,0,0,2026,1,January,Q1,BA:Yellow-N | Evening Peak,72,0.0,,0.0,Reliable,15.0,Monitor,13.0,Not Late,Not Severe,Eligible
BA:1842228:20260131,2026-01-15,BA:Yellow-N,901902,18:49:00,18:49:29,901302,18:59:00,19:00:29,67740,67769.0,68340,68429.0,10.0,11.0,1.4833333333333334,0.4833333333333333,1.0,2026-01,Thursday,0,2026-01-15,Thursday,2026-01,18,Evening Peak,0,1,1.4833,1.4833,647,1,0.0,0,0,2026,1,January,Q1,BA:Yellow-N | Evening Peak,72,0.0,,0.0,Reliable,15.0,Monitor,13.0,Not Late,Not Severe,Eligible
BA:1842244:20260131,2026-01-14,BA:Yellow-N,901902,24:08:00,24:13:46,901302,24:18:00,24:24:42,86880,87226.0,87480,87882.0,10.0,10.933333333333334,6.7,5.766666666666667,0.9333333333333336,2026-01,Wednesday,1,2026-01-15,Thursday,2026-01,0,Overnight,0,0,6.7,1.4833,647,1,5.2167,1,0,2026,1,January,Q1,BA:Yellow-N | Overnight,335,26.27,7.33,68.28,Chronic,95.71,P1 - Primary Hotspot,1.0,Late,Not Severe,Eligible
BA:1842244:20260131,2026-01-15,BA:Yellow-N,901902,24:08:00,24:14:53,901302,24:18:00,24:26:05,86880,87293.0,87480,87965.0,10.0,11.2,8.083333333333334,6.883333333333334,1.1999999999999993,2026-01,Thursday,1,2026-01-16,Friday,2026-01,0,Overnight,0,0,8.0833,1.4833,647,1,6.6,1,0,2026,1,January,Q1,BA:Yellow-N | Overnight,335,26.27,7.33,68.28,Chronic,95.71,P1 - Primary Hotspot,1.0,Late,Not Severe,Eligible
BA:1842244:20260131,2026-01-16,BA:Yellow-N,901902,24:08:00,24:09:22,901302,24:18:00,24:21:14,86880,86962.0,87480,87674.0,10.0,11.866666666666667,3.2333333333333334,1.3666666666666667,1.8666666666666671,2026-01,Friday,1,2026-01-17,Saturday,2026-01,0,Overnight,0,0,3.2333,1.4833,647,1,1.75,0,0,2026,1,January,Q1,BA:Yellow-N | Overnight,335,26.27,7.33,68.28,Chronic,95.71,P1 - Primary Hotspot,1.0,Not Late,Not Severe,Eligible
BA:1848747:20260131,2026-01-19,BA:Blue-N,901901,16:51:00,16:51:49,901302,17:02:00,17:02:49,60660,60709.0,61320,61369.0,11.0,11.0,0.8166666666666667,0.8166666666666667,0.0,2026-01,Monday,0,2026-01-19,Monday,2026-01,16,Evening Peak,0,1,0.8167,0.8167,479,1,0.0,0,0,2026,1,January,Q1,BA:Blue-N | Evening Peak,89,0.0,,0.11,Reliable,23.57,Monitor,11.0,Not Late,Not Severe,Eligible
BA:1848750:20260131,2026-01-19,BA:Blue-N,901901,17:51:00,17:51:49,901302,18:02:00,18:02:49,64260,64309.0,64920,64969.0,11.0,11.0,0.8166666666666667,0.8166666666666667,0.0,2026-01,Monday,0,2026-01-19,Monday,2026-01,17,Evening Peak,0,1,0.8167,0.8167,479,1,0.0,0,0,2026,1,January,Q1,BA:Blue-N | Evening Peak,89,0.0,,0.11,Reliable,23.57,Monitor,11.0,Not Late,Not Severe,Eligible
BA:1848760:20260131,2026-01-19,BA:Blue-N,901901,21:17:00,21:17:19,901302,21:27:00,21:28:19,76620,76639.0,77220,77299.0,10.0,11.0,1.3166666666666669,0.3166666666666666,1.0,2026-01,Monday,0,2026-01-19,Monday,2026-01,21,Evening,0,0,1.3167,0.8167,479,1,0.5,0,0,2026,1,January,Q1,BA:Blue-N | Evening,103,2.91,5.87,5.12,Chronic,73.21,P2 - High Burden,4.0,Not Late,Not Severe,Eligible
BA:1848766:20260131,2026-01-19,BA:Blue-N,901901,23:17:00,23:17:25,901302,23:27:00,23:28:25,83820,83845.0,84420,84505.0,10.0,11.0,1.4166666666666667,0.4166666666666667,1.0,2026-01,Monday,0,2026-01-19,Monday,2026-01,23,Evening,0,0,1.4167,0.8167,479,1,0.6,0,0,2026,1,January,Q1,BA:Blue-N | Evening,103,2.91,5.87,5.12,Chronic,73.21,P2 - High Burden,4.0,Not Late,Not Severe,Eligible
BA:1849248:20260131,2026-01-19,BA:Yellow-N,901902,23:48:00,24:10:53,901302,23:58:00,24:22:00,85680,87053.0,86280,87720.0,10.0,11.116666666666667,24.0,22.883333333333333,1.1166666666666671,2026-01,Monday,0,2026-01-19,Monday,2026-01,23,Evening,0,0,24.0,1.4833,647,1,22.5167,1,1,2026,1,January,Q1,BA:Yellow-N | Evening,50,2.0,24.0,1.84,Critical,67.86,P3 - Reliability Watch,6.0,Late,Severe Delay,Eligible
BA:1842254:20260131,2026-01-20,BA:Yellow-N,901902,04:57:00,04:57:41,901302,05:08:00,05:08:41,17820,17861.0,18480,18521.0,11.0,11.0,0.6833333333333333,0.6833333333333333,0.0,2026-01,Tuesday,0,2026-01-20,Tuesday,2026-01,4,Overnight,0,0,0.6833,1.4833,647,1,0.0,0,0,2026,1,January,Q1,BA:Yellow-N | Overnight,335,26.27,7.33,68.28,Chronic,95.71,P1 - Primary Hotspot,1.0,Not Late,Not Severe,Eligible
BA:1842250:20260131,2026-01-20,BA:Yellow-N,901902,05:11:00,05:11:47,901302,05:19:00,05:20:29,18660,18707.0,19140,19229.0,8.0,8.7,1.4833333333333334,0.7833333333333333,0.6999999999999993,2026-01,Tuesday,0,2026-01-20,Tuesday,2026-01,5,Overnight,0,0,1.4833,1.4833,647,1,0.0,0,0,2026,1,January,Q1,BA:Yellow-N | Overnight,335,26.27,7.33,68.28,Chronic,95.71,P1 - Primary Hotspot,1.0,Not Late,Not Severe,Eligible
BA:1849249:20260131,2026-01-19,BA:Yellow-N,901902,24:08:00,24:13:09,901302,24:18:00,24:24:51,86880,87189.0,87480,87891.0,10.0,11.7,6.85,5.15,1.6999999999999993,2026-01,Monday,1,2026-01-20,Tuesday,2026-01,0,Overnight,0,0,6.85,1.4833,647,1,5.3667,1,0,2026,1,January,Q1,BA:Yellow-N | Overnight,335,26.27,7.33,68.28,Chronic,95.71,P1 - Primary Hotspot,1.0,Late,Not Severe,Eligible
BA:1842211:20260131,2026-01-21,BA:Yellow-N,901902,13:09:00,13:09:29,901302,13:19:00,13:20:29,47340,47369.0,47940,48029.0,10.0,11.0,1.4833333333333334,0.4833333333333333,1.0,2026-01,Wednesday,0,2026-01-21,Wednesday,2026-01,13,Midday,0,0,1.4833,1.4833,647,1,0.0,0,0,2026,1,January,Q1,BA:Yellow-N | Midday,115,0.0,,0.0,Reliable,15.0,Monitor,14.0,Not Late,Not Severe,Eligible
BA:1842217:20260131,2026-01-21,BA:Yellow-N,901902,15:09:00,15:09:29,901302,15:19:00,15:20:29,54540,54569.0,55140,55229.0,10.0,11.0,1.4833333333333334,0.4833333333333333,1.0,2026-01,Wednesday,0,2026-01-21,Wednesday,2026-01,15,Midday,0,0,1.4833,1.4833,647,1,0.0,0,0,2026,1,January,Q1,BA:Yellow-N | Midday,115,0.0,,0.0,Reliable,15.0,Monitor,14.0,Not Late,Not Severe,Eligible
BA:1842244:20260131,2026-01-20,BA:Yellow-N,901902,24:08:00,24:12:13,901302,24:18:00,24:23:23,86880,87133.0,87480,87803.0,10.0,11.166666666666666,5.383333333333334,4.216666666666667,1.166666666666666,2026-01,Tuesday,1,2026-01-21,Wednesday,2026-01,0,Overnight,0,0,5.3833,1.4833,647,1,3.9,1,0,2026,1,January,Q1,BA:Yellow-N | Overnight,335,26.27,7.33,68.28,Chronic,95.71,P1 - Primary Hotspot,1.0,Late,Not Severe,Eligible
BA:1842244:20260131,2026-01-21,BA:Yellow-N,901902,24:08:00,24:16:39,901302,24:18:00,24:27:26,86880,87399.0,87480,88046.0,10.0,10.783333333333331,9.433333333333334,8.65,0.7833333333333332,2026-01,Wednesday,1,2026-01-22,Thursday,2026-01,0,Overnight,0,0,9.4333,1.4833,647,1,7.95,1,0,2026,1,January,Q1,BA:Yellow-N | Overnight,335,26.27,7.33,68.28,Chronic,95.71,P1 - Primary Hotspot,1.0,Late,Not Severe,Eligible
BA:1841926:20260131,2026-01-23,BA:Blue-N,901901,07:51:00,07:51:49,901302,08:02:00,08:02:49,28260,28309.0,28920,28969.0,11.0,11.0,0.8166666666666667,0.8166666666666667,0.0,2026-01,Friday,0,2026-01-23,Friday,2026-01,7,Morning Peak,1,0,0.8167,0.8167,479,1,0.0,0,0,2026,1,January,Q1,BA:Blue-N | Morning Peak,88,1.14,7.27,0.6,Chronic,47.86,P3 - Reliability Watch,9.0,Not Late,Not Severe,Eligible
BA:1841929:20260131,2026-01-23,BA:Blue-N,901901,08:51:00,08:51:49,901302,09:02:00,09:02:49,31860,31909.0,32520,32569.0,11.0,11.0,0.8166666666666667,0.8166666666666667,0.0,2026-01,Friday,0,2026-01-23,Friday,2026-01,8,Morning Peak,1,0,0.8167,0.8167,479,1,0.0,0,0,2026,1,January,Q1,BA:Blue-N | Morning Peak,88,1.14,7.27,0.6,Chronic,47.86,P3 - Reliability Watch,9.0,Not Late,Not Severe,Eligible
BA:1842244:20260131,2026-01-22,BA:Yellow-N,901902,24:08:00,24:16:19,901302,24:18:00,24:27:32,86880,87379.0,87480,88052.0,10.0,11.216666666666669,9.533333333333331,8.316666666666666,1.2166666666666668,2026-01,Thursday,1,2026-01-23,Friday,2026-01,0,Overnight,0,0,9.5333,1.4833,647,1,8.05,1,0,2026,1,January,Q1,BA:Yellow-N | Overnight,335,26.27,7.33,68.28,Chronic,95.71,P1 - Primary Hotspot,1.0,Late,Not Severe,Eligible
BA:1842244:20260131,2026-01-23,BA:Yellow-N,901902,24:08:00,24:08:59,901302,24:18:00,24:19:44,86880,86939.0,87480,87584.0,10.0,10.75,1.7333333333333334,0.9833333333333332,0.75,2026-01,Friday,1,2026-01-24,Saturday,2026-01,0,Overnight,0,0,1.7333,1.4833,647,1,0.25,0,0,2026,1,January,Q1,BA:Yellow-N | Overnight,335,26.27,7.33,68.28,Chronic,95.71,P1 - Primary Hotspot,1.0,Not Late,Not Severe,Eligible
BA:1841919:20260131,2026-01-26,BA:Blue-N,901901,05:31:00,05:31:49,901302,05:42:00,05:42:49,19860,19909.0,20520,20569.0,11.0,11.0,0.8166666666666667,0.8166666666666667,0.0,2026-01,Monday,0,2026-01-26,Monday,2026-01,5,Overnight,0,0,0.8167,0.8167,479,1,0.0,0,0,2026,1,January,Q1,BA:Blue-N | Overnight,64,0.0,,0.11,Reliable,23.57,Monitor,12.0,Not Late,Not Severe,Eligible
BA:1841920:20260131,2026-01-26,BA:Blue-N,901901,05:51:00,05:51:49,901302,06:02:00,06:02:49,21060,21109.0,21720,21769.0,11.0,11.0,0.8166666666666667,0.8166666666666667,0.0,2026-01,Monday,0,2026-01-26,Monday,2026-01,5,Overnight,0,0,0.8167,0.8167,479,1,0.0,0,0,2026,1,January,Q1,BA:Blue-N | Overnight,64,0.0,,0.11,Reliable,23.57,Monitor,12.0,Not Late,Not Severe,Eligible
BA:1841921:20260131,2026-01-26,BA:Blue-N,901901,06:11:00,06:11:49,901302,06:22:00,06:22:49,22260,22309.0,22920,22969.0,11.0,11.0,0.8166666666666667,0.8166666666666667,0.0,2026-01,Monday,0,2026-01-26,Monday,2026-01,6,Overnight,0,0,0.8167,0.8167,479,1,0.0,0,0,2026,1,January,Q1,BA:Blue-N | Overnight,64,0.0,,0.11,Reliable,23.57,Monitor,12.0,Not Late,Not Severe,Eligible
BA:1841923:20260131,2026-01-26,BA:Blue-N,901901,06:51:00,06:51:49,901302,07:02:00,07:02:49,24660,24709.0,25320,25369.0,11.0,11.0,0.8166666666666667,0.8166666666666667,0.0,2026-01,Monday,0,2026-01-26,Monday,2026-01,6,Overnight,0,0,0.8167,0.8167,479,1,0.0,0,0,2026,1,January,Q1,BA:Blue-N | Overnight,64,0.0,,0.11,Reliable,23.57,Monitor,12.0,Not Late,Not Severe,Eligible
BA:1841925:20260131,2026-01-26,BA:Blue-N,901901,07:31:00,07:31:49,901302,07:42:00,07:42:49,27060,27109.0,27720,27769.0,11.0,11.0,0.8166666666666667,0.8166666666666667,0.0,2026-01,Monday,0,2026-01-26,Monday,2026-01,7,Morning Peak,1,0,0.8167,0.8167,479,1,0.0,0,0,2026,1,January,Q1,BA:Blue-N | Morning Peak,88,1.14,7.27,0.6,Chronic,47.86,P3 - Reliability Watch,9.0,Not Late,Not Severe,Eligible
BA:1841928:20260131,2026-01-26,BA:Blue-N,901901,08:31:00,08:31:49,901302,08:42:00,08:42:49,30660,30709.0,31320,31369.0,11.0,11.0,0.8166666666666667,0.8166666666666667,0.0,2026-01,Monday,0,2026-01-26,Monday,2026-01,8,Morning Peak,1,0,0.8167,0.8167,479,1,0.0,0,0,2026,1,January,Q1,BA:Blue-N | Morning Peak,88,1.14,7.27,0.6,Chronic,47.86,P3 - Reliability Watch,9.0,Not Late,Not Severe,Eligible
BA:1841932:20260131,2026-01-26,BA:Blue-N,901901,09:51:00,09:51:49,901302,10:02:00,10:02:49,35460,35509.0,36120,36169.0,11.0,11.0,0.8166666666666667,0.8166666666666667,0.0,2026-01,Monday,0,2026-01-26,Monday,2026-01,9,Morning Peak,1,0,0.8167,0.8167,479,1,0.0,0,0,2026,1,January,Q1,BA:Blue-N | Morning Peak,88,1.14,7.27,0.6,Chronic,47.86,P3 - Reliability Watch,9.0,Not Late,Not Severe,Eligible
BA:1841933:20260131,2026-01-26,BA:Blue-N,901901,10:11:00,10:11:49,901302,10:22:00,10:22:49,36660,36709.0,37320,37369.0,11.0,11.0,0.8166666666666667,0.8166666666666667,0.0,2026-01,Monday,0,2026-01-26,Monday,2026-01,10,Midday,0,0,0.8167,0.8167,479,1,0.0,0,0,2026,1,January,Q1,BA:Blue-N | Midday,135,0.74,8.45,0.78,Acute,52.5,P3 - Reliability Watch,8.0,Not Late,Not Severe,Eligible
BA:1841934:20260131,2026-01-26,BA:Blue-N,901901,10:31:00,10:31:49,901302,10:42:00,10:42:49,37860,37909.0,38520,38569.0,11.0,11.0,0.8166666666666667,0.8166666666666667,0.0,2026-01,Monday,0,2026-01-26,Monday,2026-01,10,Midday,0,0,0.8167,0.8167,479,1,0.0,0,0,2026,1,January,Q1,BA:Blue-N | Midday,135,0.74,8.45,0.78,Acute,52.5,P3 - Reliability Watch,8.0,Not Late,Not Severe,Eligible
BA:1841935:20260131,2026-01-26,BA:Blue-N,901901,10:51:00,10:51:49,901302,11:02:00,11:02:49,39060,39109.0,39720,39769.0,11.0,11.0,0.8166666666666667,0.8166666666666667,0.0,2026-01,Monday,0,2026-01-26,Monday,2026-01,10,Midday,0,0,0.8167,0.8167,479,1,0.0,0,0,2026,1,January,Q1,BA:Blue-N | Midday,135,0.74,8.45,0.78,Acute,52.5,P3 - Reliability Watch,8.0,Not Late,Not Severe,Eligible
BA:1842254:20260131,2026-01-26,BA:Yellow-N,901902,04:59:00,04:59:59,901302,05:08:00,05:08:41,17940,17999.0,18480,18521.0,9.0,8.7,0.6833333333333333,0.9833333333333332,-0.3000000000000007,2026-01,Monday,0,2026-01-26,Monday,2026-01,4,Overnight,0,0,0.6833,1.4833,647,1,0.0,0,0,2026,1,January,Q1,BA:Yellow-N | Overnight,335,26.27,7.33,68.28,Chronic,95.71,P1 - Primary Hotspot,1.0,Not Late,Not Severe,Eligible
BA:1842244:20260131,2026-01-26,BA:Yellow-N,901902,24:08:00,24:15:10,901302,24:18:00,24:25:58,86880,87310.0,87480,87958.0,10.0,10.8,7.966666666666667,7.166666666666667,0.8000000000000007,2026-01,Monday,1,2026-01-27,Tuesday,2026-01,0,Overnight,0,0,7.9667,1.4833,647,1,6.4833,1,0,2026,1,January,Q1,BA:Yellow-N | Overnight,335,26.27,7.33,68.28,Chronic,95.71,P1 - Primary Hotspot,1.0,Late,Not Severe,Eligible
BA:1842244:20260131,2026-01-27,BA:Yellow-N,901902,24:08:00,24:13:54,901302,24:18:00,24:24:53,86880,87234.0,87480,87893.0,10.0,10.983333333333333,6.883333333333334,5.9,0.9833333333333324,2026-01,Tuesday,1,2026-01-28,Wednesday,2026-01,0,Overnight,0,0,6.8833,1.4833,647,1,5.4,1,0,2026,1,January,Q1,BA:Yellow-N | Overnight,335,26.27,7.33,68.28,Chronic,95.71,P1 - Primary Hotspot,1.0,Late,Not Severe,Eligible
BA:1842244:20260131,2026-01-28,BA:Yellow-N,901902,24:08:00,24:09:46,901302,24:18:00,24:21:17,86880,86986.0,87480,87677.0,10.0,11.516666666666667,3.283333333333333,1.7666666666666666,1.5166666666666675,2026-01,Wednesday,1,2026-01-29,Thursday,2026-01,0,Overnight,0,0,3.2833,1.4833,647,1,1.8,0,0,2026,1,January,Q1,BA:Yellow-N | Overnight,335,26.27,7.33,68.28,Chronic,95.71,P1 - Primary Hotspot,1.0,Not Late,Not Severe,Eligible
BA:1841769:20260131,2026-01-30,BA:Red-N,901902,17:23:00,17:27:26,901302,17:34:00,17:38:42,62580,62846.0,63240,63522.0,11.0,11.266666666666667,4.7,4.433333333333334,0.2666666666666675,2026-01,Friday,0,2026-01-30,Friday,2026-01,17,Evening Peak,0,1,4.7,4.0,7,0,0.7,0,0,2026,1,January,Q1,BA:Red-N | Evening Peak,1,0.0,,0.06,Insufficient Sample,,Insufficient Sample,,Not Late,Not Severe,Insufficient Sample
BA:1842244:20260131,2026-01-29,BA:Yellow-N,901902,24:08:00,24:13:28,901302,24:18:00,24:24:22,86880,87208.0,87480,87862.0,10.0,10.9,6.366666666666666,5.466666666666667,0.9000000000000004,2026-01,Thursday,1,2026-01-30,Friday,2026-01,0,Overnight,0,0,6.3667,1.4833,647,1,4.8833,1,0,2026,1,January,Q1,BA:Yellow-N | Overnight,335,26.27,7.33,68.28,Chronic,95.71,P1 - Primary Hotspot,1.0,Late,Not Severe,Eligible
BA:1842244:20260131,2026-01-30,BA:Yellow-N,901902,24:08:00,24:09:15,901302,24:18:00,24:20:11,86880,86955.0,87480,87611.0,10.0,10.933333333333334,2.183333333333333,1.25,0.9333333333333336,2026-01,Friday,1,2026-01-31,Saturday,2026-01,0,Overnight,0,0,2.1833,1.4833,647,1,0.7,0,0,2026,1,January,Q1,BA:Yellow-N | Overnight,335,26.27,7.33,68.28,Chronic,95.71,P1 - Primary Hotspot,1.0,Not Late,Not Severe,Eligible
BA:1842237:20260228,2026-02-02,BA:Yellow-N,901902,21:48:00,21:48:29,901302,21:58:00,21:59:29,78480,78509.0,79080,79169.0,10.0,11.0,1.4833333333333334,0.4833333333333333,1.0,2026-02,Monday,0,2026-02-02,Monday,2026-02,21,Evening,0,0,1.4833,1.4833,647,1,0.0,0,0,2026,2,February,Q1,BA:Yellow-N | Evening,50,2.0,24.0,1.84,Critical,67.86,P3 - Reliability Watch,6.0,Not Late,Not Severe,Eligible
BA:1841919:20260228,2026-02-03,BA:Blue-N,901901,05:31:00,05:31:49,901302,05:42:00,05:42:49,19860,19909.0,20520,20569.0,11.0,11.0,0.8166666666666667,0.8166666666666667,0.0,2026-02,Tuesday,0,2026-02-03,Tuesday,2026-02,5,Overnight,0,0,0.8167,0.8167,479,1,0.0,0,0,2026,2,February,Q1,BA:Blue-N | Overnight,64,0.0,,0.11,Reliable,23.57,Monitor,12.0,Not Late,Not Severe,Eligible
BA:1841921:20260228,2026-02-03,BA:Blue-N,901901,06:16:00,06:16:49,901302,06:22:00,06:22:49,22560,22609.0,22920,22969.0,6.0,6.0,0.8166666666666667,0.8166666666666667,0.0,2026-02,Tuesday,0,2026-02-03,Tuesday,2026-02,6,Overnight,0,0,0.8167,0.8167,479,1,0.0,0,0,2026,2,February,Q1,BA:Blue-N | Overnight,64,0.0,,0.11,Reliable,23.57,Monitor,12.0,Not Late,Not Severe,Eligible
BA:1842259:20260228,2026-02-03,BA:Yellow-N,901902,07:37:00,07:37:47,901302,07:48:00,07:48:47,27420,27467.0,28080,28127.0,11.0,11.0,0.7833333333333333,0.7833333333333333,0.0,2026-02,Tuesday,0,2026-02-03,Tuesday,2026-02,7,Morning Peak,1,0,0.7833,1.4833,647,1,0.0,0,0,2026,2,February,Q1,BA:Yellow-N | Morning Peak,75,0.0,,0.44,Reliable,30.0,Monitor,10.0,Not Late,Not Severe,Eligible
BA:1842219:20260228,2026-02-03,BA:Yellow-N,901902,15:49:00,15:49:29,901302,15:59:00,16:00:29,56940,56969.0,57540,57629.0,10.0,11.0,1.4833333333333334,0.4833333333333333,1.0,2026-02,Tuesday,0,2026-02-03,Tuesday,2026-02,15,Midday,0,0,1.4833,1.4833,647,1,0.0,0,0,2026,2,February,Q1,BA:Yellow-N | Midday,115,0.0,,0.0,Reliable,15.0,Monitor,14.0,Not Late,Not Severe,Eligible
BA:1842241:20260228,2026-02-03,BA:Yellow-N,901902,22:48:00,22:48:29,901302,22:58:00,22:59:29,82080,82109.0,82680,82769.0,10.0,11.0,1.4833333333333334,0.4833333333333333,1.0,2026-02,Tuesday,0,2026-02-03,Tuesday,2026-02,22,Evening,0,0,1.4833,1.4833,647,1,0.0,0,0,2026,2,February,Q1,BA:Yellow-N | Evening,50,2.0,24.0,1.84,Critical,67.86,P3 - Reliability Watch,6.0,Not Late,Not Severe,Eligible
BA:1842244:20260228,2026-02-02,BA:Yellow-N,901902,24:08:00,24:09:00,901302,24:18:00,24:19:50,86880,86940.0,87480,87590.0,10.0,10.833333333333334,1.8333333333333333,1.0,0.8333333333333339,2026-02,Monday,1,2026-02-03,Tuesday,2026-02,0,Overnight,0,0,1.8333,1.4833,647,1,0.35,0,0,2026,2,February,Q1,BA:Yellow-N | Overnight,335,26.27,7.33,68.28,Chronic,95.71,P1 - Primary Hotspot,1.0,Not Late,Not Severe,Eligible
BA:1842036:20260228,2026-02-04,BA:Green-N,901902,05:17:00,05:17:25,901302,05:25:00,05:26:07,19020,19045.0,19500,19567.0,8.0,8.7,1.1166666666666667,0.4166666666666667,0.6999999999999993,2026-02,Wednesday,0,2026-02-04,Wednesday,2026-02,5,Overnight,0,0,1.1167,1.1167,680,1,0.0,0,0,2026,2,February,Q1,BA:Green-N | Overnight,181,2.76,7.14,5.79,Chronic,76.07,P1 - Primary Hotspot,3.0,Not Late,Not Severe,Eligible
BA:1842232:20260228,2026-02-04,BA:Yellow-N,901902,20:08:00,20:08:29,901302,20:18:00,20:19:29,72480,72509.0,73080,73169.0,10.0,11.0,1.4833333333333334,0.4833333333333333,1.0,2026-02,Wednesday,0,2026-02-04,Wednesday,2026-02,20,Evening,0,0,1.4833,1.4833,647,1,0.0,0,0,2026,2,February,Q1,BA:Yellow-N | Evening,50,2.0,24.0,1.84,Critical,67.86,P3 - Reliability Watch,6.0,Not Late,Not Severe,Eligible
BA:1842244:20260228,2026-02-03,BA:Yellow-N,901902,24:08:00,24:08:49,901302,24:18:00,24:19:54,86880,86929.0,87480,87594.0,10.0,11.083333333333334,1.9,0.8166666666666667,1.083333333333334,2026-02,Tuesday,1,2026-02-04,Wednesday,2026-02,0,Overnight,0,0,1.9,1.4833,647,1,0.4167,0,0,2026,2,February,Q1,BA:Yellow-N | Overnight,335,26.27,7.33,68.28,Chronic,95.71,P1 - Primary Hotspot,1.0,Not Late,Not Severe,Eligible
BA:1841963:20260228,2026-02-05,BA:Blue-N,901901,20:17:00,20:17:25,901302,20:27:00,20:28:25,73020,73045.0,73620,73705.0,10.0,11.0,1.4166666666666667,0.4166666666666667,1.0,2026-02,Thursday,0,2026-02-05,Thursday,2026-02,20,Evening,0,0,1.4167,0.8167,479,1,0.6,0,0,2026,2,February,Q1,BA:Blue-N | Evening,103,2.91,5.87,5.12,Chronic,73.21,P2 - High Burden,4.0,Not Late,Not Severe,Eligible
BA:1842236:20260228,2026-02-05,BA:Yellow-N,901902,21:28:00,21:28:29,901302,21:38:00,21:39:29,77280,77309.0,77880,77969.0,10.0,11.0,1.4833333333333334,0.4833333333333333,1.0,2026-02,Thursday,0,2026-02-05,Thursday,2026-02,21,Evening,0,0,1.4833,1.4833,647,1,0.0,0,0,2026,2,February,Q1,BA:Yellow-N | Evening,50,2.0,24.0,1.84,Critical,67.86,P3 - Reliability Watch,6.0,Not Late,Not Severe,Eligible
BA:1842244:20260228,2026-02-04,BA:Yellow-N,901902,24:08:00,24:11:32,901302,24:18:00,24:22:25,86880,87092.0,87480,87745.0,10.0,10.883333333333333,4.416666666666667,3.533333333333333,0.8833333333333329,2026-02,Wednesday,1,2026-02-05,Thursday,2026-02,0,Overnight,0,0,4.4167,1.4833,647,1,2.9333,0,0,2026,2,February,Q1,BA:Yellow-N | Overnight,335,26.27,7.33,68.28,Chronic,95.71,P1 - Primary Hotspot,1.0,Not Late,Not Severe,Eligible
BA:1842199:20260228,2026-02-06,BA:Yellow-N,901902,09:09:00,09:09:29,901302,09:19:00,09:20:29,32940,32969.0,33540,33629.0,10.0,11.0,1.4833333333333334,0.4833333333333333,1.0,2026-02,Friday,0,2026-02-06,Friday,2026-02,9,Morning Peak,1,0,1.4833,1.4833,647,1,0.0,0,0,2026,2,February,Q1,BA:Yellow-N | Morning Peak,75,0.0,,0.44,Reliable,30.0,Monitor,10.0,Not Late,Not Severe,Eligible
BA:1842236:20260228,2026-02-06,BA:Yellow-N,901902,21:28:00,21:28:29,901302,21:38:00,21:39:29,77280,77309.0,77880,77969.0,10.0,11.0,1.4833333333333334,0.4833333333333333,1.0,2026-02,Friday,0,2026-02-06,Friday,2026-02,21,Evening,0,0,1.4833,1.4833,647,1,0.0,0,0,2026,2,February,Q1,BA:Yellow-N | Evening,50,2.0,24.0,1.84,Critical,67.86,P3 - Reliability Watch,6.0,Not Late,Not Severe,Eligible
BA:1842244:20260228,2026-02-05,BA:Yellow-N,901902,24:08:00,24:09:01,901302,24:18:00,24:19:57,86880,86941.0,87480,87597.0,10.0,10.933333333333334,1.95,1.0166666666666666,0.9333333333333336,2026-02,Thursday,1,2026-02-06,Friday,2026-02,0,Overnight,0,0,1.95,1.4833,647,1,0.4667,0,0,2026,2,February,Q1,BA:Yellow-N | Overnight,335,26.27,7.33,68.28,Chronic,95.71,P1 - Primary Hotspot,1.0,Not Late,Not Severe,Eligible
BA:1842244:20260228,2026-02-06,BA:Yellow-N,901902,24:08:00,24:11:18,901302,24:18:00,24:21:54,86880,87078.0,87480,87714.0,10.0,10.6,3.9,3.3,0.5999999999999996,2026-02,Friday,1,2026-02-07,Saturday,2026-02,0,Overnight,0,0,3.9,1.4833,647,1,2.4167,0,0,2026,2,February,Q1,BA:Yellow-N | Overnight,335,26.27,7.33,68.28,Chronic,95.71,P1 - Primary Hotspot,1.0,Not Late,Not Severe,Eligible
BA:1842193:20260228,2026-02-09,BA:Yellow-N,901902,07:09:00,07:09:29,901302,07:19:00,07:20:29,25740,25769.0,26340,26429.0,10.0,11.0,1.4833333333333334,0.4833333333333333,1.0,2026-02,Monday,0,2026-02-09,Monday,2026-02,7,Morning Peak,1,0,1.4833,1.4833,647,1,0.0,0,0,2026,2,February,Q1,BA:Yellow-N | Morning Peak,75,0.0,,0.44,Reliable,30.0,Monitor,10.0,Not Late,Not Severe,Eligible
BA:1842194:20260228,2026-02-09,BA:Yellow-N,901902,07:29:00,07:29:29,901302,07:39:00,07:40:29,26940,26969.0,27540,27629.0,10.0,11.0,1.4833333333333334,0.4833333333333333,1.0,2026-02,Monday,0,2026-02-09,Monday,2026-02,7,Morning Peak,1,0,1.4833,1.4833,647,1,0.0,0,0,2026,2,February,Q1,BA:Yellow-N | Morning Peak,75,0.0,,0.44,Reliable,30.0,Monitor,10.0,Not Late,Not Severe,Eligible
BA:1842195:20260228,2026-02-09,BA:Yellow-N,901902,07:49:00,07:49:29,901302,07:59:00,08:00:29,28140,28169.0,28740,28829.0,10.0,11.0,1.4833333333333334,0.4833333333333333,1.0,2026-02,Monday,0,2026-02-09,Monday,2026-02,7,Morning Peak,1,0,1.4833,1.4833,647,1,0.0,0,0,2026,2,February,Q1,BA:Yellow-N | Morning Peak,75,0.0,,0.44,Reliable,30.0,Monitor,10.0,Not Late,Not Severe,Eligible
BA:1842244:20260228,2026-02-09,BA:Yellow-N,901902,24:08:00,24:13:45,901302,24:18:00,24:24:36,86880,87225.0,87480,87876.0,10.0,10.85,6.6,5.75,0.8499999999999996,2026-02,Monday,1,2026-02-10,Tuesday,2026-02,0,Overnight,0,0,6.6,1.4833,647,1,5.1167,1,0,2026,2,February,Q1,BA:Yellow-N | Overnight,335,26.27,7.33,68.28,Chronic,95.71,P1 - Primary Hotspot,1.0,Late,Not Severe,Eligible
BA:1842253:20260228,2026-02-11,BA:Yellow-N,901902,05:19:00,05:19:59,901302,05:28:00,05:28:41,19140,19199.0,19680,19721.0,9.0,8.7,0.6833333333333333,0.9833333333333332,-0.3000000000000007,2026-02,Wednesday,0,2026-02-11,Wednesday,2026-02,5,Overnight,0,0,0.6833,1.4833,647,1,0.0,0,0,2026,2,February,Q1,BA:Yellow-N | Overnight,335,26.27,7.33,68.28,Chronic,95.71,P1 - Primary Hotspot,1.0,Not Late,Not Severe,Eligible
BA:1842244:20260228,2026-02-10,BA:Yellow-N,901902,24:08:00,24:08:50,901302,24:18:00,24:19:43,86880,86930.0,87480,87583.0,10.0,10.883333333333333,1.7166666666666666,0.8333333333333334,0.8833333333333329,2026-02,Tuesday,1,2026-02-11,Wednesday,2026-02,0,Overnight,0,0,1.7167,1.4833,647,1,0.2333,0,0,2026,2,February,Q1,BA:Yellow-N | Overnight,335,26.27,7.33,68.28,Chronic,95.71,P1 - Primary Hotspot,1.0,Not Late,Not Severe,Eligible
BA:1842244:20260228,2026-02-11,BA:Yellow-N,901902,24:08:00,24:09:05,901302,24:18:00,24:19:43,86880,86945.0,87480,87583.0,10.0,10.633333333333333,1.7166666666666666,1.0833333333333333,0.6333333333333329,2026-02,Wednesday,1,2026-02-12,Thursday,2026-02,0,Overnight,0,0,1.7167,1.4833,647,1,0.2333,0,0,2026,2,February,Q1,BA:Yellow-N | Overnight,335,26.27,7.33,68.28,Chronic,95.71,P1 - Primary Hotspot,1.0,Not Late,Not Severe,Eligible
BA:1842068:20260228,2026-02-13,BA:Green-N,901902,15:54:00,15:55:07,901302,16:05:00,16:06:07,57240,57307.0,57900,57967.0,11.0,11.0,1.1166666666666667,1.1166666666666667,0.0,2026-02,Friday,0,2026-02-13,Friday,2026-02,15,Midday,0,0,1.1167,1.1167,680,1,0.0,0,0,2026,2,February,Q1,BA:Green-N | Midday,266,4.51,10.34,10.51,Critical,91.07,P1 - Primary Hotspot,2.0,Not Late,Not Severe,Eligible
BA:1842282:20260228,2026-02-13,BA:Yellow-N,901902,15:19:00,15:20:05,901302,15:28:00,15:28:47,55140,55205.0,55680,55727.0,9.0,8.7,0.7833333333333333,1.0833333333333333,-0.3000000000000007,2026-02,Friday,0,2026-02-13,Friday,2026-02,15,Midday,0,0,0.7833,1.4833,647,1,0.0,0,0,2026,2,February,Q1,BA:Yellow-N | Midday,115,0.0,,0.0,Reliable,15.0,Monitor,14.0,Not Late,Not Severe,Eligible
BA:1842244:20260228,2026-02-12,BA:Yellow-N,901902,24:08:00,24:08:50,901302,24:18:00,24:19:46,86880,86930.0,87480,87586.0,10.0,10.933333333333334,1.7666666666666666,0.8333333333333334,0.9333333333333336,2026-02,Thursday,1,2026-02-13,Friday,2026-02,0,Overnight,0,0,1.7667,1.4833,647,1,0.2833,0,0,2026,2,February,Q1,BA:Yellow-N | Overnight,335,26.27,7.33,68.28,Chronic,95.71,P1 - Primary Hotspot,1.0,Not Late,Not Severe,Eligible
BA:1842244:20260228,2026-02-13,BA:Yellow-N,901902,24:08:00,24:08:55,901302,24:18:00,24:19:49,86880,86935.0,87480,87589.0,10.0,10.9,1.8166666666666669,0.9166666666666666,0.9000000000000004,2026-02,Friday,1,2026-02-14,Saturday,2026-02,0,Overnight,0,0,1.8167,1.4833,647,1,0.3333,0,0,2026,2,February,Q1,BA:Yellow-N | Overnight,335,26.27,7.33,68.28,Chronic,95.71,P1 - Primary Hotspot,1.0,Not Late,Not Severe,Eligible
BA:1848718:20260228,2026-02-16,BA:Blue-N,901901,06:51:00,06:51:49,901302,07:02:00,07:02:49,24660,24709.0,25320,25369.0,11.0,11.0,0.8166666666666667,0.8166666666666667,0.0,2026-02,Monday,0,2026-02-16,Monday,2026-02,6,Overnight,0,0,0.8167,0.8167,479,1,0.0,0,0,2026,2,February,Q1,BA:Blue-N | Overnight,64,0.0,,0.11,Reliable,23.57,Monitor,12.0,Not Late,Not Severe,Eligible
BA:1848750:20260228,2026-02-16,BA:Blue-N,901901,17:51:00,17:51:49,901302,18:02:00,18:02:49,64260,64309.0,64920,64969.0,11.0,11.0,0.8166666666666667,0.8166666666666667,0.0,2026-02,Monday,0,2026-02-16,Monday,2026-02,17,Evening Peak,0,1,0.8167,0.8167,479,1,0.0,0,0,2026,2,February,Q1,BA:Blue-N | Evening Peak,89,0.0,,0.11,Reliable,23.57,Monitor,11.0,Not Late,Not Severe,Eligible
BA:1849239:20260228,2026-02-16,BA:Yellow-N,901902,20:48:00,20:48:29,901302,20:58:00,20:59:29,74880,74909.0,75480,75569.0,10.0,11.0,1.4833333333333334,0.4833333333333333,1.0,2026-02,Monday,0,2026-02-16,Monday,2026-02,20,Evening,0,0,1.4833,1.4833,647,1,0.0,0,0,2026,2,February,Q1,BA:Yellow-N | Evening,50,2.0,24.0,1.84,Critical,67.86,P3 - Reliability Watch,6.0,Not Late,Not Severe,Eligible
BA:1841973:20260228,2026-02-17,BA:Blue-N,901901,23:57:00,24:02:34,901302,24:07:00,24:13:17,86220,86554.0,86820,87197.0,10.0,10.716666666666669,6.283333333333333,5.566666666666666,0.7166666666666668,2026-02,Tuesday,0,2026-02-17,Tuesday,2026-02,23,Evening,0,0,6.2833,0.8167,479,1,5.4667,1,0,2026,2,February,Q1,BA:Blue-N | Evening,103,2.91,5.87,5.12,Chronic,73.21,P2 - High Burden,4.0,Late,Not Severe,Eligible
BA:1842199:20260228,2026-02-17,BA:Yellow-N,901902,09:09:00,09:09:29,901302,09:19:00,09:20:29,32940,32969.0,33540,33629.0,10.0,11.0,1.4833333333333334,0.4833333333333333,1.0,2026-02,Tuesday,0,2026-02-17,Tuesday,2026-02,9,Morning Peak,1,0,1.4833,1.4833,647,1,0.0,0,0,2026,2,February,Q1,BA:Yellow-N | Morning Peak,75,0.0,,0.44,Reliable,30.0,Monitor,10.0,Not Late,Not Severe,Eligible
BA:1842211:20260228,2026-02-17,BA:Yellow-N,901902,13:14:00,13:14:29,901302,13:19:00,13:20:29,47640,47669.0,47940,48029.0,5.0,6.0,1.4833333333333334,0.4833333333333333,1.0,2026-02,Tuesday,0,2026-02-17,Tuesday,2026-02,13,Midday,0,0,1.4833,1.4833,647,1,0.0,0,0,2026,2,February,Q1,BA:Yellow-N | Midday,115,0.0,,0.0,Reliable,15.0,Monitor,14.0,Not Late,Not Severe,Eligible
BA:1849249:20260228,2026-02-16,BA:Yellow-N,901902,24:08:00,24:14:10,901302,24:18:00,24:43:08,86880,87250.0,87480,88988.0,10.0,28.966666666666665,25.133333333333333,6.166666666666667,18.966666666666665,2026-02,Monday,1,2026-02-17,Tuesday,2026-02,0,Overnight,0,0,25.1333,1.4833,647,1,23.65,1,1,2026,2,February,Q1,BA:Yellow-N | Overnight,335,26.27,7.33,68.28,Chronic,95.71,P1 - Primary Hotspot,1.0,Late,Severe Delay,Eligible
BA:1842261:20260228,2026-02-18,BA:Yellow-N,901902,08:37:00,08:37:47,901302,08:48:00,08:48:47,31020,31067.0,31680,31727.0,11.0,11.0,0.7833333333333333,0.7833333333333333,0.0,2026-02,Wednesday,0,2026-02-18,Wednesday,2026-02,8,Morning Peak,1,0,0.7833,1.4833,647,1,0.0,0,0,2026,2,February,Q1,BA:Yellow-N | Morning Peak,75,0.0,,0.44,Reliable,30.0,Monitor,10.0,Not Late,Not Severe,Eligible
BA:1842264:20260228,2026-02-18,BA:Yellow-N,901902,09:37:00,09:37:47,901302,09:48:00,09:48:47,34620,34667.0,35280,35327.0,11.0,11.0,0.7833333333333333,0.7833333333333333,0.0,2026-02,Wednesday,0,2026-02-18,Wednesday,2026-02,9,Morning Peak,1,0,0.7833,1.4833,647,1,0.0,0,0,2026,2,February,Q1,BA:Yellow-N | Morning Peak,75,0.0,,0.44,Reliable,30.0,Monitor,10.0,Not Late,Not Severe,Eligible
BA:1842244:20260228,2026-02-17,BA:Yellow-N,901902,24:08:00,24:09:48,901302,24:18:00,24:20:28,86880,86988.0,87480,87628.0,10.0,10.666666666666666,2.466666666666667,1.8,0.6666666666666661,2026-02,Tuesday,1,2026-02-18,Wednesday,2026-02,0,Overnight,0,0,2.4667,1.4833,647,1,0.9833,0,0,2026,2,February,Q1,BA:Yellow-N | Overnight,335,26.27,7.33,68.28,Chronic,95.71,P1 - Primary Hotspot,1.0,Not Late,Not Severe,Eligible
BA:1842268:20260228,2026-02-19,BA:Yellow-N,901902,10:59:00,11:00:05,901302,11:08:00,11:08:47,39540,39605.0,40080,40127.0,9.0,8.7,0.7833333333333333,1.0833333333333333,-0.3000000000000007,2026-02,Thursday,0,2026-02-19,Thursday,2026-02,10,Midday,0,0,0.7833,1.4833,647,1,0.0,0,0,2026,2,February,Q1,BA:Yellow-N | Midday,115,0.0,,0.0,Reliable,15.0,Monitor,14.0,Not Late,Not Severe,Eligible
BA:1842225:20260228,2026-02-19,BA:Yellow-N,901902,17:49:00,17:49:29,901302,17:59:00,18:00:29,64140,64169.0,64740,64829.0,10.0,11.0,1.4833333333333334,0.4833333333333333,1.0,2026-02,Thursday,0,2026-02-19,Thursday,2026-02,17,Evening Peak,0,1,1.4833,1.4833,647,1,0.0,0,0,2026,2,February,Q1,BA:Yellow-N | Evening Peak,72,0.0,,0.0,Reliable,15.0,Monitor,13.0,Not Late,Not Severe,Eligible
BA:1842244:20260228,2026-02-18,BA:Yellow-N,901902,24:08:00,24:14:34,901302,24:18:00,24:25:10,86880,87274.0,87480,87910.0,10.0,10.6,7.166666666666667,6.566666666666666,0.5999999999999996,2026-02,Wednesday,1,2026-02-19,Thursday,2026-02,0,Overnight,0,0,7.1667,1.4833,647,1,5.6833,1,0,2026,2,February,Q1,BA:Yellow-N | Overnight,335,26.27,7.33,68.28,Chronic,95.71,P1 - Primary Hotspot,1.0,Late,Not Severe,Eligible
BA:1842197:20260228,2026-02-20,BA:Yellow-N,901902,08:29:00,08:29:29,901302,08:39:00,08:40:29,30540,30569.0,31140,31229.0,10.0,11.0,1.4833333333333334,0.4833333333333333,1.0,2026-02,Friday,0,2026-02-20,Friday,2026-02,8,Morning Peak,1,0,1.4833,1.4833,647,1,0.0,0,0,2026,2,February,Q1,BA:Yellow-N | Morning Peak,75,0.0,,0.44,Reliable,30.0,Monitor,10.0,Not Late,Not Severe,Eligible
BA:1842270:20260228,2026-02-20,BA:Yellow-N,901902,11:37:00,11:37:47,901302,11:48:00,11:48:47,41820,41867.0,42480,42527.0,11.0,11.0,0.7833333333333333,0.7833333333333333,0.0,2026-02,Friday,0,2026-02-20,Friday,2026-02,11,Midday,0,0,0.7833,1.4833,647,1,0.0,0,0,2026,2,February,Q1,BA:Yellow-N | Midday,115,0.0,,0.0,Reliable,15.0,Monitor,14.0,Not Late,Not Severe,Eligible
BA:1842234:20260228,2026-02-20,BA:Yellow-N,901902,20:48:00,20:48:29,901302,20:58:00,20:59:29,74880,74909.0,75480,75569.0,10.0,11.0,1.4833333333333334,0.4833333333333333,1.0,2026-02,Friday,0,2026-02-20,Friday,2026-02,20,Evening,0,0,1.4833,1.4833,647,1,0.0,0,0,2026,2,February,Q1,BA:Yellow-N | Evening,50,2.0,24.0,1.84,Critical,67.86,P3 - Reliability Watch,6.0,Not Late,Not Severe,Eligible
BA:1842244:20260228,2026-02-19,BA:Yellow-N,901902,24:08:00,24:13:03,901302,24:18:00,24:23:30,86880,87183.0,87480,87810.0,10.0,10.45,5.5,5.05,0.4499999999999993,2026-02,Thursday,1,2026-02-20,Friday,2026-02,0,Overnight,0,0,5.5,1.4833,647,1,4.0167,1,0,2026,2,February,Q1,BA:Yellow-N | Overnight,335,26.27,7.33,68.28,Chronic,95.71,P1 - Primary Hotspot,1.0,Late,Not Severe,Eligible
BA:1841926:20260228,2026-02-23,BA:Blue-N,901901,07:51:00,07:51:49,901302,08:02:00,08:02:49,28260,28309.0,28920,28969.0,11.0,11.0,0.8166666666666667,0.8166666666666667,0.0,2026-02,Monday,0,2026-02-23,Monday,2026-02,7,Morning Peak,1,0,0.8167,0.8167,479,1,0.0,0,0,2026,2,February,Q1,BA:Blue-N | Morning Peak,88,1.14,7.27,0.6,Chronic,47.86,P3 - Reliability Watch,9.0,Not Late,Not Severe,Eligible
BA:1842244:20260228,2026-02-23,BA:Yellow-N,901902,24:08:00,24:08:53,901302,24:18:00,24:19:49,86880,86933.0,87480,87589.0,10.0,10.933333333333334,1.8166666666666669,0.8833333333333333,0.9333333333333336,2026-02,Monday,1,2026-02-24,Tuesday,2026-02,0,Overnight,0,0,1.8167,1.4833,647,1,0.3333,0,0,2026,2,February,Q1,BA:Yellow-N | Overnight,335,26.27,7.33,68.28,Chronic,95.71,P1 - Primary Hotspot,1.0,Not Late,Not Severe,Eligible
BA:1841920:20260228,2026-02-25,BA:Blue-N,901901,05:51:00,05:51:49,901302,06:02:00,06:02:49,21060,21109.0,21720,21769.0,11.0,11.0,0.8166666666666667,0.8166666666666667,0.0,2026-02,Wednesday,0,2026-02-25,Wednesday,2026-02,5,Overnight,0,0,0.8167,0.8167,479,1,0.0,0,0,2026,2,February,Q1,BA:Blue-N | Overnight,64,0.0,,0.11,Reliable,23.57,Monitor,12.0,Not Late,Not Severe,Eligible
BA:1841921:20260228,2026-02-25,BA:Blue-N,901901,06:11:00,06:11:49,901302,06:22:00,06:22:49,22260,22309.0,22920,22969.0,11.0,11.0,0.8166666666666667,0.8166666666666667,0.0,2026-02,Wednesday,0,2026-02-25,Wednesday,2026-02,6,Overnight,0,0,0.8167,0.8167,479,1,0.0,0,0,2026,2,February,Q1,BA:Blue-N | Overnight,64,0.0,,0.11,Reliable,23.57,Monitor,12.0,Not Late,Not Severe,Eligible
BA:1841926:20260228,2026-02-25,BA:Blue-N,901901,07:51:00,07:51:49,901302,08:02:00,08:02:49,28260,28309.0,28920,28969.0,11.0,11.0,0.8166666666666667,0.8166666666666667,0.0,2026-02,Wednesday,0,2026-02-25,Wednesday,2026-02,7,Morning Peak,1,0,0.8167,0.8167,479,1,0.0,0,0,2026,2,February,Q1,BA:Blue-N | Morning Peak,88,1.14,7.27,0.6,Chronic,47.86,P3 - Reliability Watch,9.0,Not Late,Not Severe,Eligible
BA:1841927:20260228,2026-02-25,BA:Blue-N,901901,08:11:00,08:18:37,901302,08:22:00,08:29:16,29460,29917.0,30120,30556.0,11.0,10.65,7.266666666666667,7.616666666666666,-0.3499999999999996,2026-02,Wednesday,0,2026-02-25,Wednesday,2026-02,8,Morning Peak,1,0,7.2667,0.8167,479,1,6.45,1,0,2026,2,February,Q1,BA:Blue-N | Morning Peak,88,1.14,7.27,0.6,Chronic,47.86,P3 - Reliability Watch,9.0,Late,Not Severe,Eligible
BA:1841928:20260228,2026-02-25,BA:Blue-N,901901,08:31:00,08:31:49,901302,08:42:00,08:42:49,30660,30709.0,31320,31369.0,11.0,11.0,0.8166666666666667,0.8166666666666667,0.0,2026-02,Wednesday,0,2026-02-25,Wednesday,2026-02,8,Morning Peak,1,0,0.8167,0.8167,479,1,0.0,0,0,2026,2,February,Q1,BA:Blue-N | Morning Peak,88,1.14,7.27,0.6,Chronic,47.86,P3 - Reliability Watch,9.0,Not Late,Not Severe,Eligible
BA:1841958:20260228,2026-02-25,BA:Blue-N,901901,18:51:00,18:51:49,901302,19:02:00,19:02:49,67860,67909.0,68520,68569.0,11.0,11.0,0.8166666666666667,0.8166666666666667,0.0,2026-02,Wednesday,0,2026-02-25,Wednesday,2026-02,18,Evening Peak,0,1,0.8167,0.8167,479,1,0.0,0,0,2026,2,February,Q1,BA:Blue-N | Evening Peak,89,0.0,,0.11,Reliable,23.57,Monitor,11.0,Not Late,Not Severe,Eligible
BA:1842289:20260228,2026-02-25,BA:Yellow-N,901902,17:57:00,17:57:47,901302,18:08:00,18:08:47,64620,64667.0,65280,65327.0,11.0,11.0,0.7833333333333333,0.7833333333333333,0.0,2026-02,Wednesday,0,2026-02-25,Wednesday,2026-02,17,Evening Peak,0,1,0.7833,1.4833,647,1,0.0,0,0,2026,2,February,Q1,BA:Yellow-N | Evening Peak,72,0.0,,0.0,Reliable,15.0,Monitor,13.0,Not Late,Not Severe,Eligible
BA:1842244:20260228,2026-02-24,BA:Yellow-N,901902,24:08:00,24:10:01,901302,24:18:00,24:22:01,86880,87001.0,87480,87721.0,10.0,12.0,4.016666666666667,2.0166666666666666,2.0,2026-02,Tuesday,1,2026-02-25,Wednesday,2026-02,0,Overnight,0,0,4.0167,1.4833,647,1,2.5333,0,0,2026,2,February,Q1,BA:Yellow-N | Overnight,335,26.27,7.33,68.28,Chronic,95.71,P1 - Primary Hotspot,1.0,Not Late,Not Severe,Eligible
BA:1842294:20260228,2026-02-26,BA:Yellow-N,901902,06:37:00,06:37:47,901302,06:48:00,06:48:47,23820,23867.0,24480,24527.0,11.0,11.0,0.7833333333333333,0.7833333333333333,0.0,2026-02,Thursday,0,2026-02-26,Thursday,2026-02,6,Overnight,0,0,0.7833,1.4833,647,1,0.0,0,0,2026,2,February,Q1,BA:Yellow-N | Overnight,335,26.27,7.33,68.28,Chronic,95.71,P1 - Primary Hotspot,1.0,Not Late,Not Severe,Eligible
BA:1842257:20260228,2026-02-26,BA:Yellow-N,901902,06:57:00,06:57:47,901302,07:08:00,07:08:47,25020,25067.0,25680,25727.0,11.0,11.0,0.7833333333333333,0.7833333333333333,0.0,2026-02,Thursday,0,2026-02-26,Thursday,2026-02,6,Overnight,0,0,0.7833,1.4833,647,1,0.0,0,0,2026,2,February,Q1,BA:Yellow-N | Overnight,335,26.27,7.33,68.28,Chronic,95.71,P1 - Primary Hotspot,1.0,Not Late,Not Severe,Eligible
BA:1842258:20260228,2026-02-26,BA:Yellow-N,901902,07:17:00,07:17:47,901302,07:28:00,07:28:47,26220,26267.0,26880,26927.0,11.0,11.0,0.7833333333333333,0.7833333333333333,0.0,2026-02,Thursday,0,2026-02-26,Thursday,2026-02,7,Morning Peak,1,0,0.7833,1.4833,647,1,0.0,0,0,2026,2,February,Q1,BA:Yellow-N | Morning Peak,75,0.0,,0.44,Reliable,30.0,Monitor,10.0,Not Late,Not Severe,Eligible
BA:1842217:20260228,2026-02-26,BA:Yellow-N,901902,15:09:00,15:09:29,901302,15:19:00,15:20:29,54540,54569.0,55140,55229.0,10.0,11.0,1.4833333333333334,0.4833333333333333,1.0,2026-02,Thursday,0,2026-02-26,Thursday,2026-02,15,Midday,0,0,1.4833,1.4833,647,1,0.0,0,0,2026,2,February,Q1,BA:Yellow-N | Midday,115,0.0,,0.0,Reliable,15.0,Monitor,14.0,Not Late,Not Severe,Eligible
BA:1842244:20260228,2026-02-25,BA:Yellow-N,901902,24:08:00,24:10:51,901302,24:18:00,24:21:29,86880,87051.0,87480,87689.0,10.0,10.633333333333333,3.4833333333333334,2.85,0.6333333333333329,2026-02,Wednesday,1,2026-02-26,Thursday,2026-02,0,Overnight,0,0,3.4833,1.4833,647,1,2.0,0,0,2026,2,February,Q1,BA:Yellow-N | Overnight,335,26.27,7.33,68.28,Chronic,95.71,P1 - Primary Hotspot,1.0,Not Late,Not Severe,Eligible
BA:1842036:20260228,2026-02-27,BA:Green-N,901902,05:17:00,05:17:25,901302,05:25:00,05:26:07,19020,19045.0,19500,19567.0,8.0,8.7,1.1166666666666667,0.4166666666666667,0.6999999999999993,2026-02,Friday,0,2026-02-27,Friday,2026-02,5,Overnight,0,0,1.1167,1.1167,680,1,0.0,0,0,2026,2,February,Q1,BA:Green-N | Overnight,181,2.76,7.14,5.79,Chronic,76.07,P1 - Primary Hotspot,3.0,Not Late,Not Severe,Eligible
BA:1842294:20260228,2026-02-27,BA:Yellow-N,901902,06:39:00,06:40:05,901302,06:48:00,06:48:47,23940,24005.0,24480,24527.0,9.0,8.7,0.7833333333333333,1.0833333333333333,-0.3000000000000007,2026-02,Friday,0,2026-02-27,Friday,2026-02,6,Overnight,0,0,0.7833,1.4833,647,1,0.0,0,0,2026,2,February,Q1,BA:Yellow-N | Overnight,335,26.27,7.33,68.28,Chronic,95.71,P1 - Primary Hotspot,1.0,Not Late,Not Severe,Eligible
BA:1842193:20260228,2026-02-27,BA:Yellow-N,901902,07:09:00,07:09:29,901302,07:19:00,07:20:29,25740,25769.0,26340,26429.0,10.0,11.0,1.4833333333333334,0.4833333333333333,1.0,2026-02,Friday,0,2026-02-27,Friday,2026-02,7,Morning Peak,1,0,1.4833,1.4833,647,1,0.0,0,0,2026,2,February,Q1,BA:Yellow-N | Morning Peak,75,0.0,,0.44,Reliable,30.0,Monitor,10.0,Not Late,Not Severe,Eligible
BA:1842196:20260228,2026-02-27,BA:Yellow-N,901902,08:09:00,08:09:29,901302,08:19:00,08:20:29,29340,29369.0,29940,30029.0,10.0,11.0,1.4833333333333334,0.4833333333333333,1.0,2026-02,Friday,0,2026-02-27,Friday,2026-02,8,Morning Peak,1,0,1.4833,1.4833,647,1,0.0,0,0,2026,2,February,Q1,BA:Yellow-N | Morning Peak,75,0.0,,0.44,Reliable,30.0,Monitor,10.0,Not Late,Not Severe,Eligible
BA:1842260:20260228,2026-02-27,BA:Yellow-N,901902,08:19:00,08:20:05,901302,08:28:00,08:28:47,29940,30005.0,30480,30527.0,9.0,8.7,0.7833333333333333,1.0833333333333333,-0.3000000000000007,2026-02,Friday,0,2026-02-27,Friday,2026-02,8,Morning Peak,1,0,0.7833,1.4833,647,1,0.0,0,0,2026,2,February,Q1,BA:Yellow-N | Morning Peak,75,0.0,,0.44,Reliable,30.0,Monitor,10.0,Not Late,Not Severe,Eligible
BA:1842244:20260228,2026-02-26,BA:Yellow-N,901902,24:08:00,24:10:36,901302,24:18:00,24:21:22,86880,87036.0,87480,87682.0,10.0,10.766666666666667,3.3666666666666667,2.6,0.7666666666666675,2026-02,Thursday,1,2026-02-27,Friday,2026-02,0,Overnight,0,0,3.3667,1.4833,647,1,1.8833,0,0,2026,2,February,Q1,BA:Yellow-N | Overnight,335,26.27,7.33,68.28,Chronic,95.71,P1 - Primary Hotspot,1.0,Not Late,Not Severe,Eligible
BA:1842244:20260228,2026-02-27,BA:Yellow-N,901902,24:08:00,24:11:06,901302,24:18:00,24:21:59,86880,87066.0,87480,87719.0,10.0,10.883333333333333,3.9833333333333334,3.1,0.8833333333333329,2026-02,Friday,1,2026-02-28,Saturday,2026-02,0,Overnight,0,0,3.9833,1.4833,647,1,2.5,0,0,2026,2,February,Q1,BA:Yellow-N | Overnight,335,26.27,7.33,68.28,Chronic,95.71,P1 - Primary Hotspot,1.0,Not Late,Not Severe,Eligible
BA:1841966:20260331,2026-03-02,BA:Blue-N,901901,21:44:00,21:44:25,901302,21:47:00,21:48:25,78240,78265.0,78420,78505.0,3.0,4.0,1.4166666666666667,0.4166666666666667,1.0,2026-03,Monday,0,2026-03-02,Monday,2026-03,21,Evening,0,0,1.4167,0.8167,479,1,0.6,0,0,2026,3,March,Q1,BA:Blue-N | Evening,103,2.91,5.87,5.12,Chronic,73.21,P2 - High Burden,4.0,Not Late,Not Severe,Eligible
BA:1842239:20260331,2026-03-02,BA:Yellow-N,901902,22:28:00,22:28:29,901302,22:38:00,22:39:29,80880,80909.0,81480,81569.0,10.0,11.0,1.4833333333333334,0.4833333333333333,1.0,2026-03,Monday,0,2026-03-02,Monday,2026-03,22,Evening,0,0,1.4833,1.4833,647,1,0.0,0,0,2026,3,March,Q1,BA:Yellow-N | Evening,50,2.0,24.0,1.84,Critical,67.86,P3 - Reliability Watch,6.0,Not Late,Not Severe,Eligible
BA:1842241:20260331,2026-03-02,BA:Yellow-N,901902,22:48:00,22:48:29,901302,22:58:00,22:59:29,82080,82109.0,82680,82769.0,10.0,11.0,1.4833333333333334,0.4833333333333333,1.0,2026-03,Monday,0,2026-03-02,Monday,2026-03,22,Evening,0,0,1.4833,1.4833,647,1,0.0,0,0,2026,3,March,Q1,BA:Yellow-N | Evening,50,2.0,24.0,1.84,Critical,67.86,P3 - Reliability Watch,6.0,Not Late,Not Severe,Eligible
BA:1841937:20260331,2026-03-03,BA:Blue-N,901901,11:31:00,11:31:49,901302,11:42:00,11:42:49,41460,41509.0,42120,42169.0,11.0,11.0,0.8166666666666667,0.8166666666666667,0.0,2026-03,Tuesday,0,2026-03-03,Tuesday,2026-03,11,Midday,0,0,0.8167,0.8167,479,1,0.0,0,0,2026,3,March,Q1,BA:Blue-N | Midday,135,0.74,8.45,0.78,Acute,52.5,P3 - Reliability Watch,8.0,Not Late,Not Severe,Eligible
BA:1842192:20260331,2026-03-03,BA:Yellow-N,901902,06:49:00,06:49:29,901302,06:59:00,07:00:29,24540,24569.0,25140,25229.0,10.0,11.0,1.4833333333333334,0.4833333333333333,1.0,2026-03,Tuesday,0,2026-03-03,Tuesday,2026-03,6,Overnight,0,0,1.4833,1.4833,647,1,0.0,0,0,2026,3,March,Q1,BA:Yellow-N | Overnight,335,26.27,7.33,68.28,Chronic,95.71,P1 - Primary Hotspot,1.0,Not Late,Not Severe,Eligible
BA:1842204:20260331,2026-03-03,BA:Yellow-N,901902,10:49:00,10:49:29,901302,10:59:00,11:00:29,38940,38969.0,39540,39629.0,10.0,11.0,1.4833333333333334,0.4833333333333333,1.0,2026-03,Tuesday,0,2026-03-03,Tuesday,2026-03,10,Midday,0,0,1.4833,1.4833,647,1,0.0,0,0,2026,3,March,Q1,BA:Yellow-N | Midday,115,0.0,,0.0,Reliable,15.0,Monitor,14.0,Not Late,Not Severe,Eligible
BA:1842244:20260331,2026-03-02,BA:Yellow-N,901902,24:08:00,24:14:46,901302,24:18:00,24:25:31,86880,87286.0,87480,87931.0,10.0,10.75,7.516666666666667,6.766666666666667,0.75,2026-03,Monday,1,2026-03-03,Tuesday,2026-03,0,Overnight,0,0,7.5167,1.4833,647,1,6.0333,1,0,2026,3,March,Q1,BA:Yellow-N | Overnight,335,26.27,7.33,68.28,Chronic,95.71,P1 - Primary Hotspot,1.0,Late,Not Severe,Eligible
BA:1842244:20260331,2026-03-03,BA:Yellow-N,901902,24:08:00,24:11:47,901302,24:18:00,24:22:27,86880,87107.0,87480,87747.0,10.0,10.666666666666666,4.45,3.783333333333333,0.6666666666666661,2026-03,Tuesday,1,2026-03-04,Wednesday,2026-03,0,Overnight,0,0,4.45,1.4833,647,1,2.9667,0,0,2026,3,March,Q1,BA:Yellow-N | Overnight,335,26.27,7.33,68.28,Chronic,95.71,P1 - Primary Hotspot,1.0,Not Late,Not Severe,Eligible
BA:1842239:20260331,2026-03-05,BA:Yellow-N,901902,22:28:00,22:28:29,901302,22:38:00,22:39:29,80880,80909.0,81480,81569.0,10.0,11.0,1.4833333333333334,0.4833333333333333,1.0,2026-03,Thursday,0,2026-03-05,Thursday,2026-03,22,Evening,0,0,1.4833,1.4833,647,1,0.0,0,0,2026,3,March,Q1,BA:Yellow-N | Evening,50,2.0,24.0,1.84,Critical,67.86,P3 - Reliability Watch,6.0,Not Late,Not Severe,Eligible
BA:1842244:20260331,2026-03-04,BA:Yellow-N,901902,24:08:00,24:11:59,901302,24:18:00,24:23:01,86880,87119.0,87480,87781.0,10.0,11.033333333333331,5.016666666666667,3.9833333333333334,1.0333333333333332,2026-03,Wednesday,1,2026-03-05,Thursday,2026-03,0,Overnight,0,0,5.0167,1.4833,647,1,3.5333,1,0,2026,3,March,Q1,BA:Yellow-N | Overnight,335,26.27,7.33,68.28,Chronic,95.71,P1 - Primary Hotspot,1.0,Late,Not Severe,Eligible
BA:1842040:20260331,2026-03-06,BA:Green-N,901902,06:34:00,06:35:07,901302,06:45:00,06:46:07,23640,23707.0,24300,24367.0,11.0,11.0,1.1166666666666667,1.1166666666666667,0.0,2026-03,Friday,0,2026-03-06,Friday,2026-03,6,Overnight,0,0,1.1167,1.1167,680,1,0.0,0,0,2026,3,March,Q1,BA:Green-N | Overnight,181,2.76,7.14,5.79,Chronic,76.07,P1 - Primary Hotspot,3.0,Not Late,Not Severe,Eligible
BA:1842045:20260331,2026-03-06,BA:Green-N,901902,08:14:00,08:15:07,901302,08:25:00,08:26:07,29640,29707.0,30300,30367.0,11.0,11.0,1.1166666666666667,1.1166666666666667,0.0,2026-03,Friday,0,2026-03-06,Friday,2026-03,8,Morning Peak,1,0,1.1167,1.1167,680,1,0.0,0,0,2026,3,March,Q1,BA:Green-N | Morning Peak,142,2.82,6.27,1.81,Chronic,59.64,P3 - Reliability Watch,7.0,Not Late,Not Severe,Eligible
BA:1842268:20260331,2026-03-06,BA:Yellow-N,901902,11:04:00,11:04:47,901302,11:08:00,11:08:47,39840,39887.0,40080,40127.0,4.0,4.0,0.7833333333333333,0.7833333333333333,0.0,2026-03,Friday,0,2026-03-06,Friday,2026-03,11,Midday,0,0,0.7833,1.4833,647,1,0.0,0,0,2026,3,March,Q1,BA:Yellow-N | Midday,115,0.0,,0.0,Reliable,15.0,Monitor,14.0,Not Late,Not Severe,Eligible
BA:1842269:20260331,2026-03-06,BA:Yellow-N,901902,11:24:00,11:24:47,901302,11:28:00,11:28:47,41040,41087.0,41280,41327.0,4.0,4.0,0.7833333333333333,0.7833333333333333,0.0,2026-03,Friday,0,2026-03-06,Friday,2026-03,11,Midday,0,0,0.7833,1.4833,647,1,0.0,0,0,2026,3,March,Q1,BA:Yellow-N | Midday,115,0.0,,0.0,Reliable,15.0,Monitor,14.0,Not Late,Not Severe,Eligible
BA:1842244:20260331,2026-03-05,BA:Yellow-N,901902,24:08:00,24:11:29,901302,24:18:00,24:22:11,86880,87089.0,87480,87731.0,10.0,10.7,4.183333333333334,3.4833333333333334,0.6999999999999993,2026-03,Thursday,1,2026-03-06,Friday,2026-03,0,Overnight,0,0,4.1833,1.4833,647,1,2.7,0,0,2026,3,March,Q1,BA:Yellow-N | Overnight,335,26.27,7.33,68.28,Chronic,95.71,P1 - Primary Hotspot,1.0,Not Late,Not Severe,Eligible
BA:1842244:20260331,2026-03-06,BA:Yellow-N,901902,24:08:00,24:09:11,901302,24:18:00,24:19:48,86880,86951.0,87480,87588.0,10.0,10.616666666666667,1.8,1.1833333333333331,0.6166666666666671,2026-03,Friday,1,2026-03-07,Saturday,2026-03,0,Overnight,0,0,1.8,1.4833,647,1,0.3167,0,0,2026,3,March,Q1,BA:Yellow-N | Overnight,335,26.27,7.33,68.28,Chronic,95.71,P1 - Primary Hotspot,1.0,Not Late,Not Severe,Eligible
BA:1841951:20260331,2026-03-09,BA:Blue-N,901901,16:11:00,16:11:49,901302,16:22:00,16:22:49,58260,58309.0,58920,58969.0,11.0,11.0,0.8166666666666667,0.8166666666666667,0.0,2026-03,Monday,0,2026-03-09,Monday,2026-03,16,Evening Peak,0,1,0.8167,0.8167,479,1,0.0,0,0,2026,3,March,Q1,BA:Blue-N | Evening Peak,89,0.0,,0.11,Reliable,23.57,Monitor,11.0,Not Late,Not Severe,Eligible
BA:1841954:20260331,2026-03-09,BA:Blue-N,901901,17:31:00,17:31:49,901302,17:42:00,17:42:49,63060,63109.0,63720,63769.0,11.0,11.0,0.8166666666666667,0.8166666666666667,0.0,2026-03,Monday,0,2026-03-09,Monday,2026-03,17,Evening Peak,0,1,0.8167,0.8167,479,1,0.0,0,0,2026,3,March,Q1,BA:Blue-N | Evening Peak,89,0.0,,0.11,Reliable,23.57,Monitor,11.0,Not Late,Not Severe,Eligible
BA:1842220:20260331,2026-03-09,BA:Yellow-N,901902,16:09:00,16:09:29,901302,16:19:00,16:20:29,58140,58169.0,58740,58829.0,10.0,11.0,1.4833333333333334,0.4833333333333333,1.0,2026-03,Monday,0,2026-03-09,Monday,2026-03,16,Evening Peak,0,1,1.4833,1.4833,647,1,0.0,0,0,2026,3,March,Q1,BA:Yellow-N | Evening Peak,72,0.0,,0.0,Reliable,15.0,Monitor,13.0,Not Late,Not Severe,Eligible
BA:1842253:20260331,2026-03-10,BA:Yellow-N,901902,05:17:00,05:17:41,901302,05:28:00,05:28:41,19020,19061.0,19680,19721.0,11.0,11.0,0.6833333333333333,0.6833333333333333,0.0,2026-03,Tuesday,0,2026-03-10,Tuesday,2026-03,5,Overnight,0,0,0.6833,1.4833,647,1,0.0,0,0,2026,3,March,Q1,BA:Yellow-N | Overnight,335,26.27,7.33,68.28,Chronic,95.71,P1 - Primary Hotspot,1.0,Not Late,Not Severe,Eligible
BA:1842274:20260331,2026-03-10,BA:Yellow-N,901902,12:37:00,12:37:47,901302,12:48:00,12:48:47,45420,45467.0,46080,46127.0,11.0,11.0,0.7833333333333333,0.7833333333333333,0.0,2026-03,Tuesday,0,2026-03-10,Tuesday,2026-03,12,Midday,0,0,0.7833,1.4833,647,1,0.0,0,0,2026,3,March,Q1,BA:Yellow-N | Midday,115,0.0,,0.0,Reliable,15.0,Monitor,14.0,Not Late,Not Severe,Eligible
BA:1842244:20260331,2026-03-09,BA:Yellow-N,901902,24:08:00,24:10:36,901302,24:18:00,24:21:17,86880,87036.0,87480,87677.0,10.0,10.683333333333334,3.283333333333333,2.6,0.6833333333333336,2026-03,Monday,1,2026-03-10,Tuesday,2026-03,0,Overnight,0,0,3.2833,1.4833,647,1,1.8,0,0,2026,3,March,Q1,BA:Yellow-N | Overnight,335,26.27,7.33,68.28,Chronic,95.71,P1 - Primary Hotspot,1.0,Not Late,Not Severe,Eligible
BA:1842279:20260331,2026-03-11,BA:Yellow-N,901902,14:37:00,14:37:47,901302,14:48:00,14:48:47,52620,52667.0,53280,53327.0,11.0,11.0,0.7833333333333333,0.7833333333333333,0.0,2026-03,Wednesday,0,2026-03-11,Wednesday,2026-03,14,Midday,0,0,0.7833,1.4833,647,1,0.0,0,0,2026,3,March,Q1,BA:Yellow-N | Midday,115,0.0,,0.0,Reliable,15.0,Monitor,14.0,Not Late,Not Severe,Eligible
BA:1842286:20260331,2026-03-11,BA:Yellow-N,901902,16:37:00,16:37:47,901302,16:48:00,16:48:47,59820,59867.0,60480,60527.0,11.0,11.0,0.7833333333333333,0.7833333333333333,0.0,2026-03,Wednesday,0,2026-03-11,Wednesday,2026-03,16,Evening Peak,0,1,0.7833,1.4833,647,1,0.0,0,0,2026,3,March,Q1,BA:Yellow-N | Evening Peak,72,0.0,,0.0,Reliable,15.0,Monitor,13.0,Not Late,Not Severe,Eligible
BA:1842292:20260331,2026-03-11,BA:Yellow-N,901902,18:57:00,18:57:47,901302,19:08:00,19:08:47,68220,68267.0,68880,68927.0,11.0,11.0,0.7833333333333333,0.7833333333333333,0.0,2026-03,Wednesday,0,2026-03-11,Wednesday,2026-03,18,Evening Peak,0,1,0.7833,1.4833,647,1,0.0,0,0,2026,3,March,Q1,BA:Yellow-N | Evening Peak,72,0.0,,0.0,Reliable,15.0,Monitor,13.0,Not Late,Not Severe,Eligible
BA:1842244:20260331,2026-03-10,BA:Yellow-N,901902,24:08:00,24:11:12,901302,24:18:00,24:22:03,86880,87072.0,87480,87723.0,10.0,10.85,4.05,3.2,0.8499999999999996,2026-03,Tuesday,1,2026-03-11,Wednesday,2026-03,0,Overnight,0,0,4.05,1.4833,647,1,2.5667,0,0,2026,3,March,Q1,BA:Yellow-N | Overnight,335,26.27,7.33,68.28,Chronic,95.71,P1 - Primary Hotspot,1.0,Not Late,Not Severe,Eligible
BA:1842275:20260331,2026-03-12,BA:Yellow-N,901902,12:57:00,12:57:47,901302,13:08:00,13:08:47,46620,46667.0,47280,47327.0,11.0,11.0,0.7833333333333333,0.7833333333333333,0.0,2026-03,Thursday,0,2026-03-12,Thursday,2026-03,12,Midday,0,0,0.7833,1.4833,647,1,0.0,0,0,2026,3,March,Q1,BA:Yellow-N | Midday,115,0.0,,0.0,Reliable,15.0,Monitor,14.0,Not Late,Not Severe,Eligible
BA:1842244:20260331,2026-03-11,BA:Yellow-N,901902,24:08:00,24:10:33,901302,24:18:00,24:22:16,86880,87033.0,87480,87736.0,10.0,11.716666666666669,4.266666666666667,2.55,1.7166666666666668,2026-03,Wednesday,1,2026-03-12,Thursday,2026-03,0,Overnight,0,0,4.2667,1.4833,647,1,2.7833,0,0,2026,3,March,Q1,BA:Yellow-N | Overnight,335,26.27,7.33,68.28,Chronic,95.71,P1 - Primary Hotspot,1.0,Not Late,Not Severe,Eligible
BA:1841961:20260331,2026-03-13,BA:Blue-N,901901,20:02:00,20:02:25,901302,20:07:00,20:08:25,72120,72145.0,72420,72505.0,5.0,6.0,1.4166666666666667,0.4166666666666667,1.0,2026-03,Friday,0,2026-03-13,Friday,2026-03,20,Evening,0,0,1.4167,0.8167,479,1,0.6,0,0,2026,3,March,Q1,BA:Blue-N | Evening,103,2.91,5.87,5.12,Chronic,73.21,P2 - High Burden,4.0,Not Late,Not Severe,Eligible
BA:1842281:20260331,2026-03-13,BA:Yellow-N,901902,15:57:00,15:57:47,901302,16:08:00,16:08:47,57420,57467.0,58080,58127.0,11.0,11.0,0.7833333333333333,0.7833333333333333,0.0,2026-03,Friday,0,2026-03-13,Friday,2026-03,15,Midday,0,0,0.7833,1.4833,647,1,0.0,0,0,2026,3,March,Q1,BA:Yellow-N | Midday,115,0.0,,0.0,Reliable,15.0,Monitor,14.0,Not Late,Not Severe,Eligible
BA:1842244:20260331,2026-03-12,BA:Yellow-N,901902,24:08:00,24:09:24,901302,24:18:00,24:20:12,86880,86964.0,87480,87612.0,10.0,10.8,2.2,1.4,0.8000000000000007,2026-03,Thursday,1,2026-03-13,Friday,2026-03,0,Overnight,0,0,2.2,1.4833,647,1,0.7167,0,0,2026,3,March,Q1,BA:Yellow-N | Overnight,335,26.27,7.33,68.28,Chronic,95.71,P1 - Primary Hotspot,1.0,Not Late,Not Severe,Eligible
BA:1842244:20260331,2026-03-13,BA:Yellow-N,901902,24:08:00,24:10:44,901302,24:18:00,24:24:11,86880,87044.0,87480,87851.0,10.0,13.45,6.183333333333334,2.7333333333333334,3.4499999999999993,2026-03,Friday,1,2026-03-14,Saturday,2026-03,0,Overnight,0,0,6.1833,1.4833,647,1,4.7,1,0,2026,3,March,Q1,BA:Yellow-N | Overnight,335,26.27,7.33,68.28,Chronic,95.71,P1 - Primary Hotspot,1.0,Late,Not Severe,Eligible
BA:1841958:20260331,2026-03-16,BA:Blue-N,901901,18:51:00,18:51:49,901302,19:02:00,19:02:49,67860,67909.0,68520,68569.0,11.0,11.0,0.8166666666666667,0.8166666666666667,0.0,2026-03,Monday,0,2026-03-16,Monday,2026-03,18,Evening Peak,0,1,0.8167,0.8167,479,1,0.0,0,0,2026,3,March,Q1,BA:Blue-N | Evening Peak,89,0.0,,0.11,Reliable,23.57,Monitor,11.0,Not Late,Not Severe,Eligible
BA:1841924:20260331,2026-03-17,BA:Blue-N,901901,07:11:00,07:11:49,901302,07:22:00,07:22:49,25860,25909.0,26520,26569.0,11.0,11.0,0.8166666666666667,0.8166666666666667,0.0,2026-03,Tuesday,0,2026-03-17,Tuesday,2026-03,7,Morning Peak,1,0,0.8167,0.8167,479,1,0.0,0,0,2026,3,March,Q1,BA:Blue-N | Morning Peak,88,1.14,7.27,0.6,Chronic,47.86,P3 - Reliability Watch,9.0,Not Late,Not Severe,Eligible
BA:1841925:20260331,2026-03-17,BA:Blue-N,901901,07:31:00,07:31:49,901302,07:42:00,07:42:49,27060,27109.0,27720,27769.0,11.0,11.0,0.8166666666666667,0.8166666666666667,0.0,2026-03,Tuesday,0,2026-03-17,Tuesday,2026-03,7,Morning Peak,1,0,0.8167,0.8167,479,1,0.0,0,0,2026,3,March,Q1,BA:Blue-N | Morning Peak,88,1.14,7.27,0.6,Chronic,47.86,P3 - Reliability Watch,9.0,Not Late,Not Severe,Eligible
BA:1842202:20260331,2026-03-17,BA:Yellow-N,901902,10:09:00,10:09:29,901302,10:19:00,10:20:29,36540,36569.0,37140,37229.0,10.0,11.0,1.4833333333333334,0.4833333333333333,1.0,2026-03,Tuesday,0,2026-03-17,Tuesday,2026-03,10,Midday,0,0,1.4833,1.4833,647,1,0.0,0,0,2026,3,March,Q1,BA:Yellow-N | Midday,115,0.0,,0.0,Reliable,15.0,Monitor,14.0,Not Late,Not Severe,Eligible
BA:1842244:20260331,2026-03-16,BA:Yellow-N,901902,24:08:00,24:10:44,901302,24:18:00,24:21:31,86880,87044.0,87480,87691.0,10.0,10.783333333333331,3.5166666666666666,2.7333333333333334,0.7833333333333332,2026-03,Monday,1,2026-03-17,Tuesday,2026-03,0,Overnight,0,0,3.5167,1.4833,647,1,2.0333,0,0,2026,3,March,Q1,BA:Yellow-N | Overnight,335,26.27,7.33,68.28,Chronic,95.71,P1 - Primary Hotspot,1.0,Not Late,Not Severe,Eligible
BA:1842228:20260331,2026-03-18,BA:Yellow-N,901902,18:49:00,18:49:29,901302,18:59:00,19:00:29,67740,67769.0,68340,68429.0,10.0,11.0,1.4833333333333334,0.4833333333333333,1.0,2026-03,Wednesday,0,2026-03-18,Wednesday,2026-03,18,Evening Peak,0,1,1.4833,1.4833,647,1,0.0,0,0,2026,3,March,Q1,BA:Yellow-N | Evening Peak,72,0.0,,0.0,Reliable,15.0,Monitor,13.0,Not Late,Not Severe,Eligible
BA:1842244:20260331,2026-03-17,BA:Yellow-N,901902,24:08:00,24:09:16,901302,24:18:00,24:20:55,86880,86956.0,87480,87655.0,10.0,11.65,2.9166666666666665,1.2666666666666666,1.6500000000000004,2026-03,Tuesday,1,2026-03-18,Wednesday,2026-03,0,Overnight,0,0,2.9167,1.4833,647,1,1.4333,0,0,2026,3,March,Q1,BA:Yellow-N | Overnight,335,26.27,7.33,68.28,Chronic,95.71,P1 - Primary Hotspot,1.0,Not Late,Not Severe,Eligible
BA:1842244:20260331,2026-03-18,BA:Yellow-N,901902,24:08:00,24:12:29,901302,24:18:00,24:23:07,86880,87149.0,87480,87787.0,10.0,10.633333333333333,5.116666666666666,4.483333333333333,0.6333333333333329,2026-03,Wednesday,1,2026-03-19,Thursday,2026-03,0,Overnight,0,0,5.1167,1.4833,647,1,3.6333,1,0,2026,3,March,Q1,BA:Yellow-N | Overnight,335,26.27,7.33,68.28,Chronic,95.71,P1 - Primary Hotspot,1.0,Late,Not Severe,Eligible
BA:1842244:20260331,2026-03-19,BA:Yellow-N,901902,24:08:00,24:14:52,901302,24:18:00,24:25:32,86880,87292.0,87480,87932.0,10.0,10.666666666666666,7.533333333333333,6.866666666666666,0.6666666666666661,2026-03,Thursday,1,2026-03-20,Friday,2026-03,0,Overnight,0,0,7.5333,1.4833,647,1,6.05,1,0,2026,3,March,Q1,BA:Yellow-N | Overnight,335,26.27,7.33,68.28,Chronic,95.71,P1 - Primary Hotspot,1.0,Late,Not Severe,Eligible
BA:1842244:20260331,2026-03-20,BA:Yellow-N,901902,24:08:00,24:11:10,901302,24:18:00,24:22:14,86880,87070.0,87480,87734.0,10.0,11.066666666666666,4.233333333333333,3.1666666666666665,1.0666666666666664,2026-03,Friday,1,2026-03-21,Saturday,2026-03,0,Overnight,0,0,4.2333,1.4833,647,1,2.75,0,0,2026,3,March,Q1,BA:Yellow-N | Overnight,335,26.27,7.33,68.28,Chronic,95.71,P1 - Primary Hotspot,1.0,Not Late,Not Severe,Eligible
BA:1842227:20260331,2026-03-23,BA:Yellow-N,901902,18:29:00,18:29:29,901302,18:39:00,18:40:29,66540,66569.0,67140,67229.0,10.0,11.0,1.4833333333333334,0.4833333333333333,1.0,2026-03,Monday,0,2026-03-23,Monday,2026-03,18,Evening Peak,0,1,1.4833,1.4833,647,1,0.0,0,0,2026,3,March,Q1,BA:Yellow-N | Evening Peak,72,0.0,,0.0,Reliable,15.0,Monitor,13.0,Not Late,Not Severe,Eligible
BA:1842203:20260331,2026-03-24,BA:Yellow-N,901902,10:29:00,10:29:29,901302,10:39:00,10:40:29,37740,37769.0,38340,38429.0,10.0,11.0,1.4833333333333334,0.4833333333333333,1.0,2026-03,Tuesday,0,2026-03-24,Tuesday,2026-03,10,Midday,0,0,1.4833,1.4833,647,1,0.0,0,0,2026,3,March,Q1,BA:Yellow-N | Midday,115,0.0,,0.0,Reliable,15.0,Monitor,14.0,Not Late,Not Severe,Eligible
BA:1842244:20260331,2026-03-23,BA:Yellow-N,901902,24:08:00,24:10:38,901302,24:18:00,24:21:23,86880,87038.0,87480,87683.0,10.0,10.75,3.3833333333333333,2.6333333333333333,0.75,2026-03,Monday,1,2026-03-24,Tuesday,2026-03,0,Overnight,0,0,3.3833,1.4833,647,1,1.9,0,0,2026,3,March,Q1,BA:Yellow-N | Overnight,335,26.27,7.33,68.28,Chronic,95.71,P1 - Primary Hotspot,1.0,Not Late,Not Severe,Eligible
BA:1841949:20260331,2026-03-25,BA:Blue-N,901901,15:31:00,15:31:49,901302,15:42:00,15:42:49,55860,55909.0,56520,56569.0,11.0,11.0,0.8166666666666667,0.8166666666666667,0.0,2026-03,Wednesday,0,2026-03-25,Wednesday,2026-03,15,Midday,0,0,0.8167,0.8167,479,1,0.0,0,0,2026,3,March,Q1,BA:Blue-N | Midday,135,0.74,8.45,0.78,Acute,52.5,P3 - Reliability Watch,8.0,Not Late,Not Severe,Eligible
BA:1841955:20260331,2026-03-25,BA:Blue-N,901901,17:51:00,17:51:49,901302,18:02:00,18:02:49,64260,64309.0,64920,64969.0,11.0,11.0,0.8166666666666667,0.8166666666666667,0.0,2026-03,Wednesday,0,2026-03-25,Wednesday,2026-03,17,Evening Peak,0,1,0.8167,0.8167,479,1,0.0,0,0,2026,3,March,Q1,BA:Blue-N | Evening Peak,89,0.0,,0.11,Reliable,23.57,Monitor,11.0,Not Late,Not Severe,Eligible
BA:1841958:20260331,2026-03-25,BA:Blue-N,901901,18:51:00,18:51:49,901302,19:02:00,19:02:49,67860,67909.0,68520,68569.0,11.0,11.0,0.8166666666666667,0.8166666666666667,0.0,2026-03,Wednesday,0,2026-03-25,Wednesday,2026-03,18,Evening Peak,0,1,0.8167,0.8167,479,1,0.0,0,0,2026,3,March,Q1,BA:Blue-N | Evening Peak,89,0.0,,0.11,Reliable,23.57,Monitor,11.0,Not Late,Not Severe,Eligible
BA:1841959:20260331,2026-03-25,BA:Blue-N,901901,19:11:00,19:11:49,901302,19:22:00,19:22:49,69060,69109.0,69720,69769.0,11.0,11.0,0.8166666666666667,0.8166666666666667,0.0,2026-03,Wednesday,0,2026-03-25,Wednesday,2026-03,19,Evening,0,0,0.8167,0.8167,479,1,0.0,0,0,2026,3,March,Q1,BA:Blue-N | Evening,103,2.91,5.87,5.12,Chronic,73.21,P2 - High Burden,4.0,Not Late,Not Severe,Eligible
BA:1842210:20260331,2026-03-25,BA:Yellow-N,901902,12:49:00,12:49:29,901302,12:59:00,13:00:29,46140,46169.0,46740,46829.0,10.0,11.0,1.4833333333333334,0.4833333333333333,1.0,2026-03,Wednesday,0,2026-03-25,Wednesday,2026-03,12,Midday,0,0,1.4833,1.4833,647,1,0.0,0,0,2026,3,March,Q1,BA:Yellow-N | Midday,115,0.0,,0.0,Reliable,15.0,Monitor,14.0,Not Late,Not Severe,Eligible
BA:1842217:20260331,2026-03-25,BA:Yellow-N,901902,15:09:00,15:09:29,901302,15:19:00,15:20:29,54540,54569.0,55140,55229.0,10.0,11.0,1.4833333333333334,0.4833333333333333,1.0,2026-03,Wednesday,0,2026-03-25,Wednesday,2026-03,15,Midday,0,0,1.4833,1.4833,647,1,0.0,0,0,2026,3,March,Q1,BA:Yellow-N | Midday,115,0.0,,0.0,Reliable,15.0,Monitor,14.0,Not Late,Not Severe,Eligible
BA:1842244:20260331,2026-03-24,BA:Yellow-N,901902,24:08:00,24:10:45,901302,24:18:00,24:21:58,86880,87045.0,87480,87718.0,10.0,11.216666666666669,3.966666666666667,2.75,1.2166666666666668,2026-03,Tuesday,1,2026-03-25,Wednesday,2026-03,0,Overnight,0,0,3.9667,1.4833,647,1,2.4833,0,0,2026,3,March,Q1,BA:Yellow-N | Overnight,335,26.27,7.33,68.28,Chronic,95.71,P1 - Primary Hotspot,1.0,Not Late,Not Severe,Eligible
BA:1842244:20260331,2026-03-25,BA:Yellow-N,901902,24:08:00,24:10:55,901302,24:18:00,24:22:47,86880,87055.0,87480,87767.0,10.0,11.866666666666667,4.783333333333333,2.9166666666666665,1.8666666666666671,2026-03,Wednesday,1,2026-03-26,Thursday,2026-03,0,Overnight,0,0,4.7833,1.4833,647,1,3.3,0,0,2026,3,March,Q1,BA:Yellow-N | Overnight,335,26.27,7.33,68.28,Chronic,95.71,P1 - Primary Hotspot,1.0,Not Late,Not Severe,Eligible
BA:1842191:20260331,2026-03-27,BA:Yellow-N,901902,06:29:00,06:29:29,901302,06:39:00,06:40:29,23340,23369.0,23940,24029.0,10.0,11.0,1.4833333333333334,0.4833333333333333,1.0,2026-03,Friday,0,2026-03-27,Friday,2026-03,6,Overnight,0,0,1.4833,1.4833,647,1,0.0,0,0,2026,3,March,Q1,BA:Yellow-N | Overnight,335,26.27,7.33,68.28,Chronic,95.71,P1 - Primary Hotspot,1.0,Not Late,Not Severe,Eligible
BA:1842244:20260331,2026-03-26,BA:Yellow-N,901902,24:08:00,24:12:19,901302,24:18:00,24:23:00,86880,87139.0,87480,87780.0,10.0,10.683333333333334,5.0,4.316666666666666,0.6833333333333336,2026-03,Thursday,1,2026-03-27,Friday,2026-03,0,Overnight,0,0,5.0,1.4833,647,1,3.5167,1,0,2026,3,March,Q1,BA:Yellow-N | Overnight,335,26.27,7.33,68.28,Chronic,95.71,P1 - Primary Hotspot,1.0,Late,Not Severe,Eligible
BA:1842244:20260331,2026-03-27,BA:Yellow-N,901902,24:08:00,24:09:47,901302,24:18:00,24:20:28,86880,86987.0,87480,87628.0,10.0,10.683333333333334,2.466666666666667,1.7833333333333334,0.6833333333333336,2026-03,Friday,1,2026-03-28,Saturday,2026-03,0,Overnight,0,0,2.4667,1.4833,647,1,0.9833,0,0,2026,3,March,Q1,BA:Yellow-N | Overnight,335,26.27,7.33,68.28,Chronic,95.71,P1 - Primary Hotspot,1.0,Not Late,Not Severe,Eligible
BA:1842217:20260331,2026-03-30,BA:Yellow-N,901902,15:09:00,15:09:29,901302,15:19:00,15:20:29,54540,54569.0,55140,55229.0,10.0,11.0,1.4833333333333334,0.4833333333333333,1.0,2026-03,Monday,0,2026-03-30,Monday,2026-03,15,Midday,0,0,1.4833,1.4833,647,1,0.0,0,0,2026,3,March,Q1,BA:Yellow-N | Midday,115,0.0,,0.0,Reliable,15.0,Monitor,14.0,Not Late,Not Severe,Eligible
BA:1842244:20260331,2026-03-30,BA:Yellow-N,901902,24:08:00,24:12:16,901302,24:18:00,24:23:14,86880,87136.0,87480,87794.0,10.0,10.966666666666669,5.233333333333333,4.266666666666667,0.9666666666666668,2026-03,Monday,1,2026-03-31,Tuesday,2026-03,0,Overnight,0,0,5.2333,1.4833,647,1,3.75,1,0,2026,3,March,Q1,BA:Yellow-N | Overnight,335,26.27,7.33,68.28,Chronic,95.71,P1 - Primary Hotspot,1.0,Late,Not Severe,Eligible
BA:1841918:20260430,2026-04-01,BA:Blue-N,901901,05:18:00,05:18:49,901302,05:22:00,05:22:49,19080,19129.0,19320,19369.0,4.0,4.0,0.8166666666666667,0.8166666666666667,0.0,2026-04,Wednesday,0,2026-04-01,Wednesday,2026-04,5,Overnight,0,0,0.8167,0.8167,479,1,0.0,0,0,2026,4,April,Q2,BA:Blue-N | Overnight,64,0.0,,0.11,Reliable,23.57,Monitor,12.0,Not Late,Not Severe,Eligible
BA:1841920:20260430,2026-04-01,BA:Blue-N,901901,05:58:00,05:58:49,901302,06:02:00,06:02:49,21480,21529.0,21720,21769.0,4.0,4.0,0.8166666666666667,0.8166666666666667,0.0,2026-04,Wednesday,0,2026-04-01,Wednesday,2026-04,5,Overnight,0,0,0.8167,0.8167,479,1,0.0,0,0,2026,4,April,Q2,BA:Blue-N | Overnight,64,0.0,,0.11,Reliable,23.57,Monitor,12.0,Not Late,Not Severe,Eligible
BA:1841922:20260430,2026-04-01,BA:Blue-N,901901,06:38:00,06:38:49,901302,06:42:00,06:42:49,23880,23929.0,24120,24169.0,4.0,4.0,0.8166666666666667,0.8166666666666667,0.0,2026-04,Wednesday,0,2026-04-01,Wednesday,2026-04,6,Overnight,0,0,0.8167,0.8167,479,1,0.0,0,0,2026,4,April,Q2,BA:Blue-N | Overnight,64,0.0,,0.11,Reliable,23.57,Monitor,12.0,Not Late,Not Severe,Eligible
BA:1842212:20260430,2026-04-01,BA:Yellow-N,901902,13:29:00,13:29:29,901302,13:39:00,13:40:29,48540,48569.0,49140,49229.0,10.0,11.0,1.4833333333333334,0.4833333333333333,1.0,2026-04,Wednesday,0,2026-04-01,Wednesday,2026-04,13,Midday,0,0,1.4833,1.4833,647,1,0.0,0,0,2026,4,April,Q2,BA:Yellow-N | Midday,115,0.0,,0.0,Reliable,15.0,Monitor,14.0,Not Late,Not Severe,Eligible
BA:1842280:20260430,2026-04-01,BA:Yellow-N,901902,14:57:00,14:57:47,901302,15:08:00,15:08:47,53820,53867.0,54480,54527.0,11.0,11.0,0.7833333333333333,0.7833333333333333,0.0,2026-04,Wednesday,0,2026-04-01,Wednesday,2026-04,14,Midday,0,0,0.7833,1.4833,647,1,0.0,0,0,2026,4,April,Q2,BA:Yellow-N | Midday,115,0.0,,0.0,Reliable,15.0,Monitor,14.0,Not Late,Not Severe,Eligible
BA:1842282:20260430,2026-04-01,BA:Yellow-N,901902,15:17:00,15:17:47,901302,15:28:00,15:28:47,55020,55067.0,55680,55727.0,11.0,11.0,0.7833333333333333,0.7833333333333333,0.0,2026-04,Wednesday,0,2026-04-01,Wednesday,2026-04,15,Midday,0,0,0.7833,1.4833,647,1,0.0,0,0,2026,4,April,Q2,BA:Yellow-N | Midday,115,0.0,,0.0,Reliable,15.0,Monitor,14.0,Not Late,Not Severe,Eligible
BA:1842283:20260430,2026-04-01,BA:Yellow-N,901902,15:37:00,15:37:47,901302,15:48:00,15:48:47,56220,56267.0,56880,56927.0,11.0,11.0,0.7833333333333333,0.7833333333333333,0.0,2026-04,Wednesday,0,2026-04-01,Wednesday,2026-04,15,Midday,0,0,0.7833,1.4833,647,1,0.0,0,0,2026,4,April,Q2,BA:Yellow-N | Midday,115,0.0,,0.0,Reliable,15.0,Monitor,14.0,Not Late,Not Severe,Eligible
BA:1842286:20260430,2026-04-01,BA:Yellow-N,901902,16:39:00,16:40:05,901302,16:48:00,16:48:47,59940,60005.0,60480,60527.0,9.0,8.7,0.7833333333333333,1.0833333333333333,-0.3000000000000007,2026-04,Wednesday,0,2026-04-01,Wednesday,2026-04,16,Evening Peak,0,1,0.7833,1.4833,647,1,0.0,0,0,2026,4,April,Q2,BA:Yellow-N | Evening Peak,72,0.0,,0.0,Reliable,15.0,Monitor,13.0,Not Late,Not Severe,Eligible
BA:1842244:20260430,2026-04-01,BA:Yellow-N,901902,24:08:00,24:11:19,901302,24:18:00,24:22:09,86880,87079.0,87480,87729.0,10.0,10.833333333333334,4.15,3.316666666666667,0.8333333333333339,2026-04,Wednesday,1,2026-04-02,Thursday,2026-04,0,Overnight,0,0,4.15,1.4833,647,1,2.6667,0,0,2026,4,April,Q2,BA:Yellow-N | Overnight,335,26.27,7.33,68.28,Chronic,95.71,P1 - Primary Hotspot,1.0,Not Late,Not Severe,Eligible
BA:1842244:20260430,2026-04-02,BA:Yellow-N,901902,24:08:00,24:12:54,901302,24:18:00,24:23:10,86880,87174.0,87480,87790.0,10.0,10.266666666666667,5.166666666666667,4.9,0.2666666666666675,2026-04,Thursday,1,2026-04-03,Friday,2026-04,0,Overnight,0,0,5.1667,1.4833,647,1,3.6833,1,0,2026,4,April,Q2,BA:Yellow-N | Overnight,335,26.27,7.33,68.28,Chronic,95.71,P1 - Primary Hotspot,1.0,Late,Not Severe,Eligible
BA:1842244:20260430,2026-04-03,BA:Yellow-N,901902,24:08:00,24:10:18,901302,24:18:00,24:21:11,86880,87018.0,87480,87671.0,10.0,10.883333333333333,3.183333333333333,2.3,0.8833333333333329,2026-04,Friday,1,2026-04-04,Saturday,2026-04,0,Overnight,0,0,3.1833,1.4833,647,1,1.7,0,0,2026,4,April,Q2,BA:Yellow-N | Overnight,335,26.27,7.33,68.28,Chronic,95.71,P1 - Primary Hotspot,1.0,Not Late,Not Severe,Eligible
BA:1841923:20260430,2026-04-06,BA:Blue-N,901901,06:51:00,06:51:49,901302,07:02:00,07:02:49,24660,24709.0,25320,25369.0,11.0,11.0,0.8166666666666667,0.8166666666666667,0.0,2026-04,Monday,0,2026-04-06,Monday,2026-04,6,Overnight,0,0,0.8167,0.8167,479,1,0.0,0,0,2026,4,April,Q2,BA:Blue-N | Overnight,64,0.0,,0.11,Reliable,23.57,Monitor,12.0,Not Late,Not Severe,Eligible
BA:1841939:20260430,2026-04-06,BA:Blue-N,901901,12:11:00,12:11:49,901302,12:22:00,12:22:49,43860,43909.0,44520,44569.0,11.0,11.0,0.8166666666666667,0.8166666666666667,0.0,2026-04,Monday,0,2026-04-06,Monday,2026-04,12,Midday,0,0,0.8167,0.8167,479,1,0.0,0,0,2026,4,April,Q2,BA:Blue-N | Midday,135,0.74,8.45,0.78,Acute,52.5,P3 - Reliability Watch,8.0,Not Late,Not Severe,Eligible
BA:1841943:20260430,2026-04-06,BA:Blue-N,901901,13:31:00,13:31:49,901302,13:42:00,13:42:49,48660,48709.0,49320,49369.0,11.0,11.0,0.8166666666666667,0.8166666666666667,0.0,2026-04,Monday,0,2026-04-06,Monday,2026-04,13,Midday,0,0,0.8167,0.8167,479,1,0.0,0,0,2026,4,April,Q2,BA:Blue-N | Midday,135,0.74,8.45,0.78,Acute,52.5,P3 - Reliability Watch,8.0,Not Late,Not Severe,Eligible
BA:1841949:20260430,2026-04-06,BA:Blue-N,901901,15:36:00,15:36:49,901302,15:42:00,15:42:49,56160,56209.0,56520,56569.0,6.0,6.0,0.8166666666666667,0.8166666666666667,0.0,2026-04,Monday,0,2026-04-06,Monday,2026-04,15,Midday,0,0,0.8167,0.8167,479,1,0.0,0,0,2026,4,April,Q2,BA:Blue-N | Midday,135,0.74,8.45,0.78,Acute,52.5,P3 - Reliability Watch,8.0,Not Late,Not Severe,Eligible
BA:1841956:20260430,2026-04-06,BA:Blue-N,901901,18:11:00,18:11:49,901302,18:22:00,18:22:49,65460,65509.0,66120,66169.0,11.0,11.0,0.8166666666666667,0.8166666666666667,0.0,2026-04,Monday,0,2026-04-06,Monday,2026-04,18,Evening Peak,0,1,0.8167,0.8167,479,1,0.0,0,0,2026,4,April,Q2,BA:Blue-N | Evening Peak,89,0.0,,0.11,Reliable,23.57,Monitor,11.0,Not Late,Not Severe,Eligible
BA:1842294:20260430,2026-04-06,BA:Yellow-N,901902,06:39:00,06:40:05,901302,06:48:00,06:48:47,23940,24005.0,24480,24527.0,9.0,8.7,0.7833333333333333,1.0833333333333333,-0.3000000000000007,2026-04,Monday,0,2026-04-06,Monday,2026-04,6,Overnight,0,0,0.7833,1.4833,647,1,0.0,0,0,2026,4,April,Q2,BA:Yellow-N | Overnight,335,26.27,7.33,68.28,Chronic,95.71,P1 - Primary Hotspot,1.0,Not Late,Not Severe,Eligible
BA:1842193:20260430,2026-04-06,BA:Yellow-N,901902,07:09:00,07:09:29,901302,07:19:00,07:20:29,25740,25769.0,26340,26429.0,10.0,11.0,1.4833333333333334,0.4833333333333333,1.0,2026-04,Monday,0,2026-04-06,Monday,2026-04,7,Morning Peak,1,0,1.4833,1.4833,647,1,0.0,0,0,2026,4,April,Q2,BA:Yellow-N | Morning Peak,75,0.0,,0.44,Reliable,30.0,Monitor,10.0,Not Late,Not Severe,Eligible
BA:1842204:20260430,2026-04-06,BA:Yellow-N,901902,10:49:00,10:49:29,901302,10:59:00,11:00:29,38940,38969.0,39540,39629.0,10.0,11.0,1.4833333333333334,0.4833333333333333,1.0,2026-04,Monday,0,2026-04-06,Monday,2026-04,10,Midday,0,0,1.4833,1.4833,647,1,0.0,0,0,2026,4,April,Q2,BA:Yellow-N | Midday,115,0.0,,0.0,Reliable,15.0,Monitor,14.0,Not Late,Not Severe,Eligible
BA:1842206:20260430,2026-04-06,BA:Yellow-N,901902,11:29:00,11:29:29,901302,11:39:00,11:40:29,41340,41369.0,41940,42029.0,10.0,11.0,1.4833333333333334,0.4833333333333333,1.0,2026-04,Monday,0,2026-04-06,Monday,2026-04,11,Midday,0,0,1.4833,1.4833,647,1,0.0,0,0,2026,4,April,Q2,BA:Yellow-N | Midday,115,0.0,,0.0,Reliable,15.0,Monitor,14.0,Not Late,Not Severe,Eligible
BA:1842285:20260430,2026-04-06,BA:Yellow-N,901902,16:17:00,16:17:47,901302,16:28:00,16:28:47,58620,58667.0,59280,59327.0,11.0,11.0,0.7833333333333333,0.7833333333333333,0.0,2026-04,Monday,0,2026-04-06,Monday,2026-04,16,Evening Peak,0,1,0.7833,1.4833,647,1,0.0,0,0,2026,4,April,Q2,BA:Yellow-N | Evening Peak,72,0.0,,0.0,Reliable,15.0,Monitor,13.0,Not Late,Not Severe,Eligible
BA:1842244:20260430,2026-04-06,BA:Yellow-N,901902,24:08:00,24:11:01,901302,24:18:00,24:22:00,86880,87061.0,87480,87720.0,10.0,10.983333333333333,4.0,3.0166666666666666,0.9833333333333324,2026-04,Monday,1,2026-04-07,Tuesday,2026-04,0,Overnight,0,0,4.0,1.4833,647,1,2.5167,0,0,2026,4,April,Q2,BA:Yellow-N | Overnight,335,26.27,7.33,68.28,Chronic,95.71,P1 - Primary Hotspot,1.0,Not Late,Not Severe,Eligible
BA:1842244:20260430,2026-04-07,BA:Yellow-N,901902,24:08:00,24:12:37,901302,24:18:00,24:23:25,86880,87157.0,87480,87805.0,10.0,10.8,5.416666666666667,4.616666666666666,0.8000000000000007,2026-04,Tuesday,1,2026-04-08,Wednesday,2026-04,0,Overnight,0,0,5.4167,1.4833,647,1,3.9333,1,0,2026,4,April,Q2,BA:Yellow-N | Overnight,335,26.27,7.33,68.28,Chronic,95.71,P1 - Primary Hotspot,1.0,Late,Not Severe,Eligible
BA:1842244:20260430,2026-04-08,BA:Yellow-N,901902,24:08:00,24:10:52,901302,24:18:00,24:21:22,86880,87052.0,87480,87682.0,10.0,10.5,3.3666666666666667,2.8666666666666667,0.5,2026-04,Wednesday,1,2026-04-09,Thursday,2026-04,0,Overnight,0,0,3.3667,1.4833,647,1,1.8833,0,0,2026,4,April,Q2,BA:Yellow-N | Overnight,335,26.27,7.33,68.28,Chronic,95.71,P1 - Primary Hotspot,1.0,Not Late,Not Severe,Eligible
BA:1842226:20260430,2026-04-10,BA:Yellow-N,901902,18:09:00,18:09:29,901302,18:19:00,18:20:29,65340,65369.0,65940,66029.0,10.0,11.0,1.4833333333333334,0.4833333333333333,1.0,2026-04,Friday,0,2026-04-10,Friday,2026-04,18,Evening Peak,0,1,1.4833,1.4833,647,1,0.0,0,0,2026,4,April,Q2,BA:Yellow-N | Evening Peak,72,0.0,,0.0,Reliable,15.0,Monitor,13.0,Not Late,Not Severe,Eligible
BA:1842244:20260430,2026-04-09,BA:Yellow-N,901902,24:08:00,24:10:44,901302,24:18:00,24:21:59,86880,87044.0,87480,87719.0,10.0,11.25,3.9833333333333334,2.7333333333333334,1.25,2026-04,Thursday,1,2026-04-10,Friday,2026-04,0,Overnight,0,0,3.9833,1.4833,647,1,2.5,0,0,2026,4,April,Q2,BA:Yellow-N | Overnight,335,26.27,7.33,68.28,Chronic,95.71,P1 - Primary Hotspot,1.0,Not Late,Not Severe,Eligible
BA:1842244:20260430,2026-04-10,BA:Yellow-N,901902,24:08:00,24:09:08,901302,24:18:00,24:20:26,86880,86948.0,87480,87626.0,10.0,11.3,2.433333333333333,1.1333333333333333,1.3000000000000007,2026-04,Friday,1,2026-04-11,Saturday,2026-04,0,Overnight,0,0,2.4333,1.4833,647,1,0.95,0,0,2026,4,April,Q2,BA:Yellow-N | Overnight,335,26.27,7.33,68.28,Chronic,95.71,P1 - Primary Hotspot,1.0,Not Late,Not Severe,Eligible
BA:1841964:20260430,2026-04-13,BA:Blue-N,901901,20:37:00,20:37:25,901302,20:47:00,20:48:25,74220,74245.0,74820,74905.0,10.0,11.0,1.4166666666666667,0.4166666666666667,1.0,2026-04,Monday,0,2026-04-13,Monday,2026-04,20,Evening,0,0,1.4167,0.8167,479,1,0.6,0,0,2026,4,April,Q2,BA:Blue-N | Evening,103,2.91,5.87,5.12,Chronic,73.21,P2 - High Burden,4.0,Not Late,Not Severe,Eligible
BA:1842238:20260430,2026-04-14,BA:Yellow-N,901902,22:08:00,22:08:29,901302,22:18:00,22:19:29,79680,79709.0,80280,80369.0,10.0,11.0,1.4833333333333334,0.4833333333333333,1.0,2026-04,Tuesday,0,2026-04-14,Tuesday,2026-04,22,Evening,0,0,1.4833,1.4833,647,1,0.0,0,0,2026,4,April,Q2,BA:Yellow-N | Evening,50,2.0,24.0,1.84,Critical,67.86,P3 - Reliability Watch,6.0,Not Late,Not Severe,Eligible
BA:1842244:20260430,2026-04-13,BA:Yellow-N,901902,24:08:00,24:12:04,901302,24:18:00,24:23:01,86880,87124.0,87480,87781.0,10.0,10.95,5.016666666666667,4.066666666666666,0.9499999999999992,2026-04,Monday,1,2026-04-14,Tuesday,2026-04,0,Overnight,0,0,5.0167,1.4833,647,1,3.5333,1,0,2026,4,April,Q2,BA:Yellow-N | Overnight,335,26.27,7.33,68.28,Chronic,95.71,P1 - Primary Hotspot,1.0,Late,Not Severe,Eligible
BA:1842244:20260430,2026-04-14,BA:Yellow-N,901902,24:08:00,24:14:01,901302,24:18:00,24:24:54,86880,87241.0,87480,87894.0,10.0,10.883333333333333,6.9,6.016666666666667,0.8833333333333329,2026-04,Tuesday,1,2026-04-15,Wednesday,2026-04,0,Overnight,0,0,6.9,1.4833,647,1,5.4167,1,0,2026,4,April,Q2,BA:Yellow-N | Overnight,335,26.27,7.33,68.28,Chronic,95.71,P1 - Primary Hotspot,1.0,Late,Not Severe,Eligible
BA:1842244:20260430,2026-04-15,BA:Yellow-N,901902,24:08:00,24:11:10,901302,24:18:00,24:22:07,86880,87070.0,87480,87727.0,10.0,10.95,4.116666666666666,3.1666666666666665,0.9499999999999992,2026-04,Wednesday,1,2026-04-16,Thursday,2026-04,0,Overnight,0,0,4.1167,1.4833,647,1,2.6333,0,0,2026,4,April,Q2,BA:Yellow-N | Overnight,335,26.27,7.33,68.28,Chronic,95.71,P1 - Primary Hotspot,1.0,Not Late,Not Severe,Eligible
BA:1842193:20260430,2026-04-17,BA:Yellow-N,901902,07:14:00,07:14:29,901302,07:19:00,07:20:29,26040,26069.0,26340,26429.0,5.0,6.0,1.4833333333333334,0.4833333333333333,1.0,2026-04,Friday,0,2026-04-17,Friday,2026-04,7,Morning Peak,1,0,1.4833,1.4833,647,1,0.0,0,0,2026,4,April,Q2,BA:Yellow-N | Morning Peak,75,0.0,,0.44,Reliable,30.0,Monitor,10.0,Not Late,Not Severe,Eligible
BA:1842199:20260430,2026-04-17,BA:Yellow-N,901902,09:14:00,09:14:29,901302,09:19:00,09:20:29,33240,33269.0,33540,33629.0,5.0,6.0,1.4833333333333334,0.4833333333333333,1.0,2026-04,Friday,0,2026-04-17,Friday,2026-04,9,Morning Peak,1,0,1.4833,1.4833,647,1,0.0,0,0,2026,4,April,Q2,BA:Yellow-N | Morning Peak,75,0.0,,0.44,Reliable,30.0,Monitor,10.0,Not Late,Not Severe,Eligible
BA:1842210:20260430,2026-04-17,BA:Yellow-N,901902,12:49:00,12:49:29,901302,12:59:00,13:00:29,46140,46169.0,46740,46829.0,10.0,11.0,1.4833333333333334,0.4833333333333333,1.0,2026-04,Friday,0,2026-04-17,Friday,2026-04,12,Midday,0,0,1.4833,1.4833,647,1,0.0,0,0,2026,4,April,Q2,BA:Yellow-N | Midday,115,0.0,,0.0,Reliable,15.0,Monitor,14.0,Not Late,Not Severe,Eligible
BA:1842244:20260430,2026-04-16,BA:Yellow-N,901902,24:08:00,24:09:58,901302,24:18:00,24:21:32,86880,86998.0,87480,87692.0,10.0,11.566666666666666,3.533333333333333,1.9666666666666663,1.5666666666666664,2026-04,Thursday,1,2026-04-17,Friday,2026-04,0,Overnight,0,0,3.5333,1.4833,647,1,2.05,0,0,2026,4,April,Q2,BA:Yellow-N | Overnight,335,26.27,7.33,68.28,Chronic,95.71,P1 - Primary Hotspot,1.0,Not Late,Not Severe,Eligible
BA:1842244:20260430,2026-04-17,BA:Yellow-N,901902,24:08:00,24:09:09,901302,24:18:00,24:20:20,86880,86949.0,87480,87620.0,10.0,11.183333333333334,2.3333333333333335,1.15,1.1833333333333336,2026-04,Friday,1,2026-04-18,Saturday,2026-04,0,Overnight,0,0,2.3333,1.4833,647,1,0.85,0,0,2026,4,April,Q2,BA:Yellow-N | Overnight,335,26.27,7.33,68.28,Chronic,95.71,P1 - Primary Hotspot,1.0,Not Late,Not Severe,Eligible
BA:1841917:20260430,2026-04-20,BA:Blue-N,901901,16:33:00,16:34:07,901302,16:42:00,16:42:49,59580,59647.0,60120,60169.0,9.0,8.7,0.8166666666666667,1.1166666666666667,-0.3000000000000007,2026-04,Monday,0,2026-04-20,Monday,2026-04,16,Evening Peak,0,1,0.8167,0.8167,479,1,0.0,0,0,2026,4,April,Q2,BA:Blue-N | Evening Peak,89,0.0,,0.11,Reliable,23.57,Monitor,11.0,Not Late,Not Severe,Eligible
BA:1842273:20260430,2026-04-20,BA:Yellow-N,901902,13:37:00,13:37:47,901302,13:48:00,13:48:47,49020,49067.0,49680,49727.0,11.0,11.0,0.7833333333333333,0.7833333333333333,0.0,2026-04,Monday,0,2026-04-20,Monday,2026-04,13,Midday,0,0,0.7833,1.4833,647,1,0.0,0,0,2026,4,April,Q2,BA:Yellow-N | Midday,115,0.0,,0.0,Reliable,15.0,Monitor,14.0,Not Late,Not Severe,Eligible
BA:1842222:20260430,2026-04-21,BA:Yellow-N,901902,16:49:00,16:49:29,901302,16:59:00,17:00:29,60540,60569.0,61140,61229.0,10.0,11.0,1.4833333333333334,0.4833333333333333,1.0,2026-04,Tuesday,0,2026-04-21,Tuesday,2026-04,16,Evening Peak,0,1,1.4833,1.4833,647,1,0.0,0,0,2026,4,April,Q2,BA:Yellow-N | Evening Peak,72,0.0,,0.0,Reliable,15.0,Monitor,13.0,Not Late,Not Severe,Eligible
BA:1842244:20260430,2026-04-20,BA:Yellow-N,901902,24:08:00,24:12:01,901302,24:18:00,24:22:58,86880,87121.0,87480,87778.0,10.0,10.95,4.966666666666667,4.016666666666667,0.9499999999999992,2026-04,Monday,1,2026-04-21,Tuesday,2026-04,0,Overnight,0,0,4.9667,1.4833,647,1,3.4833,0,0,2026,4,April,Q2,BA:Yellow-N | Overnight,335,26.27,7.33,68.28,Chronic,95.71,P1 - Primary Hotspot,1.0,Not Late,Not Severe,Eligible
BA:1842229:20260430,2026-04-22,BA:Yellow-N,901902,19:09:00,19:09:29,901302,19:19:00,19:20:29,68940,68969.0,69540,69629.0,10.0,11.0,1.4833333333333334,0.4833333333333333,1.0,2026-04,Wednesday,0,2026-04-22,Wednesday,2026-04,19,Evening,0,0,1.4833,1.4833,647,1,0.0,0,0,2026,4,April,Q2,BA:Yellow-N | Evening,50,2.0,24.0,1.84,Critical,67.86,P3 - Reliability Watch,6.0,Not Late,Not Severe,Eligible
BA:1842244:20260430,2026-04-21,BA:Yellow-N,901902,24:08:00,24:12:46,901302,24:18:00,24:23:54,86880,87166.0,87480,87834.0,10.0,11.133333333333333,5.9,4.766666666666667,1.1333333333333329,2026-04,Tuesday,1,2026-04-22,Wednesday,2026-04,0,Overnight,0,0,5.9,1.4833,647,1,4.4167,1,0,2026,4,April,Q2,BA:Yellow-N | Overnight,335,26.27,7.33,68.28,Chronic,95.71,P1 - Primary Hotspot,1.0,Late,Not Severe,Eligible
BA:1842244:20260430,2026-04-22,BA:Yellow-N,901902,24:08:00,24:11:20,901302,24:18:00,24:22:24,86880,87080.0,87480,87744.0,10.0,11.066666666666666,4.4,3.3333333333333335,1.0666666666666664,2026-04,Wednesday,1,2026-04-23,Thursday,2026-04,0,Overnight,0,0,4.4,1.4833,647,1,2.9167,0,0,2026,4,April,Q2,BA:Yellow-N | Overnight,335,26.27,7.33,68.28,Chronic,95.71,P1 - Primary Hotspot,1.0,Not Late,Not Severe,Eligible
BA:1842253:20260430,2026-04-24,BA:Yellow-N,901902,05:17:00,05:17:41,901302,05:28:00,05:28:41,19020,19061.0,19680,19721.0,11.0,11.0,0.6833333333333333,0.6833333333333333,0.0,2026-04,Friday,0,2026-04-24,Friday,2026-04,5,Overnight,0,0,0.6833,1.4833,647,1,0.0,0,0,2026,4,April,Q2,BA:Yellow-N | Overnight,335,26.27,7.33,68.28,Chronic,95.71,P1 - Primary Hotspot,1.0,Not Late,Not Severe,Eligible
BA:1842218:20260430,2026-04-24,BA:Yellow-N,901902,15:29:00,15:29:29,901302,15:39:00,15:40:29,55740,55769.0,56340,56429.0,10.0,11.0,1.4833333333333334,0.4833333333333333,1.0,2026-04,Friday,0,2026-04-24,Friday,2026-04,15,Midday,0,0,1.4833,1.4833,647,1,0.0,0,0,2026,4,April,Q2,BA:Yellow-N | Midday,115,0.0,,0.0,Reliable,15.0,Monitor,14.0,Not Late,Not Severe,Eligible
BA:1842222:20260430,2026-04-24,BA:Yellow-N,901902,16:49:00,16:49:29,901302,16:59:00,17:00:29,60540,60569.0,61140,61229.0,10.0,11.0,1.4833333333333334,0.4833333333333333,1.0,2026-04,Friday,0,2026-04-24,Friday,2026-04,16,Evening Peak,0,1,1.4833,1.4833,647,1,0.0,0,0,2026,4,April,Q2,BA:Yellow-N | Evening Peak,72,0.0,,0.0,Reliable,15.0,Monitor,13.0,Not Late,Not Severe,Eligible
BA:1842223:20260430,2026-04-24,BA:Yellow-N,901902,17:09:00,17:09:29,901302,17:19:00,17:20:29,61740,61769.0,62340,62429.0,10.0,11.0,1.4833333333333334,0.4833333333333333,1.0,2026-04,Friday,0,2026-04-24,Friday,2026-04,17,Evening Peak,0,1,1.4833,1.4833,647,1,0.0,0,0,2026,4,April,Q2,BA:Yellow-N | Evening Peak,72,0.0,,0.0,Reliable,15.0,Monitor,13.0,Not Late,Not Severe,Eligible
BA:1842224:20260430,2026-04-24,BA:Yellow-N,901902,17:31:00,17:31:47,901302,17:39:00,17:40:29,63060,63107.0,63540,63629.0,8.0,8.7,1.4833333333333334,0.7833333333333333,0.6999999999999993,2026-04,Friday,0,2026-04-24,Friday,2026-04,17,Evening Peak,0,1,1.4833,1.4833,647,1,0.0,0,0,2026,4,April,Q2,BA:Yellow-N | Evening Peak,72,0.0,,0.0,Reliable,15.0,Monitor,13.0,Not Late,Not Severe,Eligible
BA:1842244:20260430,2026-04-23,BA:Yellow-N,901902,24:08:00,24:13:03,901302,24:18:00,24:23:35,86880,87183.0,87480,87815.0,10.0,10.533333333333331,5.583333333333333,5.05,0.5333333333333332,2026-04,Thursday,1,2026-04-24,Friday,2026-04,0,Overnight,0,0,5.5833,1.4833,647,1,4.1,1,0,2026,4,April,Q2,BA:Yellow-N | Overnight,335,26.27,7.33,68.28,Chronic,95.71,P1 - Primary Hotspot,1.0,Late,Not Severe,Eligible
BA:1842244:20260430,2026-04-24,BA:Yellow-N,901902,24:08:00,24:13:06,901302,24:18:00,24:25:12,86880,87186.0,87480,87912.0,10.0,12.1,7.2,5.1,2.0999999999999996,2026-04,Friday,1,2026-04-25,Saturday,2026-04,0,Overnight,0,0,7.2,1.4833,647,1,5.7167,1,0,2026,4,April,Q2,BA:Yellow-N | Overnight,335,26.27,7.33,68.28,Chronic,95.71,P1 - Primary Hotspot,1.0,Late,Not Severe,Eligible
BA:1841958:20260430,2026-04-27,BA:Blue-N,901901,18:51:00,18:51:49,901302,19:02:00,19:02:49,67860,67909.0,68520,68569.0,11.0,11.0,0.8166666666666667,0.8166666666666667,0.0,2026-04,Monday,0,2026-04-27,Monday,2026-04,18,Evening Peak,0,1,0.8167,0.8167,479,1,0.0,0,0,2026,4,April,Q2,BA:Blue-N | Evening Peak,89,0.0,,0.11,Reliable,23.57,Monitor,11.0,Not Late,Not Severe,Eligible
BA:1842274:20260430,2026-04-28,BA:Yellow-N,901902,12:37:00,12:37:47,901302,12:48:00,12:48:47,45420,45467.0,46080,46127.0,11.0,11.0,0.7833333333333333,0.7833333333333333,0.0,2026-04,Tuesday,0,2026-04-28,Tuesday,2026-04,12,Midday,0,0,0.7833,1.4833,647,1,0.0,0,0,2026,4,April,Q2,BA:Yellow-N | Midday,115,0.0,,0.0,Reliable,15.0,Monitor,14.0,Not Late,Not Severe,Eligible
BA:1842220:20260430,2026-04-28,BA:Yellow-N,901902,16:09:00,16:09:29,901302,16:19:00,16:20:29,58140,58169.0,58740,58829.0,10.0,11.0,1.4833333333333334,0.4833333333333333,1.0,2026-04,Tuesday,0,2026-04-28,Tuesday,2026-04,16,Evening Peak,0,1,1.4833,1.4833,647,1,0.0,0,0,2026,4,April,Q2,BA:Yellow-N | Evening Peak,72,0.0,,0.0,Reliable,15.0,Monitor,13.0,Not Late,Not Severe,Eligible
BA:1842223:20260430,2026-04-28,BA:Yellow-N,901902,17:09:00,17:09:29,901302,17:19:00,17:20:29,61740,61769.0,62340,62429.0,10.0,11.0,1.4833333333333334,0.4833333333333333,1.0,2026-04,Tuesday,0,2026-04-28,Tuesday,2026-04,17,Evening Peak,0,1,1.4833,1.4833,647,1,0.0,0,0,2026,4,April,Q2,BA:Yellow-N | Evening Peak,72,0.0,,0.0,Reliable,15.0,Monitor,13.0,Not Late,Not Severe,Eligible
BA:1842244:20260430,2026-04-27,BA:Yellow-N,901902,24:08:00,24:16:56,901302,24:18:00,24:27:58,86880,87416.0,87480,88078.0,10.0,11.033333333333331,9.966666666666669,8.933333333333334,1.0333333333333332,2026-04,Monday,1,2026-04-28,Tuesday,2026-04,0,Overnight,0,0,9.9667,1.4833,647,1,8.4833,1,0,2026,4,April,Q2,BA:Yellow-N | Overnight,335,26.27,7.33,68.28,Chronic,95.71,P1 - Primary Hotspot,1.0,Late,Not Severe,Eligible
BA:1842281:20260430,2026-04-29,BA:Yellow-N,901902,15:57:00,15:57:47,901302,16:08:00,16:08:47,57420,57467.0,58080,58127.0,11.0,11.0,0.7833333333333333,0.7833333333333333,0.0,2026-04,Wednesday,0,2026-04-29,Wednesday,2026-04,15,Midday,0,0,0.7833,1.4833,647,1,0.0,0,0,2026,4,April,Q2,BA:Yellow-N | Midday,115,0.0,,0.0,Reliable,15.0,Monitor,14.0,Not Late,Not Severe,Eligible
BA:1842287:20260430,2026-04-29,BA:Yellow-N,901902,17:17:00,17:17:47,901302,17:28:00,17:28:47,62220,62267.0,62880,62927.0,11.0,11.0,0.7833333333333333,0.7833333333333333,0.0,2026-04,Wednesday,0,2026-04-29,Wednesday,2026-04,17,Evening Peak,0,1,0.7833,1.4833,647,1,0.0,0,0,2026,4,April,Q2,BA:Yellow-N | Evening Peak,72,0.0,,0.0,Reliable,15.0,Monitor,13.0,Not Late,Not Severe,Eligible
BA:1842288:20260430,2026-04-29,BA:Yellow-N,901902,17:37:00,17:37:47,901302,17:48:00,17:48:47,63420,63467.0,64080,64127.0,11.0,11.0,0.7833333333333333,0.7833333333333333,0.0,2026-04,Wednesday,0,2026-04-29,Wednesday,2026-04,17,Evening Peak,0,1,0.7833,1.4833,647,1,0.0,0,0,2026,4,April,Q2,BA:Yellow-N | Evening Peak,72,0.0,,0.0,Reliable,15.0,Monitor,13.0,Not Late,Not Severe,Eligible
BA:1842244:20260430,2026-04-28,BA:Yellow-N,901902,24:08:00,24:14:41,901302,24:18:00,24:25:27,86880,87281.0,87480,87927.0,10.0,10.766666666666667,7.45,6.683333333333334,0.7666666666666675,2026-04,Tuesday,1,2026-04-29,Wednesday,2026-04,0,Overnight,0,0,7.45,1.4833,647,1,5.9667,1,0,2026,4,April,Q2,BA:Yellow-N | Overnight,335,26.27,7.33,68.28,Chronic,95.71,P1 - Primary Hotspot,1.0,Late,Not Severe,Eligible
BA:1841960:20260430,2026-04-30,BA:Blue-N,901901,19:31:00,19:31:49,901302,19:42:00,19:42:49,70260,70309.0,70920,70969.0,11.0,11.0,0.8166666666666667,0.8166666666666667,0.0,2026-04,Thursday,0,2026-04-30,Thursday,2026-04,19,Evening,0,0,0.8167,0.8167,479,1,0.0,0,0,2026,4,April,Q2,BA:Blue-N | Evening,103,2.91,5.87,5.12,Chronic,73.21,P2 - High Burden,4.0,Not Late,Not Severe,Eligible
BA:1842253:20260430,2026-04-30,BA:Yellow-N,901902,05:17:00,05:17:41,901302,05:28:00,05:28:41,19020,19061.0,19680,19721.0,11.0,11.0,0.6833333333333333,0.6833333333333333,0.0,2026-04,Thursday,0,2026-04-30,Thursday,2026-04,5,Overnight,0,0,0.6833,1.4833,647,1,0.0,0,0,2026,4,April,Q2,BA:Yellow-N | Overnight,335,26.27,7.33,68.28,Chronic,95.71,P1 - Primary Hotspot,1.0,Not Late,Not Severe,Eligible
BA:1842204:20260430,2026-04-30,BA:Yellow-N,901902,10:51:00,10:51:47,901302,10:59:00,11:00:29,39060,39107.0,39540,39629.0,8.0,8.7,1.4833333333333334,0.7833333333333333,0.6999999999999993,2026-04,Thursday,0,2026-04-30,Thursday,2026-04,10,Midday,0,0,1.4833,1.4833,647,1,0.0,0,0,2026,4,April,Q2,BA:Yellow-N | Midday,115,0.0,,0.0,Reliable,15.0,Monitor,14.0,Not Late,Not Severe,Eligible
BA:1842234:20260430,2026-04-30,BA:Yellow-N,901902,20:48:00,20:48:29,901302,20:58:00,20:59:29,74880,74909.0,75480,75569.0,10.0,11.0,1.4833333333333334,0.4833333333333333,1.0,2026-04,Thursday,0,2026-04-30,Thursday,2026-04,20,Evening,0,0,1.4833,1.4833,647,1,0.0,0,0,2026,4,April,Q2,BA:Yellow-N | Evening,50,2.0,24.0,1.84,Critical,67.86,P3 - Reliability Watch,6.0,Not Late,Not Severe,Eligible
BA:1842238:20260430,2026-04-30,BA:Yellow-N,901902,22:08:00,22:08:29,901302,22:18:00,22:19:29,79680,79709.0,80280,80369.0,10.0,11.0,1.4833333333333334,0.4833333333333333,1.0,2026-04,Thursday,0,2026-04-30,Thursday,2026-04,22,Evening,0,0,1.4833,1.4833,647,1,0.0,0,0,2026,4,April,Q2,BA:Yellow-N | Evening,50,2.0,24.0,1.84,Critical,67.86,P3 - Reliability Watch,6.0,Not Late,Not Severe,Eligible
BA:1842244:20260430,2026-04-29,BA:Yellow-N,901902,24:08:00,24:11:01,901302,24:18:00,24:21:49,86880,87061.0,87480,87709.0,10.0,10.8,3.816666666666667,3.0166666666666666,0.8000000000000007,2026-04,Wednesday,1,2026-04-30,Thursday,2026-04,0,Overnight,0,0,3.8167,1.4833,647,1,2.3333,0,0,2026,4,April,Q2,BA:Yellow-N | Overnight,335,26.27,7.33,68.28,Chronic,95.71,P1 - Primary Hotspot,1.0,Not Late,Not Severe,Eligible
BA:1841933:20260531,2026-05-01,BA:Blue-N,901901,10:18:00,10:18:49,901302,10:22:00,10:22:49,37080,37129.0,37320,37369.0,4.0,4.0,0.8166666666666667,0.8166666666666667,0.0,2026-05,Friday,0,2026-05-01,Friday,2026-05,10,Midday,0,0,0.8167,0.8167,479,1,0.0,0,0,2026,5,May,Q2,BA:Blue-N | Midday,135,0.74,8.45,0.78,Acute,52.5,P3 - Reliability Watch,8.0,Not Late,Not Severe,Eligible
BA:1841947:20260531,2026-05-01,BA:Blue-N,901901,14:58:00,14:58:49,901302,15:02:00,15:02:49,53880,53929.0,54120,54169.0,4.0,4.0,0.8166666666666667,0.8166666666666667,0.0,2026-05,Friday,0,2026-05-01,Friday,2026-05,14,Midday,0,0,0.8167,0.8167,479,1,0.0,0,0,2026,5,May,Q2,BA:Blue-N | Midday,135,0.74,8.45,0.78,Acute,52.5,P3 - Reliability Watch,8.0,Not Late,Not Severe,Eligible
BA:1842256:20260531,2026-05-01,BA:Yellow-N,901902,07:57:00,07:57:47,901302,08:08:00,08:08:47,28620,28667.0,29280,29327.0,11.0,11.0,0.7833333333333333,0.7833333333333333,0.0,2026-05,Friday,0,2026-05-01,Friday,2026-05,7,Morning Peak,1,0,0.7833,1.4833,647,1,0.0,0,0,2026,5,May,Q2,BA:Yellow-N | Morning Peak,75,0.0,,0.44,Reliable,30.0,Monitor,10.0,Not Late,Not Severe,Eligible
BA:1842260:20260531,2026-05-01,BA:Yellow-N,901902,08:17:00,08:17:47,901302,08:28:00,08:28:47,29820,29867.0,30480,30527.0,11.0,11.0,0.7833333333333333,0.7833333333333333,0.0,2026-05,Friday,0,2026-05-01,Friday,2026-05,8,Morning Peak,1,0,0.7833,1.4833,647,1,0.0,0,0,2026,5,May,Q2,BA:Yellow-N | Morning Peak,75,0.0,,0.44,Reliable,30.0,Monitor,10.0,Not Late,Not Severe,Eligible
BA:1842261:20260531,2026-05-01,BA:Yellow-N,901902,08:37:00,08:37:47,901302,08:48:00,08:48:47,31020,31067.0,31680,31727.0,11.0,11.0,0.7833333333333333,0.7833333333333333,0.0,2026-05,Friday,0,2026-05-01,Friday,2026-05,8,Morning Peak,1,0,0.7833,1.4833,647,1,0.0,0,0,2026,5,May,Q2,BA:Yellow-N | Morning Peak,75,0.0,,0.44,Reliable,30.0,Monitor,10.0,Not Late,Not Severe,Eligible
BA:1842199:20260531,2026-05-01,BA:Yellow-N,901902,09:09:00,09:09:29,901302,09:19:00,09:20:29,32940,32969.0,33540,33629.0,10.0,11.0,1.4833333333333334,0.4833333333333333,1.0,2026-05,Friday,0,2026-05-01,Friday,2026-05,9,Morning Peak,1,0,1.4833,1.4833,647,1,0.0,0,0,2026,5,May,Q2,BA:Yellow-N | Morning Peak,75,0.0,,0.44,Reliable,30.0,Monitor,10.0,Not Late,Not Severe,Eligible
BA:1842263:20260531,2026-05-01,BA:Yellow-N,901902,09:17:00,09:17:47,901302,09:28:00,09:28:47,33420,33467.0,34080,34127.0,11.0,11.0,0.7833333333333333,0.7833333333333333,0.0,2026-05,Friday,0,2026-05-01,Friday,2026-05,9,Morning Peak,1,0,0.7833,1.4833,647,1,0.0,0,0,2026,5,May,Q2,BA:Yellow-N | Morning Peak,75,0.0,,0.44,Reliable,30.0,Monitor,10.0,Not Late,Not Severe,Eligible
BA:1842266:20260531,2026-05-01,BA:Yellow-N,901902,10:17:00,10:17:47,901302,10:28:00,10:28:47,37020,37067.0,37680,37727.0,11.0,11.0,0.7833333333333333,0.7833333333333333,0.0,2026-05,Friday,0,2026-05-01,Friday,2026-05,10,Midday,0,0,0.7833,1.4833,647,1,0.0,0,0,2026,5,May,Q2,BA:Yellow-N | Midday,115,0.0,,0.0,Reliable,15.0,Monitor,14.0,Not Late,Not Severe,Eligible
BA:1842244:20260531,2026-05-01,BA:Yellow-N,901902,24:08:00,24:09:07,901302,24:18:00,24:19:52,86880,86947.0,87480,87592.0,10.0,10.75,1.8666666666666667,1.1166666666666667,0.75,2026-05,Friday,1,2026-05-02,Saturday,2026-05,0,Overnight,0,0,1.8667,1.4833,647,1,0.3833,0,0,2026,5,May,Q2,BA:Yellow-N | Overnight,335,26.27,7.33,68.28,Chronic,95.71,P1 - Primary Hotspot,1.0,Not Late,Not Severe,Eligible
BA:1842193:20260531,2026-05-04,BA:Yellow-N,901902,07:09:00,07:09:29,901302,07:19:00,07:20:29,25740,25769.0,26340,26429.0,10.0,11.0,1.4833333333333334,0.4833333333333333,1.0,2026-05,Monday,0,2026-05-04,Monday,2026-05,7,Morning Peak,1,0,1.4833,1.4833,647,1,0.0,0,0,2026,5,May,Q2,BA:Yellow-N | Morning Peak,75,0.0,,0.44,Reliable,30.0,Monitor,10.0,Not Late,Not Severe,Eligible
BA:1842196:20260531,2026-05-04,BA:Yellow-N,901902,08:09:00,08:09:29,901302,08:19:00,08:20:29,29340,29369.0,29940,30029.0,10.0,11.0,1.4833333333333334,0.4833333333333333,1.0,2026-05,Monday,0,2026-05-04,Monday,2026-05,8,Morning Peak,1,0,1.4833,1.4833,647,1,0.0,0,0,2026,5,May,Q2,BA:Yellow-N | Morning Peak,75,0.0,,0.44,Reliable,30.0,Monitor,10.0,Not Late,Not Severe,Eligible
BA:1842197:20260531,2026-05-04,BA:Yellow-N,901902,08:29:00,08:29:29,901302,08:39:00,08:40:29,30540,30569.0,31140,31229.0,10.0,11.0,1.4833333333333334,0.4833333333333333,1.0,2026-05,Monday,0,2026-05-04,Monday,2026-05,8,Morning Peak,1,0,1.4833,1.4833,647,1,0.0,0,0,2026,5,May,Q2,BA:Yellow-N | Morning Peak,75,0.0,,0.44,Reliable,30.0,Monitor,10.0,Not Late,Not Severe,Eligible
BA:1842268:20260531,2026-05-04,BA:Yellow-N,901902,10:57:00,10:57:47,901302,11:08:00,11:08:47,39420,39467.0,40080,40127.0,11.0,11.0,0.7833333333333333,0.7833333333333333,0.0,2026-05,Monday,0,2026-05-04,Monday,2026-05,10,Midday,0,0,0.7833,1.4833,647,1,0.0,0,0,2026,5,May,Q2,BA:Yellow-N | Midday,115,0.0,,0.0,Reliable,15.0,Monitor,14.0,Not Late,Not Severe,Eligible
BA:1842207:20260531,2026-05-04,BA:Yellow-N,901902,11:49:00,11:49:29,901302,11:59:00,12:00:29,42540,42569.0,43140,43229.0,10.0,11.0,1.4833333333333334,0.4833333333333333,1.0,2026-05,Monday,0,2026-05-04,Monday,2026-05,11,Midday,0,0,1.4833,1.4833,647,1,0.0,0,0,2026,5,May,Q2,BA:Yellow-N | Midday,115,0.0,,0.0,Reliable,15.0,Monitor,14.0,Not Late,Not Severe,Eligible
BA:1841927:20260531,2026-05-05,BA:Blue-N,901901,08:11:00,08:11:49,901302,08:22:00,08:22:49,29460,29509.0,30120,30169.0,11.0,11.0,0.8166666666666667,0.8166666666666667,0.0,2026-05,Tuesday,0,2026-05-05,Tuesday,2026-05,8,Morning Peak,1,0,0.8167,0.8167,479,1,0.0,0,0,2026,5,May,Q2,BA:Blue-N | Morning Peak,88,1.14,7.27,0.6,Chronic,47.86,P3 - Reliability Watch,9.0,Not Late,Not Severe,Eligible
BA:1842244:20260531,2026-05-04,BA:Yellow-N,901902,24:08:00,24:10:49,901302,24:18:00,24:22:11,86880,87049.0,87480,87731.0,10.0,11.366666666666667,4.183333333333334,2.816666666666667,1.3666666666666671,2026-05,Monday,1,2026-05-05,Tuesday,2026-05,0,Overnight,0,0,4.1833,1.4833,647,1,2.7,0,0,2026,5,May,Q2,BA:Yellow-N | Overnight,335,26.27,7.33,68.28,Chronic,95.71,P1 - Primary Hotspot,1.0,Not Late,Not Severe,Eligible
BA:1841918:20260531,2026-05-06,BA:Blue-N,901901,05:11:00,05:11:49,901302,05:22:00,05:22:49,18660,18709.0,19320,19369.0,11.0,11.0,0.8166666666666667,0.8166666666666667,0.0,2026-05,Wednesday,0,2026-05-06,Wednesday,2026-05,5,Overnight,0,0,0.8167,0.8167,479,1,0.0,0,0,2026,5,May,Q2,BA:Blue-N | Overnight,64,0.0,,0.11,Reliable,23.57,Monitor,12.0,Not Late,Not Severe,Eligible
BA:1841920:20260531,2026-05-06,BA:Blue-N,901901,05:51:00,05:51:49,901302,06:02:00,06:02:49,21060,21109.0,21720,21769.0,11.0,11.0,0.8166666666666667,0.8166666666666667,0.0,2026-05,Wednesday,0,2026-05-06,Wednesday,2026-05,5,Overnight,0,0,0.8167,0.8167,479,1,0.0,0,0,2026,5,May,Q2,BA:Blue-N | Overnight,64,0.0,,0.11,Reliable,23.57,Monitor,12.0,Not Late,Not Severe,Eligible
BA:1842294:20260531,2026-05-06,BA:Yellow-N,901902,06:37:00,06:37:47,901302,06:48:00,06:48:47,23820,23867.0,24480,24527.0,11.0,11.0,0.7833333333333333,0.7833333333333333,0.0,2026-05,Wednesday,0,2026-05-06,Wednesday,2026-05,6,Overnight,0,0,0.7833,1.4833,647,1,0.0,0,0,2026,5,May,Q2,BA:Yellow-N | Overnight,335,26.27,7.33,68.28,Chronic,95.71,P1 - Primary Hotspot,1.0,Not Late,Not Severe,Eligible
BA:1842258:20260531,2026-05-06,BA:Yellow-N,901902,07:17:00,07:17:47,901302,07:28:00,07:28:47,26220,26267.0,26880,26927.0,11.0,11.0,0.7833333333333333,0.7833333333333333,0.0,2026-05,Wednesday,0,2026-05-06,Wednesday,2026-05,7,Morning Peak,1,0,0.7833,1.4833,647,1,0.0,0,0,2026,5,May,Q2,BA:Yellow-N | Morning Peak,75,0.0,,0.44,Reliable,30.0,Monitor,10.0,Not Late,Not Severe,Eligible
BA:1842209:20260531,2026-05-06,BA:Yellow-N,901902,12:29:00,12:29:29,901302,12:39:00,12:40:29,44940,44969.0,45540,45629.0,10.0,11.0,1.4833333333333334,0.4833333333333333,1.0,2026-05,Wednesday,0,2026-05-06,Wednesday,2026-05,12,Midday,0,0,1.4833,1.4833,647,1,0.0,0,0,2026,5,May,Q2,BA:Yellow-N | Midday,115,0.0,,0.0,Reliable,15.0,Monitor,14.0,Not Late,Not Severe,Eligible
BA:1842283:20260531,2026-05-06,BA:Yellow-N,901902,15:37:00,15:37:47,901302,15:48:00,15:48:47,56220,56267.0,56880,56927.0,11.0,11.0,0.7833333333333333,0.7833333333333333,0.0,2026-05,Wednesday,0,2026-05-06,Wednesday,2026-05,15,Midday,0,0,0.7833,1.4833,647,1,0.0,0,0,2026,5,May,Q2,BA:Yellow-N | Midday,115,0.0,,0.0,Reliable,15.0,Monitor,14.0,Not Late,Not Severe,Eligible
BA:1842285:20260531,2026-05-06,BA:Yellow-N,901902,16:17:00,16:17:47,901302,16:28:00,16:28:47,58620,58667.0,59280,59327.0,11.0,11.0,0.7833333333333333,0.7833333333333333,0.0,2026-05,Wednesday,0,2026-05-06,Wednesday,2026-05,16,Evening Peak,0,1,0.7833,1.4833,647,1,0.0,0,0,2026,5,May,Q2,BA:Yellow-N | Evening Peak,72,0.0,,0.0,Reliable,15.0,Monitor,13.0,Not Late,Not Severe,Eligible
BA:1842286:20260531,2026-05-06,BA:Yellow-N,901902,16:37:00,16:37:47,901302,16:48:00,16:48:47,59820,59867.0,60480,60527.0,11.0,11.0,0.7833333333333333,0.7833333333333333,0.0,2026-05,Wednesday,0,2026-05-06,Wednesday,2026-05,16,Evening Peak,0,1,0.7833,1.4833,647,1,0.0,0,0,2026,5,May,Q2,BA:Yellow-N | Evening Peak,72,0.0,,0.0,Reliable,15.0,Monitor,13.0,Not Late,Not Severe,Eligible
BA:1842284:20260531,2026-05-06,BA:Yellow-N,901902,16:57:00,16:57:47,901302,17:08:00,17:08:47,61020,61067.0,61680,61727.0,11.0,11.0,0.7833333333333333,0.7833333333333333,0.0,2026-05,Wednesday,0,2026-05-06,Wednesday,2026-05,16,Evening Peak,0,1,0.7833,1.4833,647,1,0.0,0,0,2026,5,May,Q2,BA:Yellow-N | Evening Peak,72,0.0,,0.0,Reliable,15.0,Monitor,13.0,Not Late,Not Severe,Eligible
BA:1842288:20260531,2026-05-06,BA:Yellow-N,901902,17:37:00,17:37:47,901302,17:48:00,17:48:47,63420,63467.0,64080,64127.0,11.0,11.0,0.7833333333333333,0.7833333333333333,0.0,2026-05,Wednesday,0,2026-05-06,Wednesday,2026-05,17,Evening Peak,0,1,0.7833,1.4833,647,1,0.0,0,0,2026,5,May,Q2,BA:Yellow-N | Evening Peak,72,0.0,,0.0,Reliable,15.0,Monitor,13.0,Not Late,Not Severe,Eligible
BA:1842244:20260531,2026-05-05,BA:Yellow-N,901902,24:08:00,24:11:00,901302,24:18:00,24:21:54,86880,87060.0,87480,87714.0,10.0,10.9,3.9,3.0,0.9000000000000004,2026-05,Tuesday,1,2026-05-06,Wednesday,2026-05,0,Overnight,0,0,3.9,1.4833,647,1,2.4167,0,0,2026,5,May,Q2,BA:Yellow-N | Overnight,335,26.27,7.33,68.28,Chronic,95.71,P1 - Primary Hotspot,1.0,Not Late,Not Severe,Eligible
BA:1841952:20260531,2026-05-07,BA:Blue-N,901901,16:53:00,16:54:07,901302,17:02:00,17:02:49,60780,60847.0,61320,61369.0,9.0,8.7,0.8166666666666667,1.1166666666666667,-0.3000000000000007,2026-05,Thursday,0,2026-05-07,Thursday,2026-05,16,Evening Peak,0,1,0.8167,0.8167,479,1,0.0,0,0,2026,5,May,Q2,BA:Blue-N | Evening Peak,89,0.0,,0.11,Reliable,23.57,Monitor,11.0,Not Late,Not Severe,Eligible
BA:1841953:20260531,2026-05-07,BA:Blue-N,901901,17:13:00,17:14:07,901302,17:22:00,17:22:49,61980,62047.0,62520,62569.0,9.0,8.7,0.8166666666666667,1.1166666666666667,-0.3000000000000007,2026-05,Thursday,0,2026-05-07,Thursday,2026-05,17,Evening Peak,0,1,0.8167,0.8167,479,1,0.0,0,0,2026,5,May,Q2,BA:Blue-N | Evening Peak,89,0.0,,0.11,Reliable,23.57,Monitor,11.0,Not Late,Not Severe,Eligible
BA:1841954:20260531,2026-05-07,BA:Blue-N,901901,17:33:00,17:34:07,901302,17:42:00,17:42:49,63180,63247.0,63720,63769.0,9.0,8.7,0.8166666666666667,1.1166666666666667,-0.3000000000000007,2026-05,Thursday,0,2026-05-07,Thursday,2026-05,17,Evening Peak,0,1,0.8167,0.8167,479,1,0.0,0,0,2026,5,May,Q2,BA:Blue-N | Evening Peak,89,0.0,,0.11,Reliable,23.57,Monitor,11.0,Not Late,Not Severe,Eligible
BA:1842276:20260531,2026-05-07,BA:Yellow-N,901902,13:17:00,13:17:47,901302,13:28:00,13:28:47,47820,47867.0,48480,48527.0,11.0,11.0,0.7833333333333333,0.7833333333333333,0.0,2026-05,Thursday,0,2026-05-07,Thursday,2026-05,13,Midday,0,0,0.7833,1.4833,647,1,0.0,0,0,2026,5,May,Q2,BA:Yellow-N | Midday,115,0.0,,0.0,Reliable,15.0,Monitor,14.0,Not Late,Not Severe,Eligible
BA:1842226:20260531,2026-05-07,BA:Yellow-N,901902,18:09:00,18:09:29,901302,18:19:00,18:20:29,65340,65369.0,65940,66029.0,10.0,11.0,1.4833333333333334,0.4833333333333333,1.0,2026-05,Thursday,0,2026-05-07,Thursday,2026-05,18,Evening Peak,0,1,1.4833,1.4833,647,1,0.0,0,0,2026,5,May,Q2,BA:Yellow-N | Evening Peak,72,0.0,,0.0,Reliable,15.0,Monitor,13.0,Not Late,Not Severe,Eligible
BA:1842244:20260531,2026-05-06,BA:Yellow-N,901902,24:08:00,24:10:57,901302,24:18:00,24:21:33,86880,87057.0,87480,87693.0,10.0,10.6,3.55,2.95,0.5999999999999996,2026-05,Wednesday,1,2026-05-07,Thursday,2026-05,0,Overnight,0,0,3.55,1.4833,647,1,2.0667,0,0,2026,5,May,Q2,BA:Yellow-N | Overnight,335,26.27,7.33,68.28,Chronic,95.71,P1 - Primary Hotspot,1.0,Not Late,Not Severe,Eligible
BA:1841958:20260531,2026-05-08,BA:Blue-N,901901,18:53:00,18:54:07,901302,19:02:00,19:02:49,67980,68047.0,68520,68569.0,9.0,8.7,0.8166666666666667,1.1166666666666667,-0.3000000000000007,2026-05,Friday,0,2026-05-08,Friday,2026-05,18,Evening Peak,0,1,0.8167,0.8167,479,1,0.0,0,0,2026,5,May,Q2,BA:Blue-N | Evening Peak,89,0.0,,0.11,Reliable,23.57,Monitor,11.0,Not Late,Not Severe,Eligible
BA:1841960:20260531,2026-05-08,BA:Blue-N,901901,19:33:00,19:34:07,901302,19:42:00,19:42:49,70380,70447.0,70920,70969.0,9.0,8.7,0.8166666666666667,1.1166666666666667,-0.3000000000000007,2026-05,Friday,0,2026-05-08,Friday,2026-05,19,Evening,0,0,0.8167,0.8167,479,1,0.0,0,0,2026,5,May,Q2,BA:Blue-N | Evening,103,2.91,5.87,5.12,Chronic,73.21,P2 - High Burden,4.0,Not Late,Not Severe,Eligible
BA:1842244:20260531,2026-05-07,BA:Yellow-N,901902,24:08:00,24:12:35,901302,24:18:00,24:23:09,86880,87155.0,87480,87789.0,10.0,10.566666666666666,5.15,4.583333333333333,0.5666666666666664,2026-05,Thursday,1,2026-05-08,Friday,2026-05,0,Overnight,0,0,5.15,1.4833,647,1,3.6667,1,0,2026,5,May,Q2,BA:Yellow-N | Overnight,335,26.27,7.33,68.28,Chronic,95.71,P1 - Primary Hotspot,1.0,Late,Not Severe,Eligible
BA:1842244:20260531,2026-05-08,BA:Yellow-N,901902,24:08:00,24:10:25,901302,24:18:00,24:21:39,86880,87025.0,87480,87699.0,10.0,11.233333333333333,3.65,2.4166666666666665,1.2333333333333325,2026-05,Friday,1,2026-05-09,Saturday,2026-05,0,Overnight,0,0,3.65,1.4833,647,1,2.1667,0,0,2026,5,May,Q2,BA:Yellow-N | Overnight,335,26.27,7.33,68.28,Chronic,95.71,P1 - Primary Hotspot,1.0,Not Late,Not Severe,Eligible
BA:1842271:20260531,2026-05-11,BA:Yellow-N,901902,11:57:00,11:57:47,901302,12:08:00,12:08:47,43020,43067.0,43680,43727.0,11.0,11.0,0.7833333333333333,0.7833333333333333,0.0,2026-05,Monday,0,2026-05-11,Monday,2026-05,11,Midday,0,0,0.7833,1.4833,647,1,0.0,0,0,2026,5,May,Q2,BA:Yellow-N | Midday,115,0.0,,0.0,Reliable,15.0,Monitor,14.0,Not Late,Not Severe,Eligible
BA:1841959:20260531,2026-05-12,BA:Blue-N,901901,19:18:00,19:18:49,901302,19:22:00,19:22:49,69480,69529.0,69720,69769.0,4.0,4.0,0.8166666666666667,0.8166666666666667,0.0,2026-05,Tuesday,0,2026-05-12,Tuesday,2026-05,19,Evening,0,0,0.8167,0.8167,479,1,0.0,0,0,2026,5,May,Q2,BA:Blue-N | Evening,103,2.91,5.87,5.12,Chronic,73.21,P2 - High Burden,4.0,Not Late,Not Severe,Eligible
BA:1842244:20260531,2026-05-11,BA:Yellow-N,901902,24:08:00,24:10:22,901302,24:18:00,24:21:34,86880,87022.0,87480,87694.0,10.0,11.2,3.566666666666667,2.3666666666666667,1.1999999999999993,2026-05,Monday,1,2026-05-12,Tuesday,2026-05,0,Overnight,0,0,3.5667,1.4833,647,1,2.0833,0,0,2026,5,May,Q2,BA:Yellow-N | Overnight,335,26.27,7.33,68.28,Chronic,95.71,P1 - Primary Hotspot,1.0,Not Late,Not Severe,Eligible
BA:1841918:20260531,2026-05-13,BA:Blue-N,901901,05:11:00,05:11:49,901302,05:22:00,05:22:49,18660,18709.0,19320,19369.0,11.0,11.0,0.8166666666666667,0.8166666666666667,0.0,2026-05,Wednesday,0,2026-05-13,Wednesday,2026-05,5,Overnight,0,0,0.8167,0.8167,479,1,0.0,0,0,2026,5,May,Q2,BA:Blue-N | Overnight,64,0.0,,0.11,Reliable,23.57,Monitor,12.0,Not Late,Not Severe,Eligible
BA:1841959:20260531,2026-05-13,BA:Blue-N,901901,19:11:00,19:11:49,901302,19:22:00,19:22:49,69060,69109.0,69720,69769.0,11.0,11.0,0.8166666666666667,0.8166666666666667,0.0,2026-05,Wednesday,0,2026-05-13,Wednesday,2026-05,19,Evening,0,0,0.8167,0.8167,479,1,0.0,0,0,2026,5,May,Q2,BA:Blue-N | Evening,103,2.91,5.87,5.12,Chronic,73.21,P2 - High Burden,4.0,Not Late,Not Severe,Eligible
BA:1841960:20260531,2026-05-13,BA:Blue-N,901901,19:31:00,19:31:49,901302,19:42:00,19:42:49,70260,70309.0,70920,70969.0,11.0,11.0,0.8166666666666667,0.8166666666666667,0.0,2026-05,Wednesday,0,2026-05-13,Wednesday,2026-05,19,Evening,0,0,0.8167,0.8167,479,1,0.0,0,0,2026,5,May,Q2,BA:Blue-N | Evening,103,2.91,5.87,5.12,Chronic,73.21,P2 - High Burden,4.0,Not Late,Not Severe,Eligible
BA:1841966:20260531,2026-05-13,BA:Blue-N,901901,21:37:00,21:37:25,901302,21:47:00,21:48:25,77820,77845.0,78420,78505.0,10.0,11.0,1.4166666666666667,0.4166666666666667,1.0,2026-05,Wednesday,0,2026-05-13,Wednesday,2026-05,21,Evening,0,0,1.4167,0.8167,479,1,0.6,0,0,2026,5,May,Q2,BA:Blue-N | Evening,103,2.91,5.87,5.12,Chronic,73.21,P2 - High Burden,4.0,Not Late,Not Severe,Eligible
BA:1841969:20260531,2026-05-13,BA:Blue-N,901901,22:37:00,22:37:25,901302,22:47:00,22:48:25,81420,81445.0,82020,82105.0,10.0,11.0,1.4166666666666667,0.4166666666666667,1.0,2026-05,Wednesday,0,2026-05-13,Wednesday,2026-05,22,Evening,0,0,1.4167,0.8167,479,1,0.6,0,0,2026,5,May,Q2,BA:Blue-N | Evening,103,2.91,5.87,5.12,Chronic,73.21,P2 - High Burden,4.0,Not Late,Not Severe,Eligible
BA:1842214:20260531,2026-05-13,BA:Yellow-N,901902,14:09:00,14:09:29,901302,14:19:00,14:20:29,50940,50969.0,51540,51629.0,10.0,11.0,1.4833333333333334,0.4833333333333333,1.0,2026-05,Wednesday,0,2026-05-13,Wednesday,2026-05,14,Midday,0,0,1.4833,1.4833,647,1,0.0,0,0,2026,5,May,Q2,BA:Yellow-N | Midday,115,0.0,,0.0,Reliable,15.0,Monitor,14.0,Not Late,Not Severe,Eligible
BA:1842244:20260531,2026-05-12,BA:Yellow-N,901902,24:08:00,24:11:21,901302,24:18:00,24:22:16,86880,87081.0,87480,87736.0,10.0,10.916666666666666,4.266666666666667,3.35,0.916666666666666,2026-05,Tuesday,1,2026-05-13,Wednesday,2026-05,0,Overnight,0,0,4.2667,1.4833,647,1,2.7833,0,0,2026,5,May,Q2,BA:Yellow-N | Overnight,335,26.27,7.33,68.28,Chronic,95.71,P1 - Primary Hotspot,1.0,Not Late,Not Severe,Eligible
BA:1841919:20260531,2026-05-14,BA:Blue-N,901901,05:31:00,05:31:49,901302,05:42:00,05:42:49,19860,19909.0,20520,20569.0,11.0,11.0,0.8166666666666667,0.8166666666666667,0.0,2026-05,Thursday,0,2026-05-14,Thursday,2026-05,5,Overnight,0,0,0.8167,0.8167,479,1,0.0,0,0,2026,5,May,Q2,BA:Blue-N | Overnight,64,0.0,,0.11,Reliable,23.57,Monitor,12.0,Not Late,Not Severe,Eligible
BA:1841921:20260531,2026-05-14,BA:Blue-N,901901,06:11:00,06:11:49,901302,06:22:00,06:22:49,22260,22309.0,22920,22969.0,11.0,11.0,0.8166666666666667,0.8166666666666667,0.0,2026-05,Thursday,0,2026-05-14,Thursday,2026-05,6,Overnight,0,0,0.8167,0.8167,479,1,0.0,0,0,2026,5,May,Q2,BA:Blue-N | Overnight,64,0.0,,0.11,Reliable,23.57,Monitor,12.0,Not Late,Not Severe,Eligible
BA:1841929:20260531,2026-05-14,BA:Blue-N,901901,08:51:00,08:51:49,901302,09:02:00,09:02:49,31860,31909.0,32520,32569.0,11.0,11.0,0.8166666666666667,0.8166666666666667,0.0,2026-05,Thursday,0,2026-05-14,Thursday,2026-05,8,Morning Peak,1,0,0.8167,0.8167,479,1,0.0,0,0,2026,5,May,Q2,BA:Blue-N | Morning Peak,88,1.14,7.27,0.6,Chronic,47.86,P3 - Reliability Watch,9.0,Not Late,Not Severe,Eligible
BA:1842244:20260531,2026-05-13,BA:Yellow-N,901902,24:08:00,24:10:21,901302,24:18:00,24:21:14,86880,87021.0,87480,87674.0,10.0,10.883333333333333,3.2333333333333334,2.35,0.8833333333333329,2026-05,Wednesday,1,2026-05-14,Thursday,2026-05,0,Overnight,0,0,3.2333,1.4833,647,1,1.75,0,0,2026,5,May,Q2,BA:Yellow-N | Overnight,335,26.27,7.33,68.28,Chronic,95.71,P1 - Primary Hotspot,1.0,Not Late,Not Severe,Eligible
BA:1842271:20260531,2026-05-15,BA:Yellow-N,901902,11:57:00,11:57:47,901302,12:08:00,12:08:47,43020,43067.0,43680,43727.0,11.0,11.0,0.7833333333333333,0.7833333333333333,0.0,2026-05,Friday,0,2026-05-15,Friday,2026-05,11,Midday,0,0,0.7833,1.4833,647,1,0.0,0,0,2026,5,May,Q2,BA:Yellow-N | Midday,115,0.0,,0.0,Reliable,15.0,Monitor,14.0,Not Late,Not Severe,Eligible
BA:1842244:20260531,2026-05-14,BA:Yellow-N,901902,24:08:00,24:10:59,901302,24:18:00,24:22:24,86880,87059.0,87480,87744.0,10.0,11.416666666666666,4.4,2.9833333333333334,1.416666666666666,2026-05,Thursday,1,2026-05-15,Friday,2026-05,0,Overnight,0,0,4.4,1.4833,647,1,2.9167,0,0,2026,5,May,Q2,BA:Yellow-N | Overnight,335,26.27,7.33,68.28,Chronic,95.71,P1 - Primary Hotspot,1.0,Not Late,Not Severe,Eligible
BA:1842244:20260531,2026-05-15,BA:Yellow-N,901902,24:08:00,24:08:49,901302,24:18:00,24:19:48,86880,86929.0,87480,87588.0,10.0,10.983333333333333,1.8,0.8166666666666667,0.9833333333333324,2026-05,Friday,1,2026-05-16,Saturday,2026-05,0,Overnight,0,0,1.8,1.4833,647,1,0.3167,0,0,2026,5,May,Q2,BA:Yellow-N | Overnight,335,26.27,7.33,68.28,Chronic,95.71,P1 - Primary Hotspot,1.0,Not Late,Not Severe,Eligible
BA:1842038:20260531,2026-05-18,BA:Green-N,901902,05:54:00,05:55:07,901302,06:05:00,06:06:07,21240,21307.0,21900,21967.0,11.0,11.0,1.1166666666666667,1.1166666666666667,0.0,2026-05,Monday,0,2026-05-18,Monday,2026-05,5,Overnight,0,0,1.1167,1.1167,680,1,0.0,0,0,2026,5,May,Q2,BA:Green-N | Overnight,181,2.76,7.14,5.79,Chronic,76.07,P1 - Primary Hotspot,3.0,Not Late,Not Severe,Eligible
BA:1842040:20260531,2026-05-18,BA:Green-N,901902,06:34:00,06:35:07,901302,06:45:00,06:46:07,23640,23707.0,24300,24367.0,11.0,11.0,1.1166666666666667,1.1166666666666667,0.0,2026-05,Monday,0,2026-05-18,Monday,2026-05,6,Overnight,0,0,1.1167,1.1167,680,1,0.0,0,0,2026,5,May,Q2,BA:Green-N | Overnight,181,2.76,7.14,5.79,Chronic,76.07,P1 - Primary Hotspot,3.0,Not Late,Not Severe,Eligible
BA:1842275:20260531,2026-05-18,BA:Yellow-N,901902,12:57:00,12:57:47,901302,13:08:00,13:08:47,46620,46667.0,47280,47327.0,11.0,11.0,0.7833333333333333,0.7833333333333333,0.0,2026-05,Monday,0,2026-05-18,Monday,2026-05,12,Midday,0,0,0.7833,1.4833,647,1,0.0,0,0,2026,5,May,Q2,BA:Yellow-N | Midday,115,0.0,,0.0,Reliable,15.0,Monitor,14.0,Not Late,Not Severe,Eligible
BA:1842220:20260531,2026-05-18,BA:Yellow-N,901902,16:09:00,16:09:29,901302,16:19:00,16:20:29,58140,58169.0,58740,58829.0,10.0,11.0,1.4833333333333334,0.4833333333333333,1.0,2026-05,Monday,0,2026-05-18,Monday,2026-05,16,Evening Peak,0,1,1.4833,1.4833,647,1,0.0,0,0,2026,5,May,Q2,BA:Yellow-N | Evening Peak,72,0.0,,0.0,Reliable,15.0,Monitor,13.0,Not Late,Not Severe,Eligible
BA:1842200:20260531,2026-05-19,BA:Yellow-N,901902,09:29:00,09:29:29,901302,09:39:00,09:40:29,34140,34169.0,34740,34829.0,10.0,11.0,1.4833333333333334,0.4833333333333333,1.0,2026-05,Tuesday,0,2026-05-19,Tuesday,2026-05,9,Morning Peak,1,0,1.4833,1.4833,647,1,0.0,0,0,2026,5,May,Q2,BA:Yellow-N | Morning Peak,75,0.0,,0.44,Reliable,30.0,Monitor,10.0,Not Late,Not Severe,Eligible
BA:1842290:20260531,2026-05-19,BA:Yellow-N,901902,18:17:00,18:17:47,901302,18:28:00,18:28:47,65820,65867.0,66480,66527.0,11.0,11.0,0.7833333333333333,0.7833333333333333,0.0,2026-05,Tuesday,0,2026-05-19,Tuesday,2026-05,18,Evening Peak,0,1,0.7833,1.4833,647,1,0.0,0,0,2026,5,May,Q2,BA:Yellow-N | Evening Peak,72,0.0,,0.0,Reliable,15.0,Monitor,13.0,Not Late,Not Severe,Eligible
BA:1842291:20260531,2026-05-19,BA:Yellow-N,901902,18:37:00,18:37:47,901302,18:48:00,18:48:47,67020,67067.0,67680,67727.0,11.0,11.0,0.7833333333333333,0.7833333333333333,0.0,2026-05,Tuesday,0,2026-05-19,Tuesday,2026-05,18,Evening Peak,0,1,0.7833,1.4833,647,1,0.0,0,0,2026,5,May,Q2,BA:Yellow-N | Evening Peak,72,0.0,,0.0,Reliable,15.0,Monitor,13.0,Not Late,Not Severe,Eligible
BA:1842244:20260531,2026-05-18,BA:Yellow-N,901902,24:08:00,24:11:25,901302,24:18:00,24:22:18,86880,87085.0,87480,87738.0,10.0,10.883333333333333,4.3,3.4166666666666665,0.8833333333333329,2026-05,Monday,1,2026-05-19,Tuesday,2026-05,0,Overnight,0,0,4.3,1.4833,647,1,2.8167,0,0,2026,5,May,Q2,BA:Yellow-N | Overnight,335,26.27,7.33,68.28,Chronic,95.71,P1 - Primary Hotspot,1.0,Not Late,Not Severe,Eligible
BA:1842244:20260531,2026-05-19,BA:Yellow-N,901902,24:08:00,24:11:51,901302,24:18:00,24:22:55,86880,87111.0,87480,87775.0,10.0,11.066666666666666,4.916666666666667,3.85,1.0666666666666664,2026-05,Tuesday,1,2026-05-20,Wednesday,2026-05,0,Overnight,0,0,4.9167,1.4833,647,1,3.4333,0,0,2026,5,May,Q2,BA:Yellow-N | Overnight,335,26.27,7.33,68.28,Chronic,95.71,P1 - Primary Hotspot,1.0,Not Late,Not Severe,Eligible
BA:1841921:20260531,2026-05-21,BA:Blue-N,901901,06:11:00,06:11:49,901302,06:22:00,06:22:49,22260,22309.0,22920,22969.0,11.0,11.0,0.8166666666666667,0.8166666666666667,0.0,2026-05,Thursday,0,2026-05-21,Thursday,2026-05,6,Overnight,0,0,0.8167,0.8167,479,1,0.0,0,0,2026,5,May,Q2,BA:Blue-N | Overnight,64,0.0,,0.11,Reliable,23.57,Monitor,12.0,Not Late,Not Severe,Eligible
BA:1841923:20260531,2026-05-21,BA:Blue-N,901901,06:51:00,06:51:49,901302,07:02:00,07:02:49,24660,24709.0,25320,25369.0,11.0,11.0,0.8166666666666667,0.8166666666666667,0.0,2026-05,Thursday,0,2026-05-21,Thursday,2026-05,6,Overnight,0,0,0.8167,0.8167,479,1,0.0,0,0,2026,5,May,Q2,BA:Blue-N | Overnight,64,0.0,,0.11,Reliable,23.57,Monitor,12.0,Not Late,Not Severe,Eligible
BA:1841961:20260531,2026-05-21,BA:Blue-N,901901,19:57:00,19:57:25,901302,20:07:00,20:08:25,71820,71845.0,72420,72505.0,10.0,11.0,1.4166666666666667,0.4166666666666667,1.0,2026-05,Thursday,0,2026-05-21,Thursday,2026-05,19,Evening,0,0,1.4167,0.8167,479,1,0.6,0,0,2026,5,May,Q2,BA:Blue-N | Evening,103,2.91,5.87,5.12,Chronic,73.21,P2 - High Burden,4.0,Not Late,Not Severe,Eligible
BA:1841966:20260531,2026-05-21,BA:Blue-N,901901,21:37:00,21:37:25,901302,21:47:00,21:48:25,77820,77845.0,78420,78505.0,10.0,11.0,1.4166666666666667,0.4166666666666667,1.0,2026-05,Thursday,0,2026-05-21,Thursday,2026-05,21,Evening,0,0,1.4167,0.8167,479,1,0.6,0,0,2026,5,May,Q2,BA:Blue-N | Evening,103,2.91,5.87,5.12,Chronic,73.21,P2 - High Burden,4.0,Not Late,Not Severe,Eligible
BA:1842244:20260531,2026-05-20,BA:Yellow-N,901902,24:08:00,24:10:27,901302,24:18:00,24:21:19,86880,87027.0,87480,87679.0,10.0,10.866666666666667,3.316666666666667,2.45,0.8666666666666671,2026-05,Wednesday,1,2026-05-21,Thursday,2026-05,0,Overnight,0,0,3.3167,1.4833,647,1,1.8333,0,0,2026,5,May,Q2,BA:Yellow-N | Overnight,335,26.27,7.33,68.28,Chronic,95.71,P1 - Primary Hotspot,1.0,Not Late,Not Severe,Eligible
BA:1842036:20260531,2026-05-22,BA:Green-N,901902,05:14:00,05:15:07,901302,05:25:00,05:26:07,18840,18907.0,19500,19567.0,11.0,11.0,1.1166666666666667,1.1166666666666667,0.0,2026-05,Friday,0,2026-05-22,Friday,2026-05,5,Overnight,0,0,1.1167,1.1167,680,1,0.0,0,0,2026,5,May,Q2,BA:Green-N | Overnight,181,2.76,7.14,5.79,Chronic,76.07,P1 - Primary Hotspot,3.0,Not Late,Not Severe,Eligible
BA:1842037:20260531,2026-05-22,BA:Green-N,901902,05:34:00,05:35:07,901302,05:45:00,05:46:07,20040,20107.0,20700,20767.0,11.0,11.0,1.1166666666666667,1.1166666666666667,0.0,2026-05,Friday,0,2026-05-22,Friday,2026-05,5,Overnight,0,0,1.1167,1.1167,680,1,0.0,0,0,2026,5,May,Q2,BA:Green-N | Overnight,181,2.76,7.14,5.79,Chronic,76.07,P1 - Primary Hotspot,3.0,Not Late,Not Severe,Eligible
BA:1842244:20260531,2026-05-21,BA:Yellow-N,901902,24:08:00,24:08:51,901302,24:18:00,24:19:46,86880,86931.0,87480,87586.0,10.0,10.916666666666666,1.7666666666666666,0.85,0.916666666666666,2026-05,Thursday,1,2026-05-22,Friday,2026-05,0,Overnight,0,0,1.7667,1.4833,647,1,0.2833,0,0,2026,5,May,Q2,BA:Yellow-N | Overnight,335,26.27,7.33,68.28,Chronic,95.71,P1 - Primary Hotspot,1.0,Not Late,Not Severe,Eligible
BA:1842244:20260531,2026-05-22,BA:Yellow-N,901902,24:08:00,24:10:00,901302,24:18:00,24:20:58,86880,87000.0,87480,87658.0,10.0,10.966666666666669,2.966666666666667,2.0,0.9666666666666668,2026-05,Friday,1,2026-05-23,Saturday,2026-05,0,Overnight,0,0,2.9667,1.4833,647,1,1.4833,0,0,2026,5,May,Q2,BA:Yellow-N | Overnight,335,26.27,7.33,68.28,Chronic,95.71,P1 - Primary Hotspot,1.0,Not Late,Not Severe,Eligible
BA:1850335:20260527,2026-05-25,BA:Yellow-N,901902,13:29:00,13:29:29,901302,13:39:00,13:40:29,48540,48569.0,49140,49229.0,10.0,11.0,1.4833333333333334,0.4833333333333333,1.0,2026-05,Monday,0,2026-05-25,Monday,2026-05,13,Midday,0,0,1.4833,1.4833,647,1,0.0,0,0,2026,5,May,Q2,BA:Yellow-N | Midday,115,0.0,,0.0,Reliable,15.0,Monitor,14.0,Not Late,Not Severe,Eligible
BA:1850338:20260527,2026-05-25,BA:Yellow-N,901902,14:29:00,14:29:29,901302,14:39:00,14:40:29,52140,52169.0,52740,52829.0,10.0,11.0,1.4833333333333334,0.4833333333333333,1.0,2026-05,Monday,0,2026-05-25,Monday,2026-05,14,Midday,0,0,1.4833,1.4833,647,1,0.0,0,0,2026,5,May,Q2,BA:Yellow-N | Midday,115,0.0,,0.0,Reliable,15.0,Monitor,14.0,Not Late,Not Severe,Eligible
BA:1841948:20260531,2026-05-26,BA:Blue-N,901901,15:11:00,15:11:49,901302,15:22:00,15:22:49,54660,54709.0,55320,55369.0,11.0,11.0,0.8166666666666667,0.8166666666666667,0.0,2026-05,Tuesday,0,2026-05-26,Tuesday,2026-05,15,Midday,0,0,0.8167,0.8167,479,1,0.0,0,0,2026,5,May,Q2,BA:Blue-N | Midday,135,0.74,8.45,0.78,Acute,52.5,P3 - Reliability Watch,8.0,Not Late,Not Severe,Eligible
BA:1850367:20260527,2026-05-25,BA:Yellow-N,901902,24:08:00,24:09:43,901302,24:18:00,24:20:35,86880,86983.0,87480,87635.0,10.0,10.866666666666667,2.5833333333333335,1.7166666666666666,0.8666666666666671,2026-05,Monday,1,2026-05-26,Tuesday,2026-05,0,Overnight,0,0,2.5833,1.4833,647,1,1.1,0,0,2026,5,May,Q2,BA:Yellow-N | Overnight,335,26.27,7.33,68.28,Chronic,95.71,P1 - Primary Hotspot,1.0,Not Late,Not Severe,Eligible
BA:1841919:20260531,2026-05-27,BA:Blue-N,901901,05:31:00,05:31:49,901302,05:42:00,05:42:49,19860,19909.0,20520,20569.0,11.0,11.0,0.8166666666666667,0.8166666666666667,0.0,2026-05,Wednesday,0,2026-05-27,Wednesday,2026-05,5,Overnight,0,0,0.8167,0.8167,479,1,0.0,0,0,2026,5,May,Q2,BA:Blue-N | Overnight,64,0.0,,0.11,Reliable,23.57,Monitor,12.0,Not Late,Not Severe,Eligible
BA:1841932:20260531,2026-05-27,BA:Blue-N,901901,09:58:00,09:58:49,901302,10:02:00,10:02:49,35880,35929.0,36120,36169.0,4.0,4.0,0.8166666666666667,0.8166666666666667,0.0,2026-05,Wednesday,0,2026-05-27,Wednesday,2026-05,9,Morning Peak,1,0,0.8167,0.8167,479,1,0.0,0,0,2026,5,May,Q2,BA:Blue-N | Morning Peak,88,1.14,7.27,0.6,Chronic,47.86,P3 - Reliability Watch,9.0,Not Late,Not Severe,Eligible
BA:1841955:20260531,2026-05-27,BA:Blue-N,901901,17:51:00,17:51:49,901302,18:02:00,18:02:49,64260,64309.0,64920,64969.0,11.0,11.0,0.8166666666666667,0.8166666666666667,0.0,2026-05,Wednesday,0,2026-05-27,Wednesday,2026-05,17,Evening Peak,0,1,0.8167,0.8167,479,1,0.0,0,0,2026,5,May,Q2,BA:Blue-N | Evening Peak,89,0.0,,0.11,Reliable,23.57,Monitor,11.0,Not Late,Not Severe,Eligible
BA:1841957:20260531,2026-05-27,BA:Blue-N,901901,18:31:00,18:31:49,901302,18:42:00,18:42:49,66660,66709.0,67320,67369.0,11.0,11.0,0.8166666666666667,0.8166666666666667,0.0,2026-05,Wednesday,0,2026-05-27,Wednesday,2026-05,18,Evening Peak,0,1,0.8167,0.8167,479,1,0.0,0,0,2026,5,May,Q2,BA:Blue-N | Evening Peak,89,0.0,,0.11,Reliable,23.57,Monitor,11.0,Not Late,Not Severe,Eligible
BA:1842061:20260531,2026-05-27,BA:Green-N,901902,13:34:00,13:35:07,901302,13:45:00,13:46:07,48840,48907.0,49500,49567.0,11.0,11.0,1.1166666666666667,1.1166666666666667,0.0,2026-05,Wednesday,0,2026-05-27,Wednesday,2026-05,13,Midday,0,0,1.1167,1.1167,680,1,0.0,0,0,2026,5,May,Q2,BA:Green-N | Midday,266,4.51,10.34,10.51,Critical,91.07,P1 - Primary Hotspot,2.0,Not Late,Not Severe,Eligible
BA:1842202:20260531,2026-05-27,BA:Yellow-N,901902,10:09:00,10:09:29,901302,10:19:00,10:20:29,36540,36569.0,37140,37229.0,10.0,11.0,1.4833333333333334,0.4833333333333333,1.0,2026-05,Wednesday,0,2026-05-27,Wednesday,2026-05,10,Midday,0,0,1.4833,1.4833,647,1,0.0,0,0,2026,5,May,Q2,BA:Yellow-N | Midday,115,0.0,,0.0,Reliable,15.0,Monitor,14.0,Not Late,Not Severe,Eligible
BA:1842244:20260531,2026-05-26,BA:Yellow-N,901902,24:08:00,24:10:33,901302,24:18:00,24:21:20,86880,87033.0,87480,87680.0,10.0,10.783333333333331,3.3333333333333335,2.55,0.7833333333333332,2026-05,Tuesday,1,2026-05-27,Wednesday,2026-05,0,Overnight,0,0,3.3333,1.4833,647,1,1.85,0,0,2026,5,May,Q2,BA:Yellow-N | Overnight,335,26.27,7.33,68.28,Chronic,95.71,P1 - Primary Hotspot,1.0,Not Late,Not Severe,Eligible
BA:1841954:20260531,2026-05-28,BA:Blue-N,901901,17:31:00,17:31:49,901302,17:42:00,17:42:49,63060,63109.0,63720,63769.0,11.0,11.0,0.8166666666666667,0.8166666666666667,0.0,2026-05,Thursday,0,2026-05-28,Thursday,2026-05,17,Evening Peak,0,1,0.8167,0.8167,479,1,0.0,0,0,2026,5,May,Q2,BA:Blue-N | Evening Peak,89,0.0,,0.11,Reliable,23.57,Monitor,11.0,Not Late,Not Severe,Eligible
BA:1841957:20260531,2026-05-28,BA:Blue-N,901901,18:31:00,18:31:49,901302,18:42:00,18:42:49,66660,66709.0,67320,67369.0,11.0,11.0,0.8166666666666667,0.8166666666666667,0.0,2026-05,Thursday,0,2026-05-28,Thursday,2026-05,18,Evening Peak,0,1,0.8167,0.8167,479,1,0.0,0,0,2026,5,May,Q2,BA:Blue-N | Evening Peak,89,0.0,,0.11,Reliable,23.57,Monitor,11.0,Not Late,Not Severe,Eligible
BA:1841959:20260531,2026-05-28,BA:Blue-N,901901,19:11:00,19:11:49,901302,19:22:00,19:22:49,69060,69109.0,69720,69769.0,11.0,11.0,0.8166666666666667,0.8166666666666667,0.0,2026-05,Thursday,0,2026-05-28,Thursday,2026-05,19,Evening,0,0,0.8167,0.8167,479,1,0.0,0,0,2026,5,May,Q2,BA:Blue-N | Evening,103,2.91,5.87,5.12,Chronic,73.21,P2 - High Burden,4.0,Not Late,Not Severe,Eligible
BA:1841960:20260531,2026-05-28,BA:Blue-N,901901,19:31:00,19:31:49,901302,19:42:00,19:42:49,70260,70309.0,70920,70969.0,11.0,11.0,0.8166666666666667,0.8166666666666667,0.0,2026-05,Thursday,0,2026-05-28,Thursday,2026-05,19,Evening,0,0,0.8167,0.8167,479,1,0.0,0,0,2026,5,May,Q2,BA:Blue-N | Evening,103,2.91,5.87,5.12,Chronic,73.21,P2 - High Burden,4.0,Not Late,Not Severe,Eligible
BA:1841740:20260531,2026-05-28,BA:Red-N,901902,07:43:00,07:47:13,901302,07:54:00,07:58:06,27780,28033.0,28440,28686.0,11.0,10.883333333333333,4.1,4.216666666666667,-0.1166666666666671,2026-05,Thursday,0,2026-05-28,Thursday,2026-05,7,Morning Peak,1,0,4.1,4.0,7,0,0.1,0,0,2026,5,May,Q2,BA:Red-N | Morning Peak,3,33.33,11.9,0.65,Insufficient Sample,,Insufficient Sample,,Not Late,Not Severe,Insufficient Sample
BA:1841741:20260531,2026-05-28,BA:Red-N,901902,08:03:00,08:14:18,901302,08:14:00,08:25:54,28980,29658.0,29640,30354.0,11.0,11.6,11.9,11.3,0.5999999999999996,2026-05,Thursday,0,2026-05-28,Thursday,2026-05,8,Morning Peak,1,0,11.9,4.0,7,0,7.9,1,1,2026,5,May,Q2,BA:Red-N | Morning Peak,3,33.33,11.9,0.65,Insufficient Sample,,Insufficient Sample,,Late,Severe Delay,Insufficient Sample
BA:1842195:20260531,2026-05-28,BA:Yellow-N,901902,07:49:00,07:50:38,901302,07:59:00,08:02:00,28140,28238.0,28740,28920.0,10.0,11.366666666666667,3.0,1.6333333333333333,1.3666666666666671,2026-05,Thursday,0,2026-05-28,Thursday,2026-05,7,Morning Peak,1,0,3.0,1.4833,647,1,1.5167,0,0,2026,5,May,Q2,BA:Yellow-N | Morning Peak,75,0.0,,0.44,Reliable,30.0,Monitor,10.0,Not Late,Not Severe,Eligible
BA:1842256:20260531,2026-05-28,BA:Yellow-N,901902,07:57:00,08:01:03,901302,08:08:00,08:12:49,28620,28863.0,29280,29569.0,11.0,11.766666666666667,4.816666666666666,4.05,0.7666666666666675,2026-05,Thursday,0,2026-05-28,Thursday,2026-05,7,Morning Peak,1,0,4.8167,1.4833,647,1,3.3333,0,0,2026,5,May,Q2,BA:Yellow-N | Morning Peak,75,0.0,,0.44,Reliable,30.0,Monitor,10.0,Not Late,Not Severe,Eligible
BA:1842236:20260531,2026-05-28,BA:Yellow-N,901902,21:33:00,21:33:29,901302,21:38:00,21:39:29,77580,77609.0,77880,77969.0,5.0,6.0,1.4833333333333334,0.4833333333333333,1.0,2026-05,Thursday,0,2026-05-28,Thursday,2026-05,21,Evening,0,0,1.4833,1.4833,647,1,0.0,0,0,2026,5,May,Q2,BA:Yellow-N | Evening,50,2.0,24.0,1.84,Critical,67.86,P3 - Reliability Watch,6.0,Not Late,Not Severe,Eligible
BA:1841931:20260531,2026-05-29,BA:Blue-N,901901,09:31:00,09:31:49,901302,09:42:00,09:42:49,34260,34309.0,34920,34969.0,11.0,11.0,0.8166666666666667,0.8166666666666667,0.0,2026-05,Friday,0,2026-05-29,Friday,2026-05,9,Morning Peak,1,0,0.8167,0.8167,479,1,0.0,0,0,2026,5,May,Q2,BA:Blue-N | Morning Peak,88,1.14,7.27,0.6,Chronic,47.86,P3 - Reliability Watch,9.0,Not Late,Not Severe,Eligible
BA:1841938:20260531,2026-05-29,BA:Blue-N,901901,11:51:00,11:51:49,901302,12:02:00,12:02:49,42660,42709.0,43320,43369.0,11.0,11.0,0.8166666666666667,0.8166666666666667,0.0,2026-05,Friday,0,2026-05-29,Friday,2026-05,11,Midday,0,0,0.8167,0.8167,479,1,0.0,0,0,2026,5,May,Q2,BA:Blue-N | Midday,135,0.74,8.45,0.78,Acute,52.5,P3 - Reliability Watch,8.0,Not Late,Not Severe,Eligible
BA:1842244:20260531,2026-05-28,BA:Yellow-N,901902,24:08:00,24:12:50,901302,24:18:00,24:23:41,86880,87170.0,87480,87821.0,10.0,10.85,5.683333333333334,4.833333333333333,0.8499999999999996,2026-05,Thursday,1,2026-05-29,Friday,2026-05,0,Overnight,0,0,5.6833,1.4833,647,1,4.2,1,0,2026,5,May,Q2,BA:Yellow-N | Overnight,335,26.27,7.33,68.28,Chronic,95.71,P1 - Primary Hotspot,1.0,Late,Not Severe,Eligible
BA:1842244:20260531,2026-05-29,BA:Yellow-N,901902,24:08:00,24:08:56,901302,24:18:00,24:19:54,86880,86936.0,87480,87594.0,10.0,10.966666666666669,1.9,0.9333333333333332,0.9666666666666668,2026-05,Friday,1,2026-05-30,Saturday,2026-05,0,Overnight,0,0,1.9,1.4833,647,1,0.4167,0,0,2026,5,May,Q2,BA:Yellow-N | Overnight,335,26.27,7.33,68.28,Chronic,95.71,P1 - Primary Hotspot,1.0,Not Late,Not Severe,Eligible
BA:1841963:20260630,2026-06-01,BA:Blue-N,901901,20:19:00,20:19:43,901302,20:27:00,20:28:25,73140,73183.0,73620,73705.0,8.0,8.7,1.4166666666666667,0.7166666666666667,0.6999999999999993,2026-06,Monday,0,2026-06-01,Monday,2026-06,20,Evening,0,0,1.4167,0.8167,479,1,0.6,0,0,2026,6,June,Q2,BA:Blue-N | Evening,103,2.91,5.87,5.12,Chronic,73.21,P2 - High Burden,4.0,Not Late,Not Severe,Eligible
BA:1841964:20260630,2026-06-01,BA:Blue-N,901901,20:39:00,20:39:43,901302,20:47:00,20:48:25,74340,74383.0,74820,74905.0,8.0,8.7,1.4166666666666667,0.7166666666666667,0.6999999999999993,2026-06,Monday,0,2026-06-01,Monday,2026-06,20,Evening,0,0,1.4167,0.8167,479,1,0.6,0,0,2026,6,June,Q2,BA:Blue-N | Evening,103,2.91,5.87,5.12,Chronic,73.21,P2 - High Burden,4.0,Not Late,Not Severe,Eligible
BA:1841972:20260630,2026-06-01,BA:Blue-N,901901,23:39:00,23:39:43,901302,23:47:00,23:48:25,85140,85183.0,85620,85705.0,8.0,8.7,1.4166666666666667,0.7166666666666667,0.6999999999999993,2026-06,Monday,0,2026-06-01,Monday,2026-06,23,Evening,0,0,1.4167,0.8167,479,1,0.6,0,0,2026,6,June,Q2,BA:Blue-N | Evening,103,2.91,5.87,5.12,Chronic,73.21,P2 - High Burden,4.0,Not Late,Not Severe,Eligible
BA:1842239:20260630,2026-06-01,BA:Yellow-N,901902,22:28:00,22:28:29,901302,22:38:00,22:39:29,80880,80909.0,81480,81569.0,10.0,11.0,1.4833333333333334,0.4833333333333333,1.0,2026-06,Monday,0,2026-06-01,Monday,2026-06,22,Evening,0,0,1.4833,1.4833,647,1,0.0,0,0,2026,6,June,Q2,BA:Yellow-N | Evening,50,2.0,24.0,1.84,Critical,67.86,P3 - Reliability Watch,6.0,Not Late,Not Severe,Eligible
BA:1842241:20260630,2026-06-01,BA:Yellow-N,901902,22:48:00,22:48:29,901302,22:58:00,22:59:29,82080,82109.0,82680,82769.0,10.0,11.0,1.4833333333333334,0.4833333333333333,1.0,2026-06,Monday,0,2026-06-01,Monday,2026-06,22,Evening,0,0,1.4833,1.4833,647,1,0.0,0,0,2026,6,June,Q2,BA:Yellow-N | Evening,50,2.0,24.0,1.84,Critical,67.86,P3 - Reliability Watch,6.0,Not Late,Not Severe,Eligible
BA:1842242:20260630,2026-06-01,BA:Yellow-N,901902,23:08:00,23:08:29,901302,23:18:00,23:19:29,83280,83309.0,83880,83969.0,10.0,11.0,1.4833333333333334,0.4833333333333333,1.0,2026-06,Monday,0,2026-06-01,Monday,2026-06,23,Evening,0,0,1.4833,1.4833,647,1,0.0,0,0,2026,6,June,Q2,BA:Yellow-N | Evening,50,2.0,24.0,1.84,Critical,67.86,P3 - Reliability Watch,6.0,Not Late,Not Severe,Eligible
BA:1842243:20260630,2026-06-01,BA:Yellow-N,901902,23:28:00,23:28:29,901302,23:38:00,23:39:29,84480,84509.0,85080,85169.0,10.0,11.0,1.4833333333333334,0.4833333333333333,1.0,2026-06,Monday,0,2026-06-01,Monday,2026-06,23,Evening,0,0,1.4833,1.4833,647,1,0.0,0,0,2026,6,June,Q2,BA:Yellow-N | Evening,50,2.0,24.0,1.84,Critical,67.86,P3 - Reliability Watch,6.0,Not Late,Not Severe,Eligible
BA:1842240:20260630,2026-06-01,BA:Yellow-N,901902,23:48:00,23:48:29,901302,23:58:00,23:59:29,85680,85709.0,86280,86369.0,10.0,11.0,1.4833333333333334,0.4833333333333333,1.0,2026-06,Monday,0,2026-06-01,Monday,2026-06,23,Evening,0,0,1.4833,1.4833,647,1,0.0,0,0,2026,6,June,Q2,BA:Yellow-N | Evening,50,2.0,24.0,1.84,Critical,67.86,P3 - Reliability Watch,6.0,Not Late,Not Severe,Eligible
BA:1841954:20260630,2026-06-02,BA:Blue-N,901901,17:41:00,17:41:13,901302,17:42:00,17:42:49,63660,63673.0,63720,63769.0,1.0,1.6,0.8166666666666667,0.2166666666666666,0.6000000000000001,2026-06,Tuesday,0,2026-06-02,Tuesday,2026-06,17,Evening Peak,0,1,0.8167,0.8167,479,1,0.0,0,0,2026,6,June,Q2,BA:Blue-N | Evening Peak,89,0.0,,0.11,Reliable,23.57,Monitor,11.0,Not Late,Not Severe,Eligible
BA:1841963:20260630,2026-06-02,BA:Blue-N,901901,20:17:00,20:17:25,901302,20:27:00,20:28:25,73020,73045.0,73620,73705.0,10.0,11.0,1.4166666666666667,0.4166666666666667,1.0,2026-06,Tuesday,0,2026-06-02,Tuesday,2026-06,20,Evening,0,0,1.4167,0.8167,479,1,0.6,0,0,2026,6,June,Q2,BA:Blue-N | Evening,103,2.91,5.87,5.12,Chronic,73.21,P2 - High Burden,4.0,Not Late,Not Severe,Eligible
BA:1841964:20260630,2026-06-02,BA:Blue-N,901901,20:37:00,20:37:25,901302,20:47:00,20:48:25,74220,74245.0,74820,74905.0,10.0,11.0,1.4166666666666667,0.4166666666666667,1.0,2026-06,Tuesday,0,2026-06-02,Tuesday,2026-06,20,Evening,0,0,1.4167,0.8167,479,1,0.6,0,0,2026,6,June,Q2,BA:Blue-N | Evening,103,2.91,5.87,5.12,Chronic,73.21,P2 - High Burden,4.0,Not Late,Not Severe,Eligible
BA:1841965:20260630,2026-06-02,BA:Blue-N,901901,20:57:00,20:57:25,901302,21:07:00,21:08:25,75420,75445.0,76020,76105.0,10.0,11.0,1.4166666666666667,0.4166666666666667,1.0,2026-06,Tuesday,0,2026-06-02,Tuesday,2026-06,20,Evening,0,0,1.4167,0.8167,479,1,0.6,0,0,2026,6,June,Q2,BA:Blue-N | Evening,103,2.91,5.87,5.12,Chronic,73.21,P2 - High Burden,4.0,Not Late,Not Severe,Eligible
BA:1842192:20260630,2026-06-02,BA:Yellow-N,901902,06:49:00,06:49:29,901302,06:59:00,07:00:29,24540,24569.0,25140,25229.0,10.0,11.0,1.4833333333333334,0.4833333333333333,1.0,2026-06,Tuesday,0,2026-06-02,Tuesday,2026-06,6,Overnight,0,0,1.4833,1.4833,647,1,0.0,0,0,2026,6,June,Q2,BA:Yellow-N | Overnight,335,26.27,7.33,68.28,Chronic,95.71,P1 - Primary Hotspot,1.0,Not Late,Not Severe,Eligible
BA:1842244:20260630,2026-06-01,BA:Yellow-N,901902,24:08:00,24:08:29,901302,24:18:00,24:19:29,86880,86909.0,87480,87569.0,10.0,11.0,1.4833333333333334,0.4833333333333333,1.0,2026-06,Monday,1,2026-06-02,Tuesday,2026-06,0,Overnight,0,0,1.4833,1.4833,647,1,0.0,0,0,2026,6,June,Q2,BA:Yellow-N | Overnight,335,26.27,7.33,68.28,Chronic,95.71,P1 - Primary Hotspot,1.0,Not Late,Not Severe,Eligible
BA:1841920:20260630,2026-06-03,BA:Blue-N,901901,05:51:00,05:51:49,901302,06:02:00,06:02:49,21060,21109.0,21720,21769.0,11.0,11.0,0.8166666666666667,0.8166666666666667,0.0,2026-06,Wednesday,0,2026-06-03,Wednesday,2026-06,5,Overnight,0,0,0.8167,0.8167,479,1,0.0,0,0,2026,6,June,Q2,BA:Blue-N | Overnight,64,0.0,,0.11,Reliable,23.57,Monitor,12.0,Not Late,Not Severe,Eligible
BA:1841924:20260630,2026-06-03,BA:Blue-N,901901,07:11:00,07:11:49,901302,07:22:00,07:22:49,25860,25909.0,26520,26569.0,11.0,11.0,0.8166666666666667,0.8166666666666667,0.0,2026-06,Wednesday,0,2026-06-03,Wednesday,2026-06,7,Morning Peak,1,0,0.8167,0.8167,479,1,0.0,0,0,2026,6,June,Q2,BA:Blue-N | Morning Peak,88,1.14,7.27,0.6,Chronic,47.86,P3 - Reliability Watch,9.0,Not Late,Not Severe,Eligible
BA:1841927:20260630,2026-06-03,BA:Blue-N,901901,08:11:00,08:11:49,901302,08:22:00,08:22:49,29460,29509.0,30120,30169.0,11.0,11.0,0.8166666666666667,0.8166666666666667,0.0,2026-06,Wednesday,0,2026-06-03,Wednesday,2026-06,8,Morning Peak,1,0,0.8167,0.8167,479,1,0.0,0,0,2026,6,June,Q2,BA:Blue-N | Morning Peak,88,1.14,7.27,0.6,Chronic,47.86,P3 - Reliability Watch,9.0,Not Late,Not Severe,Eligible
BA:1841928:20260630,2026-06-03,BA:Blue-N,901901,08:31:00,08:31:49,901302,08:42:00,08:42:49,30660,30709.0,31320,31369.0,11.0,11.0,0.8166666666666667,0.8166666666666667,0.0,2026-06,Wednesday,0,2026-06-03,Wednesday,2026-06,8,Morning Peak,1,0,0.8167,0.8167,479,1,0.0,0,0,2026,6,June,Q2,BA:Blue-N | Morning Peak,88,1.14,7.27,0.6,Chronic,47.86,P3 - Reliability Watch,9.0,Not Late,Not Severe,Eligible
BA:1841931:20260630,2026-06-03,BA:Blue-N,901901,09:36:00,09:36:49,901302,09:42:00,09:42:49,34560,34609.0,34920,34969.0,6.0,6.0,0.8166666666666667,0.8166666666666667,0.0,2026-06,Wednesday,0,2026-06-03,Wednesday,2026-06,9,Morning Peak,1,0,0.8167,0.8167,479,1,0.0,0,0,2026,6,June,Q2,BA:Blue-N | Morning Peak,88,1.14,7.27,0.6,Chronic,47.86,P3 - Reliability Watch,9.0,Not Late,Not Severe,Eligible
BA:1841935:20260630,2026-06-03,BA:Blue-N,901901,10:51:00,10:51:49,901302,11:02:00,11:02:49,39060,39109.0,39720,39769.0,11.0,11.0,0.8166666666666667,0.8166666666666667,0.0,2026-06,Wednesday,0,2026-06-03,Wednesday,2026-06,10,Midday,0,0,0.8167,0.8167,479,1,0.0,0,0,2026,6,June,Q2,BA:Blue-N | Midday,135,0.74,8.45,0.78,Acute,52.5,P3 - Reliability Watch,8.0,Not Late,Not Severe,Eligible
BA:1841937:20260630,2026-06-03,BA:Blue-N,901901,11:31:00,11:31:49,901302,11:42:00,11:42:49,41460,41509.0,42120,42169.0,11.0,11.0,0.8166666666666667,0.8166666666666667,0.0,2026-06,Wednesday,0,2026-06-03,Wednesday,2026-06,11,Midday,0,0,0.8167,0.8167,479,1,0.0,0,0,2026,6,June,Q2,BA:Blue-N | Midday,135,0.74,8.45,0.78,Acute,52.5,P3 - Reliability Watch,8.0,Not Late,Not Severe,Eligible
BA:1841947:20260630,2026-06-03,BA:Blue-N,901901,14:51:00,14:51:49,901302,15:02:00,15:02:49,53460,53509.0,54120,54169.0,11.0,11.0,0.8166666666666667,0.8166666666666667,0.0,2026-06,Wednesday,0,2026-06-03,Wednesday,2026-06,14,Midday,0,0,0.8167,0.8167,479,1,0.0,0,0,2026,6,June,Q2,BA:Blue-N | Midday,135,0.74,8.45,0.78,Acute,52.5,P3 - Reliability Watch,8.0,Not Late,Not Severe,Eligible
BA:1842244:20260630,2026-06-02,BA:Yellow-N,901902,24:08:00,24:10:39,901302,24:18:00,24:21:21,86880,87039.0,87480,87681.0,10.0,10.7,3.35,2.65,0.6999999999999993,2026-06,Tuesday,1,2026-06-03,Wednesday,2026-06,0,Overnight,0,0,3.35,1.4833,647,1,1.8667,0,0,2026,6,June,Q2,BA:Yellow-N | Overnight,335,26.27,7.33,68.28,Chronic,95.71,P1 - Primary Hotspot,1.0,Not Late,Not Severe,Eligible
BA:1841931:20260630,2026-06-04,BA:Blue-N,901901,09:31:00,09:31:49,901302,09:42:00,09:42:49,34260,34309.0,34920,34969.0,11.0,11.0,0.8166666666666667,0.8166666666666667,0.0,2026-06,Thursday,0,2026-06-04,Thursday,2026-06,9,Morning Peak,1,0,0.8167,0.8167,479,1,0.0,0,0,2026,6,June,Q2,BA:Blue-N | Morning Peak,88,1.14,7.27,0.6,Chronic,47.86,P3 - Reliability Watch,9.0,Not Late,Not Severe,Eligible
BA:1842292:20260630,2026-06-04,BA:Yellow-N,901902,18:57:00,18:57:47,901302,19:08:00,19:08:47,68220,68267.0,68880,68927.0,11.0,11.0,0.7833333333333333,0.7833333333333333,0.0,2026-06,Thursday,0,2026-06-04,Thursday,2026-06,18,Evening Peak,0,1,0.7833,1.4833,647,1,0.0,0,0,2026,6,June,Q2,BA:Yellow-N | Evening Peak,72,0.0,,0.0,Reliable,15.0,Monitor,13.0,Not Late,Not Severe,Eligible
BA:1842244:20260630,2026-06-03,BA:Yellow-N,901902,24:08:00,24:12:27,901302,24:18:00,24:23:43,86880,87147.0,87480,87823.0,10.0,11.266666666666667,5.716666666666667,4.45,1.2666666666666675,2026-06,Wednesday,1,2026-06-04,Thursday,2026-06,0,Overnight,0,0,5.7167,1.4833,647,1,4.2333,1,0,2026,6,June,Q2,BA:Yellow-N | Overnight,335,26.27,7.33,68.28,Chronic,95.71,P1 - Primary Hotspot,1.0,Late,Not Severe,Eligible
BA:1841940:20260630,2026-06-05,BA:Blue-N,901901,12:31:00,12:31:49,901302,12:42:00,12:42:49,45060,45109.0,45720,45769.0,11.0,11.0,0.8166666666666667,0.8166666666666667,0.0,2026-06,Friday,0,2026-06-05,Friday,2026-06,12,Midday,0,0,0.8167,0.8167,479,1,0.0,0,0,2026,6,June,Q2,BA:Blue-N | Midday,135,0.74,8.45,0.78,Acute,52.5,P3 - Reliability Watch,8.0,Not Late,Not Severe,Eligible
BA:1842244:20260630,2026-06-04,BA:Yellow-N,901902,24:08:00,24:13:48,901302,24:18:00,24:24:31,86880,87228.0,87480,87871.0,10.0,10.716666666666669,6.516666666666667,5.8,0.7166666666666668,2026-06,Thursday,1,2026-06-05,Friday,2026-06,0,Overnight,0,0,6.5167,1.4833,647,1,5.0333,1,0,2026,6,June,Q2,BA:Yellow-N | Overnight,335,26.27,7.33,68.28,Chronic,95.71,P1 - Primary Hotspot,1.0,Late,Not Severe,Eligible
BA:1842244:20260630,2026-06-05,BA:Yellow-N,901902,24:08:00,24:10:06,901302,24:18:00,24:21:33,86880,87006.0,87480,87693.0,10.0,11.45,3.55,2.1,1.4499999999999993,2026-06,Friday,1,2026-06-06,Saturday,2026-06,0,Overnight,0,0,3.55,1.4833,647,1,2.0667,0,0,2026,6,June,Q2,BA:Yellow-N | Overnight,335,26.27,7.33,68.28,Chronic,95.71,P1 - Primary Hotspot,1.0,Not Late,Not Severe,Eligible
BA:1841950:20260630,2026-06-08,BA:Blue-N,901901,15:51:00,15:51:49,901302,16:02:00,16:02:49,57060,57109.0,57720,57769.0,11.0,11.0,0.8166666666666667,0.8166666666666667,0.0,2026-06,Monday,0,2026-06-08,Monday,2026-06,15,Midday,0,0,0.8167,0.8167,479,1,0.0,0,0,2026,6,June,Q2,BA:Blue-N | Midday,135,0.74,8.45,0.78,Acute,52.5,P3 - Reliability Watch,8.0,Not Late,Not Severe,Eligible
BA:1842194:20260630,2026-06-08,BA:Yellow-N,901902,07:29:00,07:29:29,901302,07:39:00,07:40:29,26940,26969.0,27540,27629.0,10.0,11.0,1.4833333333333334,0.4833333333333333,1.0,2026-06,Monday,0,2026-06-08,Monday,2026-06,7,Morning Peak,1,0,1.4833,1.4833,647,1,0.0,0,0,2026,6,June,Q2,BA:Yellow-N | Morning Peak,75,0.0,,0.44,Reliable,30.0,Monitor,10.0,Not Late,Not Severe,Eligible
BA:1842200:20260630,2026-06-08,BA:Yellow-N,901902,09:29:00,09:29:29,901302,09:39:00,09:40:29,34140,34169.0,34740,34829.0,10.0,11.0,1.4833333333333334,0.4833333333333333,1.0,2026-06,Monday,0,2026-06-08,Monday,2026-06,9,Morning Peak,1,0,1.4833,1.4833,647,1,0.0,0,0,2026,6,June,Q2,BA:Yellow-N | Morning Peak,75,0.0,,0.44,Reliable,30.0,Monitor,10.0,Not Late,Not Severe,Eligible
BA:1842238:20260630,2026-06-08,BA:Yellow-N,901902,22:08:00,22:08:29,901302,22:18:00,22:19:29,79680,79709.0,80280,80369.0,10.0,11.0,1.4833333333333334,0.4833333333333333,1.0,2026-06,Monday,0,2026-06-08,Monday,2026-06,22,Evening,0,0,1.4833,1.4833,647,1,0.0,0,0,2026,6,June,Q2,BA:Yellow-N | Evening,50,2.0,24.0,1.84,Critical,67.86,P3 - Reliability Watch,6.0,Not Late,Not Severe,Eligible
BA:1841967:20260630,2026-06-09,BA:Blue-N,901901,21:57:00,21:57:25,901302,22:07:00,22:08:25,79020,79045.0,79620,79705.0,10.0,11.0,1.4166666666666667,0.4166666666666667,1.0,2026-06,Tuesday,0,2026-06-09,Tuesday,2026-06,21,Evening,0,0,1.4167,0.8167,479,1,0.6,0,0,2026,6,June,Q2,BA:Blue-N | Evening,103,2.91,5.87,5.12,Chronic,73.21,P2 - High Burden,4.0,Not Late,Not Severe,Eligible
BA:1841968:20260630,2026-06-09,BA:Blue-N,901901,22:17:00,22:17:25,901302,22:27:00,22:28:25,80220,80245.0,80820,80905.0,10.0,11.0,1.4166666666666667,0.4166666666666667,1.0,2026-06,Tuesday,0,2026-06-09,Tuesday,2026-06,22,Evening,0,0,1.4167,0.8167,479,1,0.6,0,0,2026,6,June,Q2,BA:Blue-N | Evening,103,2.91,5.87,5.12,Chronic,73.21,P2 - High Burden,4.0,Not Late,Not Severe,Eligible
BA:1841969:20260630,2026-06-09,BA:Blue-N,901901,22:37:00,22:37:25,901302,22:47:00,22:48:25,81420,81445.0,82020,82105.0,10.0,11.0,1.4166666666666667,0.4166666666666667,1.0,2026-06,Tuesday,0,2026-06-09,Tuesday,2026-06,22,Evening,0,0,1.4167,0.8167,479,1,0.6,0,0,2026,6,June,Q2,BA:Blue-N | Evening,103,2.91,5.87,5.12,Chronic,73.21,P2 - High Burden,4.0,Not Late,Not Severe,Eligible
BA:1841970:20260630,2026-06-09,BA:Blue-N,901901,22:57:00,22:57:25,901302,23:07:00,23:08:25,82620,82645.0,83220,83305.0,10.0,11.0,1.4166666666666667,0.4166666666666667,1.0,2026-06,Tuesday,0,2026-06-09,Tuesday,2026-06,22,Evening,0,0,1.4167,0.8167,479,1,0.6,0,0,2026,6,June,Q2,BA:Blue-N | Evening,103,2.91,5.87,5.12,Chronic,73.21,P2 - High Burden,4.0,Not Late,Not Severe,Eligible
BA:1842035:20260630,2026-06-09,BA:Green-N,901901,04:54:00,04:55:07,901302,05:05:00,05:06:07,17640,17707.0,18300,18367.0,11.0,11.0,1.1166666666666667,1.1166666666666667,0.0,2026-06,Tuesday,0,2026-06-09,Tuesday,2026-06,4,Overnight,0,0,1.1167,1.1167,680,1,0.0,0,0,2026,6,June,Q2,BA:Green-N | Overnight,181,2.76,7.14,5.79,Chronic,76.07,P1 - Primary Hotspot,3.0,Not Late,Not Severe,Eligible
BA:1842262:20260630,2026-06-09,BA:Yellow-N,901902,08:57:00,08:57:47,901302,09:08:00,09:08:47,32220,32267.0,32880,32927.0,11.0,11.0,0.7833333333333333,0.7833333333333333,0.0,2026-06,Tuesday,0,2026-06-09,Tuesday,2026-06,8,Morning Peak,1,0,0.7833,1.4833,647,1,0.0,0,0,2026,6,June,Q2,BA:Yellow-N | Morning Peak,75,0.0,,0.44,Reliable,30.0,Monitor,10.0,Not Late,Not Severe,Eligible
BA:1842263:20260630,2026-06-09,BA:Yellow-N,901902,09:27:00,09:27:11,901302,09:28:00,09:28:47,34020,34031.0,34080,34127.0,1.0,1.6,0.7833333333333333,0.1833333333333333,0.6000000000000001,2026-06,Tuesday,0,2026-06-09,Tuesday,2026-06,9,Morning Peak,1,0,0.7833,1.4833,647,1,0.0,0,0,2026,6,June,Q2,BA:Yellow-N | Morning Peak,75,0.0,,0.44,Reliable,30.0,Monitor,10.0,Not Late,Not Severe,Eligible
BA:1842214:20260630,2026-06-09,BA:Yellow-N,901902,14:09:00,14:09:29,901302,14:19:00,14:20:29,50940,50969.0,51540,51629.0,10.0,11.0,1.4833333333333334,0.4833333333333333,1.0,2026-06,Tuesday,0,2026-06-09,Tuesday,2026-06,14,Midday,0,0,1.4833,1.4833,647,1,0.0,0,0,2026,6,June,Q2,BA:Yellow-N | Midday,115,0.0,,0.0,Reliable,15.0,Monitor,14.0,Not Late,Not Severe,Eligible
BA:1842244:20260630,2026-06-08,BA:Yellow-N,901902,24:08:00,24:11:55,901302,24:18:00,24:22:49,86880,87115.0,87480,87769.0,10.0,10.9,4.816666666666666,3.9166666666666665,0.9000000000000004,2026-06,Monday,1,2026-06-09,Tuesday,2026-06,0,Overnight,0,0,4.8167,1.4833,647,1,3.3333,0,0,2026,6,June,Q2,BA:Yellow-N | Overnight,335,26.27,7.33,68.28,Chronic,95.71,P1 - Primary Hotspot,1.0,Not Late,Not Severe,Eligible
BA:1842036:20260630,2026-06-10,BA:Green-N,901902,05:14:00,05:15:07,901302,05:25:00,05:26:07,18840,18907.0,19500,19567.0,11.0,11.0,1.1166666666666667,1.1166666666666667,0.0,2026-06,Wednesday,0,2026-06-10,Wednesday,2026-06,5,Overnight,0,0,1.1167,1.1167,680,1,0.0,0,0,2026,6,June,Q2,BA:Green-N | Overnight,181,2.76,7.14,5.79,Chronic,76.07,P1 - Primary Hotspot,3.0,Not Late,Not Severe,Eligible
BA:1842244:20260630,2026-06-09,BA:Yellow-N,901902,24:08:00,24:15:19,901302,24:18:00,24:26:19,86880,87319.0,87480,87979.0,10.0,11.0,8.316666666666666,7.316666666666666,1.0,2026-06,Tuesday,1,2026-06-10,Wednesday,2026-06,0,Overnight,0,0,8.3167,1.4833,647,1,6.8333,1,0,2026,6,June,Q2,BA:Yellow-N | Overnight,335,26.27,7.33,68.28,Chronic,95.71,P1 - Primary Hotspot,1.0,Late,Not Severe,Eligible
BA:1841934:20260630,2026-06-11,BA:Blue-N,901901,10:31:00,10:31:49,901302,10:42:00,10:42:49,37860,37909.0,38520,38569.0,11.0,11.0,0.8166666666666667,0.8166666666666667,0.0,2026-06,Thursday,0,2026-06-11,Thursday,2026-06,10,Midday,0,0,0.8167,0.8167,479,1,0.0,0,0,2026,6,June,Q2,BA:Blue-N | Midday,135,0.74,8.45,0.78,Acute,52.5,P3 - Reliability Watch,8.0,Not Late,Not Severe,Eligible
BA:1842244:20260630,2026-06-10,BA:Yellow-N,901902,24:08:00,24:10:27,901302,24:18:00,24:21:31,86880,87027.0,87480,87691.0,10.0,11.066666666666666,3.5166666666666666,2.45,1.0666666666666664,2026-06,Wednesday,1,2026-06-11,Thursday,2026-06,0,Overnight,0,0,3.5167,1.4833,647,1,2.0333,0,0,2026,6,June,Q2,BA:Yellow-N | Overnight,335,26.27,7.33,68.28,Chronic,95.71,P1 - Primary Hotspot,1.0,Not Late,Not Severe,Eligible
BA:1842244:20260630,2026-06-11,BA:Yellow-N,901902,24:08:00,24:11:13,901302,24:18:00,24:22:09,86880,87073.0,87480,87729.0,10.0,10.933333333333334,4.15,3.216666666666667,0.9333333333333336,2026-06,Thursday,1,2026-06-12,Friday,2026-06,0,Overnight,0,0,4.15,1.4833,647,1,2.6667,0,0,2026,6,June,Q2,BA:Yellow-N | Overnight,335,26.27,7.33,68.28,Chronic,95.71,P1 - Primary Hotspot,1.0,Not Late,Not Severe,Eligible
BA:1842244:20260630,2026-06-12,BA:Yellow-N,901902,24:08:00,24:09:35,901302,24:18:00,24:20:34,86880,86975.0,87480,87634.0,10.0,10.983333333333333,2.566666666666667,1.5833333333333333,0.9833333333333324,2026-06,Friday,1,2026-06-13,Saturday,2026-06,0,Overnight,0,0,2.5667,1.4833,647,1,1.0833,0,0,2026,6,June,Q2,BA:Yellow-N | Overnight,335,26.27,7.33,68.28,Chronic,95.71,P1 - Primary Hotspot,1.0,Not Late,Not Severe,Eligible
BA:1841973:20260630,2026-06-15,BA:Blue-N,901901,23:59:00,23:59:43,901302,24:07:00,24:10:45,86340,86383.0,86820,87045.0,8.0,11.033333333333331,3.75,0.7166666666666667,3.033333333333333,2026-06,Monday,0,2026-06-15,Monday,2026-06,23,Evening,0,0,3.75,0.8167,479,1,2.9333,0,0,2026,6,June,Q2,BA:Blue-N | Evening,103,2.91,5.87,5.12,Chronic,73.21,P2 - High Burden,4.0,Not Late,Not Severe,Eligible
BA:1994383:20260630,2026-06-16,BA:Blue-N,901901,23:59:00,23:59:43,901302,24:07:00,24:12:08,86340,86383.0,86820,87128.0,8.0,12.416666666666666,5.133333333333334,0.7166666666666667,4.416666666666666,2026-06,Tuesday,0,2026-06-16,Tuesday,2026-06,23,Evening,0,0,5.1333,0.8167,479,1,4.3167,1,0,2026,6,June,Q2,BA:Blue-N | Evening,103,2.91,5.87,5.12,Chronic,73.21,P2 - High Burden,4.0,Late,Not Severe,Eligible
BA:1994070:20260630,2026-06-16,BA:Green-N,901902,15:02:00,15:02:07,901302,15:05:00,15:06:07,54120,54127.0,54300,54367.0,3.0,4.0,1.1166666666666667,0.1166666666666666,1.0,2026-06,Tuesday,0,2026-06-16,Tuesday,2026-06,15,Midday,0,0,1.1167,1.1167,680,1,0.0,0,0,2026,6,June,Q2,BA:Green-N | Midday,266,4.51,10.34,10.51,Critical,91.07,P1 - Primary Hotspot,2.0,Not Late,Not Severe,Eligible
BA:1842244:20260630,2026-06-15,BA:Yellow-N,901902,24:08:00,24:09:49,901302,24:18:00,24:21:32,86880,86989.0,87480,87692.0,10.0,11.716666666666669,3.533333333333333,1.8166666666666669,1.7166666666666668,2026-06,Monday,1,2026-06-16,Tuesday,2026-06,0,Overnight,0,0,3.5333,1.4833,647,1,2.05,0,0,2026,6,June,Q2,BA:Yellow-N | Overnight,335,26.27,7.33,68.28,Chronic,95.71,P1 - Primary Hotspot,1.0,Not Late,Not Severe,Eligible
BA:1841964:20260630,2026-06-17,BA:Blue-N,901901,20:37:00,20:37:25,901302,20:47:00,20:48:25,74220,74245.0,74820,74905.0,10.0,11.0,1.4166666666666667,0.4166666666666667,1.0,2026-06,Wednesday,0,2026-06-17,Wednesday,2026-06,20,Evening,0,0,1.4167,0.8167,479,1,0.6,0,0,2026,6,June,Q2,BA:Blue-N | Evening,103,2.91,5.87,5.12,Chronic,73.21,P2 - High Burden,4.0,Not Late,Not Severe,Eligible
BA:1841973:20260630,2026-06-17,BA:Blue-N,901901,23:59:00,23:59:43,901302,24:07:00,24:09:10,86340,86383.0,86820,86950.0,8.0,9.45,2.1666666666666665,0.7166666666666667,1.4499999999999993,2026-06,Wednesday,0,2026-06-17,Wednesday,2026-06,23,Evening,0,0,2.1667,0.8167,479,1,1.35,0,0,2026,6,June,Q2,BA:Blue-N | Evening,103,2.91,5.87,5.12,Chronic,73.21,P2 - High Burden,4.0,Not Late,Not Severe,Eligible
BA:1842259:20260630,2026-06-17,BA:Yellow-N,901902,07:37:00,07:37:47,901302,07:48:00,07:48:47,27420,27467.0,28080,28127.0,11.0,11.0,0.7833333333333333,0.7833333333333333,0.0,2026-06,Wednesday,0,2026-06-17,Wednesday,2026-06,7,Morning Peak,1,0,0.7833,1.4833,647,1,0.0,0,0,2026,6,June,Q2,BA:Yellow-N | Morning Peak,75,0.0,,0.44,Reliable,30.0,Monitor,10.0,Not Late,Not Severe,Eligible
BA:1993795:20260630,2026-06-16,BA:Yellow-N,901902,24:08:00,24:08:50,901302,24:18:00,24:19:46,86880,86930.0,87480,87586.0,10.0,10.933333333333334,1.7666666666666666,0.8333333333333334,0.9333333333333336,2026-06,Tuesday,1,2026-06-17,Wednesday,2026-06,0,Overnight,0,0,1.7667,1.4833,647,1,0.2833,0,0,2026,6,June,Q2,BA:Yellow-N | Overnight,335,26.27,7.33,68.28,Chronic,95.71,P1 - Primary Hotspot,1.0,Not Late,Not Severe,Eligible
BA:1842244:20260630,2026-06-17,BA:Yellow-N,901902,24:08:00,24:14:59,901302,24:18:00,24:25:52,86880,87299.0,87480,87952.0,10.0,10.883333333333333,7.866666666666666,6.983333333333333,0.8833333333333329,2026-06,Wednesday,1,2026-06-18,Thursday,2026-06,0,Overnight,0,0,7.8667,1.4833,647,1,6.3833,1,0,2026,6,June,Q2,BA:Yellow-N | Overnight,335,26.27,7.33,68.28,Chronic,95.71,P1 - Primary Hotspot,1.0,Late,Not Severe,Eligible
BA:1999393:20260630,2026-06-19,BA:Blue-N,901901,23:59:00,23:59:43,901302,24:07:00,24:09:11,86340,86383.0,86820,86951.0,8.0,9.466666666666669,2.183333333333333,0.7166666666666667,1.4666666666666668,2026-06,Friday,0,2026-06-19,Friday,2026-06,23,Evening,0,0,2.1833,0.8167,479,1,1.3667,0,0,2026,6,June,Q2,BA:Blue-N | Evening,103,2.91,5.87,5.12,Chronic,73.21,P2 - High Burden,4.0,Not Late,Not Severe,Eligible
BA:1842244:20260630,2026-06-18,BA:Yellow-N,901902,24:08:00,24:08:24,901302,24:18:00,24:19:49,86880,86904.0,87480,87589.0,10.0,11.416666666666666,1.8166666666666669,0.4,1.416666666666666,2026-06,Thursday,1,2026-06-19,Friday,2026-06,0,Overnight,0,0,1.8167,1.4833,647,1,0.3333,0,0,2026,6,June,Q2,BA:Yellow-N | Overnight,335,26.27,7.33,68.28,Chronic,95.71,P1 - Primary Hotspot,1.0,Not Late,Not Severe,Eligible
BA:1998795:20260630,2026-06-19,BA:Yellow-N,901902,24:08:00,24:08:47,901302,24:18:00,24:19:47,86880,86927.0,87480,87587.0,10.0,11.0,1.7833333333333334,0.7833333333333333,1.0,2026-06,Friday,1,2026-06-20,Saturday,2026-06,0,Overnight,0,0,1.7833,1.4833,647,1,0.3,0,0,2026,6,June,Q2,BA:Yellow-N | Overnight,335,26.27,7.33,68.28,Chronic,95.71,P1 - Primary Hotspot,1.0,Not Late,Not Severe,Eligible
BA:1999393:20260630,2026-06-22,BA:Blue-N,901901,23:59:00,23:59:43,901302,24:07:00,24:09:18,86340,86383.0,86820,86958.0,8.0,9.583333333333334,2.3,0.7166666666666667,1.583333333333334,2026-06,Monday,0,2026-06-22,Monday,2026-06,23,Evening,0,0,2.3,0.8167,479,1,1.4833,0,0,2026,6,June,Q2,BA:Blue-N | Evening,103,2.91,5.87,5.12,Chronic,73.21,P2 - High Burden,4.0,Not Late,Not Severe,Eligible
BA:1999049:20260630,2026-06-22,BA:Green-N,901902,05:14:00,05:15:07,901302,05:25:00,05:26:07,18840,18907.0,19500,19567.0,11.0,11.0,1.1166666666666667,1.1166666666666667,0.0,2026-06,Monday,0,2026-06-22,Monday,2026-06,5,Overnight,0,0,1.1167,1.1167,680,1,0.0,0,0,2026,6,June,Q2,BA:Green-N | Overnight,181,2.76,7.14,5.79,Chronic,76.07,P1 - Primary Hotspot,3.0,Not Late,Not Severe,Eligible
BA:1998793:20260630,2026-06-22,BA:Yellow-N,901902,23:15:00,23:15:29,901302,23:18:00,23:19:29,83700,83729.0,83880,83969.0,3.0,4.0,1.4833333333333334,0.4833333333333333,1.0,2026-06,Monday,0,2026-06-22,Monday,2026-06,23,Evening,0,0,1.4833,1.4833,647,1,0.0,0,0,2026,6,June,Q2,BA:Yellow-N | Evening,50,2.0,24.0,1.84,Critical,67.86,P3 - Reliability Watch,6.0,Not Late,Not Severe,Eligible
BA:1841973:20260630,2026-06-23,BA:Blue-N,901901,23:59:00,23:59:43,901302,24:07:00,24:09:12,86340,86383.0,86820,86952.0,8.0,9.483333333333333,2.2,0.7166666666666667,1.4833333333333325,2026-06,Tuesday,0,2026-06-23,Tuesday,2026-06,23,Evening,0,0,2.2,0.8167,479,1,1.3833,0,0,2026,6,June,Q2,BA:Blue-N | Evening,103,2.91,5.87,5.12,Chronic,73.21,P2 - High Burden,4.0,Not Late,Not Severe,Eligible
BA:1842195:20260630,2026-06-23,BA:Yellow-N,901902,07:49:00,07:49:29,901302,07:59:00,08:00:29,28140,28169.0,28740,28829.0,10.0,11.0,1.4833333333333334,0.4833333333333333,1.0,2026-06,Tuesday,0,2026-06-23,Tuesday,2026-06,7,Morning Peak,1,0,1.4833,1.4833,647,1,0.0,0,0,2026,6,June,Q2,BA:Yellow-N | Morning Peak,75,0.0,,0.44,Reliable,30.0,Monitor,10.0,Not Late,Not Severe,Eligible
BA:1842261:20260630,2026-06-23,BA:Yellow-N,901902,08:39:00,08:40:05,901302,08:48:00,08:48:47,31140,31205.0,31680,31727.0,9.0,8.7,0.7833333333333333,1.0833333333333333,-0.3000000000000007,2026-06,Tuesday,0,2026-06-23,Tuesday,2026-06,8,Morning Peak,1,0,0.7833,1.4833,647,1,0.0,0,0,2026,6,June,Q2,BA:Yellow-N | Morning Peak,75,0.0,,0.44,Reliable,30.0,Monitor,10.0,Not Late,Not Severe,Eligible
BA:1842262:20260630,2026-06-23,BA:Yellow-N,901902,08:57:00,08:57:47,901302,09:08:00,09:08:47,32220,32267.0,32880,32927.0,11.0,11.0,0.7833333333333333,0.7833333333333333,0.0,2026-06,Tuesday,0,2026-06-23,Tuesday,2026-06,8,Morning Peak,1,0,0.7833,1.4833,647,1,0.0,0,0,2026,6,June,Q2,BA:Yellow-N | Morning Peak,75,0.0,,0.44,Reliable,30.0,Monitor,10.0,Not Late,Not Severe,Eligible
BA:1998795:20260630,2026-06-22,BA:Yellow-N,901902,24:08:00,24:08:52,901302,24:18:00,24:19:48,86880,86932.0,87480,87588.0,10.0,10.933333333333334,1.8,0.8666666666666667,0.9333333333333336,2026-06,Monday,1,2026-06-23,Tuesday,2026-06,0,Overnight,0,0,1.8,1.4833,647,1,0.3167,0,0,2026,6,June,Q2,BA:Yellow-N | Overnight,335,26.27,7.33,68.28,Chronic,95.71,P1 - Primary Hotspot,1.0,Not Late,Not Severe,Eligible
BA:1841942:20260630,2026-06-24,BA:Blue-N,901901,13:11:00,13:11:49,901302,13:22:00,13:22:49,47460,47509.0,48120,48169.0,11.0,11.0,0.8166666666666667,0.8166666666666667,0.0,2026-06,Wednesday,0,2026-06-24,Wednesday,2026-06,13,Midday,0,0,0.8167,0.8167,479,1,0.0,0,0,2026,6,June,Q2,BA:Blue-N | Midday,135,0.74,8.45,0.78,Acute,52.5,P3 - Reliability Watch,8.0,Not Late,Not Severe,Eligible
BA:1841943:20260630,2026-06-24,BA:Blue-N,901901,13:31:00,13:31:49,901302,13:42:00,13:42:49,48660,48709.0,49320,49369.0,11.0,11.0,0.8166666666666667,0.8166666666666667,0.0,2026-06,Wednesday,0,2026-06-24,Wednesday,2026-06,13,Midday,0,0,0.8167,0.8167,479,1,0.0,0,0,2026,6,June,Q2,BA:Blue-N | Midday,135,0.74,8.45,0.78,Acute,52.5,P3 - Reliability Watch,8.0,Not Late,Not Severe,Eligible
BA:1841947:20260630,2026-06-24,BA:Blue-N,901901,14:51:00,14:51:49,901302,15:02:00,15:02:49,53460,53509.0,54120,54169.0,11.0,11.0,0.8166666666666667,0.8166666666666667,0.0,2026-06,Wednesday,0,2026-06-24,Wednesday,2026-06,14,Midday,0,0,0.8167,0.8167,479,1,0.0,0,0,2026,6,June,Q2,BA:Blue-N | Midday,135,0.74,8.45,0.78,Acute,52.5,P3 - Reliability Watch,8.0,Not Late,Not Severe,Eligible
BA:1841917:20260630,2026-06-24,BA:Blue-N,901901,16:31:00,16:31:49,901302,16:42:00,16:42:49,59460,59509.0,60120,60169.0,11.0,11.0,0.8166666666666667,0.8166666666666667,0.0,2026-06,Wednesday,0,2026-06-24,Wednesday,2026-06,16,Evening Peak,0,1,0.8167,0.8167,479,1,0.0,0,0,2026,6,June,Q2,BA:Blue-N | Evening Peak,89,0.0,,0.11,Reliable,23.57,Monitor,11.0,Not Late,Not Severe,Eligible
BA:1842266:20260630,2026-06-24,BA:Yellow-N,901902,10:17:00,10:17:47,901302,10:28:00,10:28:47,37020,37067.0,37680,37727.0,11.0,11.0,0.7833333333333333,0.7833333333333333,0.0,2026-06,Wednesday,0,2026-06-24,Wednesday,2026-06,10,Midday,0,0,0.7833,1.4833,647,1,0.0,0,0,2026,6,June,Q2,BA:Yellow-N | Midday,115,0.0,,0.0,Reliable,15.0,Monitor,14.0,Not Late,Not Severe,Eligible
BA:1842267:20260630,2026-06-24,BA:Yellow-N,901902,10:37:00,10:37:47,901302,10:48:00,10:48:47,38220,38267.0,38880,38927.0,11.0,11.0,0.7833333333333333,0.7833333333333333,0.0,2026-06,Wednesday,0,2026-06-24,Wednesday,2026-06,10,Midday,0,0,0.7833,1.4833,647,1,0.0,0,0,2026,6,June,Q2,BA:Yellow-N | Midday,115,0.0,,0.0,Reliable,15.0,Monitor,14.0,Not Late,Not Severe,Eligible
BA:1842275:20260630,2026-06-24,BA:Yellow-N,901902,12:57:00,12:57:47,901302,13:08:00,13:08:47,46620,46667.0,47280,47327.0,11.0,11.0,0.7833333333333333,0.7833333333333333,0.0,2026-06,Wednesday,0,2026-06-24,Wednesday,2026-06,12,Midday,0,0,0.7833,1.4833,647,1,0.0,0,0,2026,6,June,Q2,BA:Yellow-N | Midday,115,0.0,,0.0,Reliable,15.0,Monitor,14.0,Not Late,Not Severe,Eligible
BA:1842280:20260630,2026-06-24,BA:Yellow-N,901902,14:57:00,14:57:47,901302,15:08:00,15:08:47,53820,53867.0,54480,54527.0,11.0,11.0,0.7833333333333333,0.7833333333333333,0.0,2026-06,Wednesday,0,2026-06-24,Wednesday,2026-06,14,Midday,0,0,0.7833,1.4833,647,1,0.0,0,0,2026,6,June,Q2,BA:Yellow-N | Midday,115,0.0,,0.0,Reliable,15.0,Monitor,14.0,Not Late,Not Severe,Eligible
BA:1842292:20260630,2026-06-24,BA:Yellow-N,901902,18:57:00,18:57:47,901302,19:08:00,19:08:47,68220,68267.0,68880,68927.0,11.0,11.0,0.7833333333333333,0.7833333333333333,0.0,2026-06,Wednesday,0,2026-06-24,Wednesday,2026-06,18,Evening Peak,0,1,0.7833,1.4833,647,1,0.0,0,0,2026,6,June,Q2,BA:Yellow-N | Evening Peak,72,0.0,,0.0,Reliable,15.0,Monitor,13.0,Not Late,Not Severe,Eligible
BA:1842244:20260630,2026-06-23,BA:Yellow-N,901902,24:08:00,24:14:27,901302,24:18:00,24:25:27,86880,87267.0,87480,87927.0,10.0,11.0,7.45,6.45,1.0,2026-06,Tuesday,1,2026-06-24,Wednesday,2026-06,0,Overnight,0,0,7.45,1.4833,647,1,5.9667,1,0,2026,6,June,Q2,BA:Yellow-N | Overnight,335,26.27,7.33,68.28,Chronic,95.71,P1 - Primary Hotspot,1.0,Late,Not Severe,Eligible
BA:1841921:20260630,2026-06-25,BA:Blue-N,901901,06:11:00,06:11:49,901302,06:22:00,06:22:49,22260,22309.0,22920,22969.0,11.0,11.0,0.8166666666666667,0.8166666666666667,0.0,2026-06,Thursday,0,2026-06-25,Thursday,2026-06,6,Overnight,0,0,0.8167,0.8167,479,1,0.0,0,0,2026,6,June,Q2,BA:Blue-N | Overnight,64,0.0,,0.11,Reliable,23.57,Monitor,12.0,Not Late,Not Severe,Eligible
BA:1841922:20260630,2026-06-25,BA:Blue-N,901901,06:31:00,06:31:49,901302,06:42:00,06:42:49,23460,23509.0,24120,24169.0,11.0,11.0,0.8166666666666667,0.8166666666666667,0.0,2026-06,Thursday,0,2026-06-25,Thursday,2026-06,6,Overnight,0,0,0.8167,0.8167,479,1,0.0,0,0,2026,6,June,Q2,BA:Blue-N | Overnight,64,0.0,,0.11,Reliable,23.57,Monitor,12.0,Not Late,Not Severe,Eligible
BA:1841926:20260630,2026-06-25,BA:Blue-N,901901,07:51:00,07:51:49,901302,08:02:00,08:02:49,28260,28309.0,28920,28969.0,11.0,11.0,0.8166666666666667,0.8166666666666667,0.0,2026-06,Thursday,0,2026-06-25,Thursday,2026-06,7,Morning Peak,1,0,0.8167,0.8167,479,1,0.0,0,0,2026,6,June,Q2,BA:Blue-N | Morning Peak,88,1.14,7.27,0.6,Chronic,47.86,P3 - Reliability Watch,9.0,Not Late,Not Severe,Eligible
BA:1842244:20260630,2026-06-24,BA:Yellow-N,901902,24:08:00,24:13:31,901302,24:18:00,24:24:15,86880,87211.0,87480,87855.0,10.0,10.733333333333333,6.25,5.516666666666667,0.7333333333333325,2026-06,Wednesday,1,2026-06-25,Thursday,2026-06,0,Overnight,0,0,6.25,1.4833,647,1,4.7667,1,0,2026,6,June,Q2,BA:Yellow-N | Overnight,335,26.27,7.33,68.28,Chronic,95.71,P1 - Primary Hotspot,1.0,Late,Not Severe,Eligible
BA:1841917:20260630,2026-06-26,BA:Blue-N,901901,16:33:00,16:34:07,901302,16:42:00,16:42:49,59580,59647.0,60120,60169.0,9.0,8.7,0.8166666666666667,1.1166666666666667,-0.3000000000000007,2026-06,Friday,0,2026-06-26,Friday,2026-06,16,Evening Peak,0,1,0.8167,0.8167,479,1,0.0,0,0,2026,6,June,Q2,BA:Blue-N | Evening Peak,89,0.0,,0.11,Reliable,23.57,Monitor,11.0,Not Late,Not Severe,Eligible
BA:1842244:20260630,2026-06-25,BA:Yellow-N,901902,24:08:00,24:09:22,901302,24:18:00,24:20:13,86880,86962.0,87480,87613.0,10.0,10.85,2.216666666666667,1.3666666666666667,0.8499999999999996,2026-06,Thursday,1,2026-06-26,Friday,2026-06,0,Overnight,0,0,2.2167,1.4833,647,1,0.7333,0,0,2026,6,June,Q2,BA:Yellow-N | Overnight,335,26.27,7.33,68.28,Chronic,95.71,P1 - Primary Hotspot,1.0,Not Late,Not Severe,Eligible
BA:1842244:20260630,2026-06-26,BA:Yellow-N,901902,24:08:00,24:11:17,901302,24:18:00,24:22:18,86880,87077.0,87480,87738.0,10.0,11.016666666666667,4.3,3.283333333333333,1.0166666666666675,2026-06,Friday,1,2026-06-27,Saturday,2026-06,0,Overnight,0,0,4.3,1.4833,647,1,2.8167,0,0,2026,6,June,Q2,BA:Yellow-N | Overnight,335,26.27,7.33,68.28,Chronic,95.71,P1 - Primary Hotspot,1.0,Not Late,Not Severe,Eligible
BA:1841973:20260630,2026-06-29,BA:Blue-N,901901,23:59:00,23:59:43,901302,24:07:00,24:13:11,86340,86383.0,86820,87191.0,8.0,13.466666666666669,6.183333333333334,0.7166666666666667,5.466666666666667,2026-06,Monday,0,2026-06-29,Monday,2026-06,23,Evening,0,0,6.1833,0.8167,479,1,5.3667,1,0,2026,6,June,Q2,BA:Blue-N | Evening,103,2.91,5.87,5.12,Chronic,73.21,P2 - High Burden,4.0,Late,Not Severe,Eligible
BA:1842255:20260630,2026-06-30,BA:Yellow-N,901902,04:49:00,04:49:29,901302,04:59:00,05:00:29,17340,17369.0,17940,18029.0,10.0,11.0,1.4833333333333334,0.4833333333333333,1.0,2026-06,Tuesday,0,2026-06-30,Tuesday,2026-06,4,Overnight,0,0,1.4833,1.4833,647,1,0.0,0,0,2026,6,June,Q2,BA:Yellow-N | Overnight,335,26.27,7.33,68.28,Chronic,95.71,P1 - Primary Hotspot,1.0,Not Late,Not Severe,Eligible
BA:1842244:20260630,2026-06-29,BA:Yellow-N,901902,24:08:00,24:14:22,901302,24:18:00,24:25:19,86880,87262.0,87480,87919.0,10.0,10.95,7.316666666666666,6.366666666666666,0.9499999999999992,2026-06,Monday,1,2026-06-30,Tuesday,2026-06,0,Overnight,0,0,7.3167,1.4833,647,1,5.8333,1,0,2026,6,June,Q2,BA:Yellow-N | Overnight,335,26.27,7.33,68.28,Chronic,95.71,P1 - Primary Hotspot,1.0,Late,Not Severe,Eligible
BA:1841938:20260722,2026-07-01,BA:Blue-N,901901,11:51:00,11:51:49,901302,12:02:00,12:02:49,42660,42709.0,43320,43369.0,11.0,11.0,0.8166666666666667,0.8166666666666667,0.0,2026-07,Wednesday,0,2026-07-01,Wednesday,2026-07,11,Midday,0,0,0.8167,0.8167,479,1,0.0,0,0,2026,7,July,Q3,BA:Blue-N | Midday,135,0.74,8.45,0.78,Acute,52.5,P3 - Reliability Watch,8.0,Not Late,Not Severe,Eligible
BA:1841940:20260722,2026-07-01,BA:Blue-N,901901,12:31:00,12:31:49,901302,12:42:00,12:42:49,45060,45109.0,45720,45769.0,11.0,11.0,0.8166666666666667,0.8166666666666667,0.0,2026-07,Wednesday,0,2026-07-01,Wednesday,2026-07,12,Midday,0,0,0.8167,0.8167,479,1,0.0,0,0,2026,7,July,Q3,BA:Blue-N | Midday,135,0.74,8.45,0.78,Acute,52.5,P3 - Reliability Watch,8.0,Not Late,Not Severe,Eligible
BA:1841955:20260722,2026-07-01,BA:Blue-N,901901,17:51:00,17:51:49,901302,18:02:00,18:02:49,64260,64309.0,64920,64969.0,11.0,11.0,0.8166666666666667,0.8166666666666667,0.0,2026-07,Wednesday,0,2026-07-01,Wednesday,2026-07,17,Evening Peak,0,1,0.8167,0.8167,479,1,0.0,0,0,2026,7,July,Q3,BA:Blue-N | Evening Peak,89,0.0,,0.11,Reliable,23.57,Monitor,11.0,Not Late,Not Severe,Eligible
BA:1841960:20260722,2026-07-01,BA:Blue-N,901901,19:31:00,19:31:49,901302,19:42:00,19:42:49,70260,70309.0,70920,70969.0,11.0,11.0,0.8166666666666667,0.8166666666666667,0.0,2026-07,Wednesday,0,2026-07-01,Wednesday,2026-07,19,Evening,0,0,0.8167,0.8167,479,1,0.0,0,0,2026,7,July,Q3,BA:Blue-N | Evening,103,2.91,5.87,5.12,Chronic,73.21,P2 - High Burden,4.0,Not Late,Not Severe,Eligible
BA:1842259:20260722,2026-07-01,BA:Yellow-N,901902,07:37:00,07:37:47,901302,07:48:00,07:48:47,27420,27467.0,28080,28127.0,11.0,11.0,0.7833333333333333,0.7833333333333333,0.0,2026-07,Wednesday,0,2026-07-01,Wednesday,2026-07,7,Morning Peak,1,0,0.7833,1.4833,647,1,0.0,0,0,2026,7,July,Q3,BA:Yellow-N | Morning Peak,75,0.0,,0.44,Reliable,30.0,Monitor,10.0,Not Late,Not Severe,Eligible
BA:1841950:20260722,2026-07-02,BA:Blue-N,901901,15:51:00,15:51:49,901302,16:02:00,16:02:49,57060,57109.0,57720,57769.0,11.0,11.0,0.8166666666666667,0.8166666666666667,0.0,2026-07,Thursday,0,2026-07-02,Thursday,2026-07,15,Midday,0,0,0.8167,0.8167,479,1,0.0,0,0,2026,7,July,Q3,BA:Blue-N | Midday,135,0.74,8.45,0.78,Acute,52.5,P3 - Reliability Watch,8.0,Not Late,Not Severe,Eligible
BA:1842198:20260722,2026-07-02,BA:Yellow-N,901902,08:49:00,08:49:29,901302,08:59:00,09:00:29,31740,31769.0,32340,32429.0,10.0,11.0,1.4833333333333334,0.4833333333333333,1.0,2026-07,Thursday,0,2026-07-02,Thursday,2026-07,8,Morning Peak,1,0,1.4833,1.4833,647,1,0.0,0,0,2026,7,July,Q3,BA:Yellow-N | Morning Peak,75,0.0,,0.44,Reliable,30.0,Monitor,10.0,Not Late,Not Severe,Eligible
BA:1842237:20260722,2026-07-02,BA:Yellow-N,901902,21:48:00,21:48:29,901302,21:58:00,21:59:29,78480,78509.0,79080,79169.0,10.0,11.0,1.4833333333333334,0.4833333333333333,1.0,2026-07,Thursday,0,2026-07-02,Thursday,2026-07,21,Evening,0,0,1.4833,1.4833,647,1,0.0,0,0,2026,7,July,Q3,BA:Yellow-N | Evening,50,2.0,24.0,1.84,Critical,67.86,P3 - Reliability Watch,6.0,Not Late,Not Severe,Eligible
BA:1842244:20260722,2026-07-01,BA:Yellow-N,901902,24:08:00,24:13:19,901302,24:18:00,24:24:01,86880,87199.0,87480,87841.0,10.0,10.7,6.016666666666667,5.316666666666666,0.6999999999999993,2026-07,Wednesday,1,2026-07-02,Thursday,2026-07,0,Overnight,0,0,6.0167,1.4833,647,1,4.5333,1,0,2026,7,July,Q3,BA:Yellow-N | Overnight,335,26.27,7.33,68.28,Chronic,95.71,P1 - Primary Hotspot,1.0,Late,Not Severe,Eligible
BA:1841969:20260722,2026-07-03,BA:Blue-N,901901,22:37:00,22:37:25,901302,22:47:00,22:48:25,81420,81445.0,82020,82105.0,10.0,11.0,1.4166666666666667,0.4166666666666667,1.0,2026-07,Friday,0,2026-07-03,Friday,2026-07,22,Evening,0,0,1.4167,0.8167,479,1,0.6,0,0,2026,7,July,Q3,BA:Blue-N | Evening,103,2.91,5.87,5.12,Chronic,73.21,P2 - High Burden,4.0,Not Late,Not Severe,Eligible
BA:1842244:20260722,2026-07-02,BA:Yellow-N,901902,24:08:00,24:08:55,901302,24:18:00,24:19:51,86880,86935.0,87480,87591.0,10.0,10.933333333333334,1.85,0.9166666666666666,0.9333333333333336,2026-07,Thursday,1,2026-07-03,Friday,2026-07,0,Overnight,0,0,1.85,1.4833,647,1,0.3667,0,0,2026,7,July,Q3,BA:Yellow-N | Overnight,335,26.27,7.33,68.28,Chronic,95.71,P1 - Primary Hotspot,1.0,Not Late,Not Severe,Eligible
BA:1842244:20260722,2026-07-03,BA:Yellow-N,901902,24:08:00,24:10:15,901302,24:18:00,24:21:06,86880,87015.0,87480,87666.0,10.0,10.85,3.1,2.25,0.8499999999999996,2026-07,Friday,1,2026-07-04,Saturday,2026-07,0,Overnight,0,0,3.1,1.4833,647,1,1.6167,0,0,2026,7,July,Q3,BA:Yellow-N | Overnight,335,26.27,7.33,68.28,Chronic,95.71,P1 - Primary Hotspot,1.0,Not Late,Not Severe,Eligible
BA:1842278:20260722,2026-07-07,BA:Yellow-N,901902,14:17:00,14:17:47,901302,14:28:00,14:28:47,51420,51467.0,52080,52127.0,11.0,11.0,0.7833333333333333,0.7833333333333333,0.0,2026-07,Tuesday,0,2026-07-07,Tuesday,2026-07,14,Midday,0,0,0.7833,1.4833,647,1,0.0,0,0,2026,7,July,Q3,BA:Yellow-N | Midday,115,0.0,,0.0,Reliable,15.0,Monitor,14.0,Not Late,Not Severe,Eligible
BA:1842244:20260722,2026-07-06,BA:Yellow-N,901902,24:08:00,24:12:15,901302,24:18:00,24:23:35,86880,87135.0,87480,87815.0,10.0,11.333333333333334,5.583333333333333,4.25,1.333333333333334,2026-07,Monday,1,2026-07-07,Tuesday,2026-07,0,Overnight,0,0,5.5833,1.4833,647,1,4.1,1,0,2026,7,July,Q3,BA:Yellow-N | Overnight,335,26.27,7.33,68.28,Chronic,95.71,P1 - Primary Hotspot,1.0,Late,Not Severe,Eligible
BA:1841922:20260722,2026-07-08,BA:Blue-N,901901,06:31:00,06:31:49,901302,06:42:00,06:42:49,23460,23509.0,24120,24169.0,11.0,11.0,0.8166666666666667,0.8166666666666667,0.0,2026-07,Wednesday,0,2026-07-08,Wednesday,2026-07,6,Overnight,0,0,0.8167,0.8167,479,1,0.0,0,0,2026,7,July,Q3,BA:Blue-N | Overnight,64,0.0,,0.11,Reliable,23.57,Monitor,12.0,Not Late,Not Severe,Eligible
BA:1841941:20260722,2026-07-08,BA:Blue-N,901901,12:53:00,12:54:07,901302,13:02:00,13:02:49,46380,46447.0,46920,46969.0,9.0,8.7,0.8166666666666667,1.1166666666666667,-0.3000000000000007,2026-07,Wednesday,0,2026-07-08,Wednesday,2026-07,12,Midday,0,0,0.8167,0.8167,479,1,0.0,0,0,2026,7,July,Q3,BA:Blue-N | Midday,135,0.74,8.45,0.78,Acute,52.5,P3 - Reliability Watch,8.0,Not Late,Not Severe,Eligible
BA:1841951:20260722,2026-07-08,BA:Blue-N,901901,16:11:00,16:11:49,901302,16:22:00,16:22:49,58260,58309.0,58920,58969.0,11.0,11.0,0.8166666666666667,0.8166666666666667,0.0,2026-07,Wednesday,0,2026-07-08,Wednesday,2026-07,16,Evening Peak,0,1,0.8167,0.8167,479,1,0.0,0,0,2026,7,July,Q3,BA:Blue-N | Evening Peak,89,0.0,,0.11,Reliable,23.57,Monitor,11.0,Not Late,Not Severe,Eligible
BA:1842077:20260722,2026-07-08,BA:Green-N,901902,18:54:00,18:55:07,901302,19:05:00,19:06:07,68040,68107.0,68700,68767.0,11.0,11.0,1.1166666666666667,1.1166666666666667,0.0,2026-07,Wednesday,0,2026-07-08,Wednesday,2026-07,18,Evening Peak,0,1,1.1167,1.1167,680,1,0.0,0,0,2026,7,July,Q3,BA:Green-N | Evening Peak,76,5.26,9.22,3.05,Critical,78.93,P3 - Reliability Watch,5.0,Not Late,Not Severe,Eligible
BA:1842244:20260722,2026-07-07,BA:Yellow-N,901902,24:08:00,24:14:39,901302,24:18:00,24:25:27,86880,87279.0,87480,87927.0,10.0,10.8,7.45,6.65,0.8000000000000007,2026-07,Tuesday,1,2026-07-08,Wednesday,2026-07,0,Overnight,0,0,7.45,1.4833,647,1,5.9667,1,0,2026,7,July,Q3,BA:Yellow-N | Overnight,335,26.27,7.33,68.28,Chronic,95.71,P1 - Primary Hotspot,1.0,Late,Not Severe,Eligible
BA:1842256:20260722,2026-07-09,BA:Yellow-N,901902,07:57:00,07:57:47,901302,08:08:00,08:08:47,28620,28667.0,29280,29327.0,11.0,11.0,0.7833333333333333,0.7833333333333333,0.0,2026-07,Thursday,0,2026-07-09,Thursday,2026-07,7,Morning Peak,1,0,0.7833,1.4833,647,1,0.0,0,0,2026,7,July,Q3,BA:Yellow-N | Morning Peak,75,0.0,,0.44,Reliable,30.0,Monitor,10.0,Not Late,Not Severe,Eligible
BA:1842260:20260722,2026-07-09,BA:Yellow-N,901902,08:17:00,08:17:47,901302,08:28:00,08:28:47,29820,29867.0,30480,30527.0,11.0,11.0,0.7833333333333333,0.7833333333333333,0.0,2026-07,Thursday,0,2026-07-09,Thursday,2026-07,8,Morning Peak,1,0,0.7833,1.4833,647,1,0.0,0,0,2026,7,July,Q3,BA:Yellow-N | Morning Peak,75,0.0,,0.44,Reliable,30.0,Monitor,10.0,Not Late,Not Severe,Eligible
BA:1842204:20260722,2026-07-09,BA:Yellow-N,901902,10:49:00,10:49:29,901302,10:59:00,11:00:29,38940,38969.0,39540,39629.0,10.0,11.0,1.4833333333333334,0.4833333333333333,1.0,2026-07,Thursday,0,2026-07-09,Thursday,2026-07,10,Midday,0,0,1.4833,1.4833,647,1,0.0,0,0,2026,7,July,Q3,BA:Yellow-N | Midday,115,0.0,,0.0,Reliable,15.0,Monitor,14.0,Not Late,Not Severe,Eligible
BA:1842278:20260722,2026-07-09,BA:Yellow-N,901902,14:17:00,14:17:47,901302,14:28:00,14:28:47,51420,51467.0,52080,52127.0,11.0,11.0,0.7833333333333333,0.7833333333333333,0.0,2026-07,Thursday,0,2026-07-09,Thursday,2026-07,14,Midday,0,0,0.7833,1.4833,647,1,0.0,0,0,2026,7,July,Q3,BA:Yellow-N | Midday,115,0.0,,0.0,Reliable,15.0,Monitor,14.0,Not Late,Not Severe,Eligible
BA:1842244:20260722,2026-07-08,BA:Yellow-N,901902,24:08:00,24:13:29,901302,24:18:00,24:26:19,86880,87209.0,87480,87979.0,10.0,12.833333333333334,8.316666666666666,5.483333333333333,2.833333333333334,2026-07,Wednesday,1,2026-07-09,Thursday,2026-07,0,Overnight,0,0,8.3167,1.4833,647,1,6.8333,1,0,2026,7,July,Q3,BA:Yellow-N | Overnight,335,26.27,7.33,68.28,Chronic,95.71,P1 - Primary Hotspot,1.0,Late,Not Severe,Eligible
BA:1842244:20260722,2026-07-09,BA:Yellow-N,901902,24:08:00,24:10:29,901302,24:18:00,24:21:25,86880,87029.0,87480,87685.0,10.0,10.933333333333334,3.4166666666666665,2.4833333333333334,0.9333333333333336,2026-07,Thursday,1,2026-07-10,Friday,2026-07,0,Overnight,0,0,3.4167,1.4833,647,1,1.9333,0,0,2026,7,July,Q3,BA:Yellow-N | Overnight,335,26.27,7.33,68.28,Chronic,95.71,P1 - Primary Hotspot,1.0,Not Late,Not Severe,Eligible
BA:1842244:20260722,2026-07-10,BA:Yellow-N,901902,24:08:00,24:09:00,901302,24:18:00,24:20:44,86880,86940.0,87480,87644.0,10.0,11.733333333333333,2.7333333333333334,1.0,1.7333333333333325,2026-07,Friday,1,2026-07-11,Saturday,2026-07,0,Overnight,0,0,2.7333,1.4833,647,1,1.25,0,0,2026,7,July,Q3,BA:Yellow-N | Overnight,335,26.27,7.33,68.28,Chronic,95.71,P1 - Primary Hotspot,1.0,Not Late,Not Severe,Eligible
BA:1841941:20260722,2026-07-13,BA:Blue-N,901901,12:51:00,12:51:49,901302,13:02:00,13:02:49,46260,46309.0,46920,46969.0,11.0,11.0,0.8166666666666667,0.8166666666666667,0.0,2026-07,Monday,0,2026-07-13,Monday,2026-07,12,Midday,0,0,0.8167,0.8167,479,1,0.0,0,0,2026,7,July,Q3,BA:Blue-N | Midday,135,0.74,8.45,0.78,Acute,52.5,P3 - Reliability Watch,8.0,Not Late,Not Severe,Eligible
BA:1841973:20260722,2026-07-13,BA:Blue-N,901901,23:59:00,23:59:43,901302,24:07:00,24:09:13,86340,86383.0,86820,86953.0,8.0,9.5,2.216666666666667,0.7166666666666667,1.5,2026-07,Monday,0,2026-07-13,Monday,2026-07,23,Evening,0,0,2.2167,0.8167,479,1,1.4,0,0,2026,7,July,Q3,BA:Blue-N | Evening,103,2.91,5.87,5.12,Chronic,73.21,P2 - High Burden,4.0,Not Late,Not Severe,Eligible
BA:1842037:20260722,2026-07-13,BA:Green-N,901902,05:34:00,05:35:07,901302,05:45:00,05:46:07,20040,20107.0,20700,20767.0,11.0,11.0,1.1166666666666667,1.1166666666666667,0.0,2026-07,Monday,0,2026-07-13,Monday,2026-07,5,Overnight,0,0,1.1167,1.1167,680,1,0.0,0,0,2026,7,July,Q3,BA:Green-N | Overnight,181,2.76,7.14,5.79,Chronic,76.07,P1 - Primary Hotspot,3.0,Not Late,Not Severe,Eligible
BA:1842277:20260722,2026-07-13,BA:Yellow-N,901902,13:57:00,13:57:47,901302,14:08:00,14:08:47,50220,50267.0,50880,50927.0,11.0,11.0,0.7833333333333333,0.7833333333333333,0.0,2026-07,Monday,0,2026-07-13,Monday,2026-07,13,Midday,0,0,0.7833,1.4833,647,1,0.0,0,0,2026,7,July,Q3,BA:Yellow-N | Midday,115,0.0,,0.0,Reliable,15.0,Monitor,14.0,Not Late,Not Severe,Eligible
BA:1842244:20260722,2026-07-13,BA:Yellow-N,901902,24:08:00,24:14:27,901302,24:18:00,24:26:22,86880,87267.0,87480,87982.0,10.0,11.916666666666666,8.366666666666667,6.45,1.916666666666666,2026-07,Monday,1,2026-07-14,Tuesday,2026-07,0,Overnight,0,0,8.3667,1.4833,647,1,6.8833,1,0,2026,7,July,Q3,BA:Yellow-N | Overnight,335,26.27,7.33,68.28,Chronic,95.71,P1 - Primary Hotspot,1.0,Late,Not Severe,Eligible
BA:1841939:20260722,2026-07-15,BA:Blue-N,901901,12:11:00,12:11:49,901302,12:22:00,12:22:49,43860,43909.0,44520,44569.0,11.0,11.0,0.8166666666666667,0.8166666666666667,0.0,2026-07,Wednesday,0,2026-07-15,Wednesday,2026-07,12,Midday,0,0,0.8167,0.8167,479,1,0.0,0,0,2026,7,July,Q3,BA:Blue-N | Midday,135,0.74,8.45,0.78,Acute,52.5,P3 - Reliability Watch,8.0,Not Late,Not Severe,Eligible
BA:1841940:20260722,2026-07-15,BA:Blue-N,901901,12:31:00,12:31:49,901302,12:42:00,12:42:49,45060,45109.0,45720,45769.0,11.0,11.0,0.8166666666666667,0.8166666666666667,0.0,2026-07,Wednesday,0,2026-07-15,Wednesday,2026-07,12,Midday,0,0,0.8167,0.8167,479,1,0.0,0,0,2026,7,July,Q3,BA:Blue-N | Midday,135,0.74,8.45,0.78,Acute,52.5,P3 - Reliability Watch,8.0,Not Late,Not Severe,Eligible
BA:1841941:20260722,2026-07-15,BA:Blue-N,901901,12:58:00,12:58:49,901302,13:02:00,13:02:49,46680,46729.0,46920,46969.0,4.0,4.0,0.8166666666666667,0.8166666666666667,0.0,2026-07,Wednesday,0,2026-07-15,Wednesday,2026-07,12,Midday,0,0,0.8167,0.8167,479,1,0.0,0,0,2026,7,July,Q3,BA:Blue-N | Midday,135,0.74,8.45,0.78,Acute,52.5,P3 - Reliability Watch,8.0,Not Late,Not Severe,Eligible
BA:1842285:20260722,2026-07-15,BA:Yellow-N,901902,16:17:00,16:17:47,901302,16:28:00,16:28:47,58620,58667.0,59280,59327.0,11.0,11.0,0.7833333333333333,0.7833333333333333,0.0,2026-07,Wednesday,0,2026-07-15,Wednesday,2026-07,16,Evening Peak,0,1,0.7833,1.4833,647,1,0.0,0,0,2026,7,July,Q3,BA:Yellow-N | Evening Peak,72,0.0,,0.0,Reliable,15.0,Monitor,13.0,Not Late,Not Severe,Eligible
BA:1842292:20260722,2026-07-15,BA:Yellow-N,901902,18:57:00,18:57:47,901302,19:08:00,19:08:47,68220,68267.0,68880,68927.0,11.0,11.0,0.7833333333333333,0.7833333333333333,0.0,2026-07,Wednesday,0,2026-07-15,Wednesday,2026-07,18,Evening Peak,0,1,0.7833,1.4833,647,1,0.0,0,0,2026,7,July,Q3,BA:Yellow-N | Evening Peak,72,0.0,,0.0,Reliable,15.0,Monitor,13.0,Not Late,Not Severe,Eligible
BA:1842293:20260722,2026-07-15,BA:Yellow-N,901902,19:17:00,19:17:47,901302,19:28:00,19:28:47,69420,69467.0,70080,70127.0,11.0,11.0,0.7833333333333333,0.7833333333333333,0.0,2026-07,Wednesday,0,2026-07-15,Wednesday,2026-07,19,Evening,0,0,0.7833,1.4833,647,1,0.0,0,0,2026,7,July,Q3,BA:Yellow-N | Evening,50,2.0,24.0,1.84,Critical,67.86,P3 - Reliability Watch,6.0,Not Late,Not Severe,Eligible
BA:1842244:20260722,2026-07-14,BA:Yellow-N,901902,24:08:00,24:14:40,901302,24:18:00,24:25:27,86880,87280.0,87480,87927.0,10.0,10.783333333333331,7.45,6.666666666666667,0.7833333333333332,2026-07,Tuesday,1,2026-07-15,Wednesday,2026-07,0,Overnight,0,0,7.45,1.4833,647,1,5.9667,1,0,2026,7,July,Q3,BA:Yellow-N | Overnight,335,26.27,7.33,68.28,Chronic,95.71,P1 - Primary Hotspot,1.0,Late,Not Severe,Eligible
BA:1841933:20260722,2026-07-16,BA:Blue-N,901901,10:16:00,10:16:49,901302,10:22:00,10:22:49,36960,37009.0,37320,37369.0,6.0,6.0,0.8166666666666667,0.8166666666666667,0.0,2026-07,Thursday,0,2026-07-16,Thursday,2026-07,10,Midday,0,0,0.8167,0.8167,479,1,0.0,0,0,2026,7,July,Q3,BA:Blue-N | Midday,135,0.74,8.45,0.78,Acute,52.5,P3 - Reliability Watch,8.0,Not Late,Not Severe,Eligible
BA:1841956:20260722,2026-07-16,BA:Blue-N,901901,18:11:00,18:11:49,901302,18:22:00,18:22:49,65460,65509.0,66120,66169.0,11.0,11.0,0.8166666666666667,0.8166666666666667,0.0,2026-07,Thursday,0,2026-07-16,Thursday,2026-07,18,Evening Peak,0,1,0.8167,0.8167,479,1,0.0,0,0,2026,7,July,Q3,BA:Blue-N | Evening Peak,89,0.0,,0.11,Reliable,23.57,Monitor,11.0,Not Late,Not Severe,Eligible
BA:1841957:20260722,2026-07-16,BA:Blue-N,901901,18:31:00,18:31:49,901302,18:42:00,18:42:49,66660,66709.0,67320,67369.0,11.0,11.0,0.8166666666666667,0.8166666666666667,0.0,2026-07,Thursday,0,2026-07-16,Thursday,2026-07,18,Evening Peak,0,1,0.8167,0.8167,479,1,0.0,0,0,2026,7,July,Q3,BA:Blue-N | Evening Peak,89,0.0,,0.11,Reliable,23.57,Monitor,11.0,Not Late,Not Severe,Eligible
BA:1841968:20260722,2026-07-16,BA:Blue-N,901901,22:17:00,22:17:25,901302,22:27:00,22:28:25,80220,80245.0,80820,80905.0,10.0,11.0,1.4166666666666667,0.4166666666666667,1.0,2026-07,Thursday,0,2026-07-16,Thursday,2026-07,22,Evening,0,0,1.4167,0.8167,479,1,0.6,0,0,2026,7,July,Q3,BA:Blue-N | Evening,103,2.91,5.87,5.12,Chronic,73.21,P2 - High Burden,4.0,Not Late,Not Severe,Eligible
BA:1841970:20260722,2026-07-16,BA:Blue-N,901901,22:57:00,22:57:25,901302,23:07:00,23:08:25,82620,82645.0,83220,83305.0,10.0,11.0,1.4166666666666667,0.4166666666666667,1.0,2026-07,Thursday,0,2026-07-16,Thursday,2026-07,22,Evening,0,0,1.4167,0.8167,479,1,0.6,0,0,2026,7,July,Q3,BA:Blue-N | Evening,103,2.91,5.87,5.12,Chronic,73.21,P2 - High Burden,4.0,Not Late,Not Severe,Eligible
BA:1842241:20260722,2026-07-16,BA:Yellow-N,901902,22:48:00,22:48:29,901302,22:58:00,22:59:29,82080,82109.0,82680,82769.0,10.0,11.0,1.4833333333333334,0.4833333333333333,1.0,2026-07,Thursday,0,2026-07-16,Thursday,2026-07,22,Evening,0,0,1.4833,1.4833,647,1,0.0,0,0,2026,7,July,Q3,BA:Yellow-N | Evening,50,2.0,24.0,1.84,Critical,67.86,P3 - Reliability Watch,6.0,Not Late,Not Severe,Eligible
BA:1842244:20260722,2026-07-15,BA:Yellow-N,901902,24:08:00,24:12:53,901302,24:18:00,24:25:39,86880,87173.0,87480,87939.0,10.0,12.766666666666667,7.65,4.883333333333334,2.7666666666666675,2026-07,Wednesday,1,2026-07-16,Thursday,2026-07,0,Overnight,0,0,7.65,1.4833,647,1,6.1667,1,0,2026,7,July,Q3,BA:Yellow-N | Overnight,335,26.27,7.33,68.28,Chronic,95.71,P1 - Primary Hotspot,1.0,Late,Not Severe,Eligible
BA:1841927:20260722,2026-07-17,BA:Blue-N,901901,08:11:00,08:11:49,901302,08:22:00,08:22:49,29460,29509.0,30120,30169.0,11.0,11.0,0.8166666666666667,0.8166666666666667,0.0,2026-07,Friday,0,2026-07-17,Friday,2026-07,8,Morning Peak,1,0,0.8167,0.8167,479,1,0.0,0,0,2026,7,July,Q3,BA:Blue-N | Morning Peak,88,1.14,7.27,0.6,Chronic,47.86,P3 - Reliability Watch,9.0,Not Late,Not Severe,Eligible
BA:1841932:20260722,2026-07-17,BA:Blue-N,901901,09:51:00,09:51:49,901302,10:02:00,10:02:49,35460,35509.0,36120,36169.0,11.0,11.0,0.8166666666666667,0.8166666666666667,0.0,2026-07,Friday,0,2026-07-17,Friday,2026-07,9,Morning Peak,1,0,0.8167,0.8167,479,1,0.0,0,0,2026,7,July,Q3,BA:Blue-N | Morning Peak,88,1.14,7.27,0.6,Chronic,47.86,P3 - Reliability Watch,9.0,Not Late,Not Severe,Eligible
BA:1841935:20260722,2026-07-17,BA:Blue-N,901901,10:51:00,10:51:49,901302,11:02:00,11:02:49,39060,39109.0,39720,39769.0,11.0,11.0,0.8166666666666667,0.8166666666666667,0.0,2026-07,Friday,0,2026-07-17,Friday,2026-07,10,Midday,0,0,0.8167,0.8167,479,1,0.0,0,0,2026,7,July,Q3,BA:Blue-N | Midday,135,0.74,8.45,0.78,Acute,52.5,P3 - Reliability Watch,8.0,Not Late,Not Severe,Eligible
BA:1841942:20260722,2026-07-17,BA:Blue-N,901901,13:11:00,13:11:49,901302,13:22:00,13:22:49,47460,47509.0,48120,48169.0,11.0,11.0,0.8166666666666667,0.8166666666666667,0.0,2026-07,Friday,0,2026-07-17,Friday,2026-07,13,Midday,0,0,0.8167,0.8167,479,1,0.0,0,0,2026,7,July,Q3,BA:Blue-N | Midday,135,0.74,8.45,0.78,Acute,52.5,P3 - Reliability Watch,8.0,Not Late,Not Severe,Eligible
BA:1841917:20260722,2026-07-17,BA:Blue-N,901901,16:31:00,16:31:49,901302,16:42:00,16:42:49,59460,59509.0,60120,60169.0,11.0,11.0,0.8166666666666667,0.8166666666666667,0.0,2026-07,Friday,0,2026-07-17,Friday,2026-07,16,Evening Peak,0,1,0.8167,0.8167,479,1,0.0,0,0,2026,7,July,Q3,BA:Blue-N | Evening Peak,89,0.0,,0.11,Reliable,23.57,Monitor,11.0,Not Late,Not Severe,Eligible
BA:1842244:20260722,2026-07-16,BA:Yellow-N,901902,24:08:00,24:11:15,901302,24:18:00,24:21:56,86880,87075.0,87480,87716.0,10.0,10.683333333333334,3.933333333333333,3.25,0.6833333333333336,2026-07,Thursday,1,2026-07-17,Friday,2026-07,0,Overnight,0,0,3.9333,1.4833,647,1,2.45,0,0,2026,7,July,Q3,BA:Yellow-N | Overnight,335,26.27,7.33,68.28,Chronic,95.71,P1 - Primary Hotspot,1.0,Not Late,Not Severe,Eligible
BA:1842245:20260722,2026-07-16,BA:Yellow-N,901902,24:17:00,24:17:41,901302,24:28:00,24:36:00,87420,87461.0,88080,88560.0,11.0,18.316666666666663,8.0,0.6833333333333333,7.316666666666666,2026-07,Thursday,1,2026-07-17,Friday,2026-07,0,Overnight,0,0,8.0,1.4833,647,1,6.5167,1,0,2026,7,July,Q3,BA:Yellow-N | Overnight,335,26.27,7.33,68.28,Chronic,95.71,P1 - Primary Hotspot,1.0,Late,Not Severe,Eligible
BA:1841974:20260722,2026-07-17,BA:Blue-N,901901,24:16:00,24:16:25,901302,24:26:00,24:27:25,87360,87385.0,87960,88045.0,10.0,11.0,1.4166666666666667,0.4166666666666667,1.0,2026-07,Friday,1,2026-07-18,Saturday,2026-07,0,Overnight,0,0,1.4167,0.8167,479,1,0.6,0,0,2026,7,July,Q3,BA:Blue-N | Overnight,64,0.0,,0.11,Reliable,23.57,Monitor,12.0,Not Late,Not Severe,Eligible
BA:1842244:20260722,2026-07-17,BA:Yellow-N,901902,24:08:00,24:10:06,901302,24:18:00,24:21:10,86880,87006.0,87480,87670.0,10.0,11.066666666666666,3.1666666666666665,2.1,1.0666666666666664,2026-07,Friday,1,2026-07-18,Saturday,2026-07,0,Overnight,0,0,3.1667,1.4833,647,1,1.6833,0,0,2026,7,July,Q3,BA:Yellow-N | Overnight,335,26.27,7.33,68.28,Chronic,95.71,P1 - Primary Hotspot,1.0,Not Late,Not Severe,Eligible
BA:1841967:20260722,2026-07-20,BA:Blue-N,901901,21:59:00,21:59:43,901302,22:07:00,22:08:25,79140,79183.0,79620,79705.0,8.0,8.7,1.4166666666666667,0.7166666666666667,0.6999999999999993,2026-07,Monday,0,2026-07-20,Monday,2026-07,21,Evening,0,0,1.4167,0.8167,479,1,0.6,0,0,2026,7,July,Q3,BA:Blue-N | Evening,103,2.91,5.87,5.12,Chronic,73.21,P2 - High Burden,4.0,Not Late,Not Severe,Eligible
BA:1841973:20260722,2026-07-20,BA:Blue-N,901901,23:59:00,23:59:43,901302,24:07:00,24:09:33,86340,86383.0,86820,86973.0,8.0,9.833333333333334,2.55,0.7166666666666667,1.833333333333334,2026-07,Monday,0,2026-07-20,Monday,2026-07,23,Evening,0,0,2.55,0.8167,479,1,1.7333,0,0,2026,7,July,Q3,BA:Blue-N | Evening,103,2.91,5.87,5.12,Chronic,73.21,P2 - High Burden,4.0,Not Late,Not Severe,Eligible
BA:1842253:20260722,2026-07-20,BA:Yellow-N,901902,05:17:00,05:17:41,901302,05:28:00,05:28:41,19020,19061.0,19680,19721.0,11.0,11.0,0.6833333333333333,0.6833333333333333,0.0,2026-07,Monday,0,2026-07-20,Monday,2026-07,5,Overnight,0,0,0.6833,1.4833,647,1,0.0,0,0,2026,7,July,Q3,BA:Yellow-N | Overnight,335,26.27,7.33,68.28,Chronic,95.71,P1 - Primary Hotspot,1.0,Not Late,Not Severe,Eligible
BA:1842254:20260722,2026-07-21,BA:Yellow-N,901902,04:57:00,04:57:41,901302,05:08:00,05:08:41,17820,17861.0,18480,18521.0,11.0,11.0,0.6833333333333333,0.6833333333333333,0.0,2026-07,Tuesday,0,2026-07-21,Tuesday,2026-07,4,Overnight,0,0,0.6833,1.4833,647,1,0.0,0,0,2026,7,July,Q3,BA:Yellow-N | Overnight,335,26.27,7.33,68.28,Chronic,95.71,P1 - Primary Hotspot,1.0,Not Late,Not Severe,Eligible
BA:1842225:20260722,2026-07-21,BA:Yellow-N,901902,17:49:00,17:49:29,901302,17:59:00,18:00:29,64140,64169.0,64740,64829.0,10.0,11.0,1.4833333333333334,0.4833333333333333,1.0,2026-07,Tuesday,0,2026-07-21,Tuesday,2026-07,17,Evening Peak,0,1,1.4833,1.4833,647,1,0.0,0,0,2026,7,July,Q3,BA:Yellow-N | Evening Peak,72,0.0,,0.0,Reliable,15.0,Monitor,13.0,Not Late,Not Severe,Eligible
BA:1842244:20260722,2026-07-20,BA:Yellow-N,901902,24:08:00,24:12:31,901302,24:18:00,24:23:43,86880,87151.0,87480,87823.0,10.0,11.2,5.716666666666667,4.516666666666667,1.1999999999999993,2026-07,Monday,1,2026-07-21,Tuesday,2026-07,0,Overnight,0,0,5.7167,1.4833,647,1,4.2333,1,0,2026,7,July,Q3,BA:Yellow-N | Overnight,335,26.27,7.33,68.28,Chronic,95.71,P1 - Primary Hotspot,1.0,Late,Not Severe,Eligible
BA:1841946:20260722,2026-07-22,BA:Blue-N,901901,14:31:00,14:31:49,901302,14:42:00,14:42:49,52260,52309.0,52920,52969.0,11.0,11.0,0.8166666666666667,0.8166666666666667,0.0,2026-07,Wednesday,0,2026-07-22,Wednesday,2026-07,14,Midday,0,0,0.8167,0.8167,479,1,0.0,0,0,2026,7,July,Q3,BA:Blue-N | Midday,135,0.74,8.45,0.78,Acute,52.5,P3 - Reliability Watch,8.0,Not Late,Not Severe,Eligible
BA:1842253:20260722,2026-07-22,BA:Yellow-N,901902,05:17:00,05:17:41,901302,05:28:00,05:28:41,19020,19061.0,19680,19721.0,11.0,11.0,0.6833333333333333,0.6833333333333333,0.0,2026-07,Wednesday,0,2026-07-22,Wednesday,2026-07,5,Overnight,0,0,0.6833,1.4833,647,1,0.0,0,0,2026,7,July,Q3,BA:Yellow-N | Overnight,335,26.27,7.33,68.28,Chronic,95.71,P1 - Primary Hotspot,1.0,Not Late,Not Severe,Eligible
BA:1842227:20260722,2026-07-22,BA:Yellow-N,901902,18:29:00,18:29:29,901302,18:39:00,18:40:29,66540,66569.0,67140,67229.0,10.0,11.0,1.4833333333333334,0.4833333333333333,1.0,2026-07,Wednesday,0,2026-07-22,Wednesday,2026-07,18,Evening Peak,0,1,1.4833,1.4833,647,1,0.0,0,0,2026,7,July,Q3,BA:Yellow-N | Evening Peak,72,0.0,,0.0,Reliable,15.0,Monitor,13.0,Not Late,Not Severe,Eligible
BA:1842244:20260722,2026-07-21,BA:Yellow-N,901902,24:08:00,24:11:41,901302,24:18:00,24:25:22,86880,87101.0,87480,87922.0,10.0,13.683333333333334,7.366666666666666,3.683333333333333,3.6833333333333336,2026-07,Tuesday,1,2026-07-22,Wednesday,2026-07,0,Overnight,0,0,7.3667,1.4833,647,1,5.8833,1,0,2026,7,July,Q3,BA:Yellow-N | Overnight,335,26.27,7.33,68.28,Chronic,95.71,P1 - Primary Hotspot,1.0,Late,Not Severe,Eligible
BA:1841942:20260731,2026-07-23,BA:Blue-N,901901,13:11:00,13:11:49,901302,13:22:00,13:22:49,47460,47509.0,48120,48169.0,11.0,11.0,0.8166666666666667,0.8166666666666667,0.0,2026-07,Thursday,0,2026-07-23,Thursday,2026-07,13,Midday,0,0,0.8167,0.8167,479,1,0.0,0,0,2026,7,July,Q3,BA:Blue-N | Midday,135,0.74,8.45,0.78,Acute,52.5,P3 - Reliability Watch,8.0,Not Late,Not Severe,Eligible
BA:1841968:20260731,2026-07-23,BA:Blue-N,901901,22:17:00,22:17:25,901302,22:27:00,22:28:25,80220,80245.0,80820,80905.0,10.0,11.0,1.4166666666666667,0.4166666666666667,1.0,2026-07,Thursday,0,2026-07-23,Thursday,2026-07,22,Evening,0,0,1.4167,0.8167,479,1,0.6,0,0,2026,7,July,Q3,BA:Blue-N | Evening,103,2.91,5.87,5.12,Chronic,73.21,P2 - High Burden,4.0,Not Late,Not Severe,Eligible
BA:1841970:20260731,2026-07-23,BA:Blue-N,901901,22:57:00,22:57:25,901302,23:07:00,23:08:25,82620,82645.0,83220,83305.0,10.0,11.0,1.4166666666666667,0.4166666666666667,1.0,2026-07,Thursday,0,2026-07-23,Thursday,2026-07,22,Evening,0,0,1.4167,0.8167,479,1,0.6,0,0,2026,7,July,Q3,BA:Blue-N | Evening,103,2.91,5.87,5.12,Chronic,73.21,P2 - High Burden,4.0,Not Late,Not Severe,Eligible
BA:1842036:20260731,2026-07-23,BA:Green-N,901902,05:14:00,05:15:07,901302,05:25:00,05:26:07,18840,18907.0,19500,19567.0,11.0,11.0,1.1166666666666667,1.1166666666666667,0.0,2026-07,Thursday,0,2026-07-23,Thursday,2026-07,5,Overnight,0,0,1.1167,1.1167,680,1,0.0,0,0,2026,7,July,Q3,BA:Green-N | Overnight,181,2.76,7.14,5.79,Chronic,76.07,P1 - Primary Hotspot,3.0,Not Late,Not Severe,Eligible
BA:1842235:20260731,2026-07-23,BA:Yellow-N,901902,21:08:00,21:08:29,901302,21:18:00,21:19:29,76080,76109.0,76680,76769.0,10.0,11.0,1.4833333333333334,0.4833333333333333,1.0,2026-07,Thursday,0,2026-07-23,Thursday,2026-07,21,Evening,0,0,1.4833,1.4833,647,1,0.0,0,0,2026,7,July,Q3,BA:Yellow-N | Evening,50,2.0,24.0,1.84,Critical,67.86,P3 - Reliability Watch,6.0,Not Late,Not Severe,Eligible
BA:1842236:20260731,2026-07-23,BA:Yellow-N,901902,21:28:00,21:28:29,901302,21:38:00,21:39:29,77280,77309.0,77880,77969.0,10.0,11.0,1.4833333333333334,0.4833333333333333,1.0,2026-07,Thursday,0,2026-07-23,Thursday,2026-07,21,Evening,0,0,1.4833,1.4833,647,1,0.0,0,0,2026,7,July,Q3,BA:Yellow-N | Evening,50,2.0,24.0,1.84,Critical,67.86,P3 - Reliability Watch,6.0,Not Late,Not Severe,Eligible
BA:1842238:20260731,2026-07-23,BA:Yellow-N,901902,22:08:00,22:08:29,901302,22:18:00,22:19:29,79680,79709.0,80280,80369.0,10.0,11.0,1.4833333333333334,0.4833333333333333,1.0,2026-07,Thursday,0,2026-07-23,Thursday,2026-07,22,Evening,0,0,1.4833,1.4833,647,1,0.0,0,0,2026,7,July,Q3,BA:Yellow-N | Evening,50,2.0,24.0,1.84,Critical,67.86,P3 - Reliability Watch,6.0,Not Late,Not Severe,Eligible
BA:1842244:20260722,2026-07-22,BA:Yellow-N,901902,24:08:00,24:11:20,901302,24:18:00,24:22:04,86880,87080.0,87480,87724.0,10.0,10.733333333333333,4.066666666666666,3.3333333333333335,0.7333333333333325,2026-07,Wednesday,1,2026-07-23,Thursday,2026-07,0,Overnight,0,0,4.0667,1.4833,647,1,2.5833,0,0,2026,7,July,Q3,BA:Yellow-N | Overnight,335,26.27,7.33,68.28,Chronic,95.71,P1 - Primary Hotspot,1.0,Not Late,Not Severe,Eligible
BA:1841935:20260731,2026-07-24,BA:Blue-N,901901,10:53:00,10:54:07,901302,11:02:00,11:02:49,39180,39247.0,39720,39769.0,9.0,8.7,0.8166666666666667,1.1166666666666667,-0.3000000000000007,2026-07,Friday,0,2026-07-24,Friday,2026-07,10,Midday,0,0,0.8167,0.8167,479,1,0.0,0,0,2026,7,July,Q3,BA:Blue-N | Midday,135,0.74,8.45,0.78,Acute,52.5,P3 - Reliability Watch,8.0,Not Late,Not Severe,Eligible
BA:1841936:20260731,2026-07-24,BA:Blue-N,901901,11:11:00,11:11:49,901302,11:22:00,11:22:49,40260,40309.0,40920,40969.0,11.0,11.0,0.8166666666666667,0.8166666666666667,0.0,2026-07,Friday,0,2026-07-24,Friday,2026-07,11,Midday,0,0,0.8167,0.8167,479,1,0.0,0,0,2026,7,July,Q3,BA:Blue-N | Midday,135,0.74,8.45,0.78,Acute,52.5,P3 - Reliability Watch,8.0,Not Late,Not Severe,Eligible
BA:1841959:20260731,2026-07-24,BA:Blue-N,901901,19:11:00,19:11:49,901302,19:22:00,19:22:49,69060,69109.0,69720,69769.0,11.0,11.0,0.8166666666666667,0.8166666666666667,0.0,2026-07,Friday,0,2026-07-24,Friday,2026-07,19,Evening,0,0,0.8167,0.8167,479,1,0.0,0,0,2026,7,July,Q3,BA:Blue-N | Evening,103,2.91,5.87,5.12,Chronic,73.21,P2 - High Burden,4.0,Not Late,Not Severe,Eligible
BA:1842278:20260731,2026-07-24,BA:Yellow-N,901902,14:17:00,14:17:47,901302,14:28:00,14:28:47,51420,51467.0,52080,52127.0,11.0,11.0,0.7833333333333333,0.7833333333333333,0.0,2026-07,Friday,0,2026-07-24,Friday,2026-07,14,Midday,0,0,0.7833,1.4833,647,1,0.0,0,0,2026,7,July,Q3,BA:Yellow-N | Midday,115,0.0,,0.0,Reliable,15.0,Monitor,14.0,Not Late,Not Severe,Eligible
BA:1842244:20260731,2026-07-23,BA:Yellow-N,901902,24:08:00,24:10:12,901302,24:18:00,24:21:48,86880,87012.0,87480,87708.0,10.0,11.6,3.8,2.2,1.5999999999999996,2026-07,Thursday,1,2026-07-24,Friday,2026-07,0,Overnight,0,0,3.8,1.4833,647,1,2.3167,0,0,2026,7,July,Q3,BA:Yellow-N | Overnight,335,26.27,7.33,68.28,Chronic,95.71,P1 - Primary Hotspot,1.0,Not Late,Not Severe,Eligible
BA:1842244:20260731,2026-07-24,BA:Yellow-N,901902,24:08:00,24:10:33,901302,24:18:00,24:21:10,86880,87033.0,87480,87670.0,10.0,10.616666666666667,3.1666666666666665,2.55,0.6166666666666671,2026-07,Friday,1,2026-07-25,Saturday,2026-07,0,Overnight,0,0,3.1667,1.4833,647,1,1.6833,0,0,2026,7,July,Q3,BA:Yellow-N | Overnight,335,26.27,7.33,68.28,Chronic,95.71,P1 - Primary Hotspot,1.0,Not Late,Not Severe,Eligible
BA:1841973:20260731,2026-07-27,BA:Blue-N,901901,23:59:00,23:59:43,901302,24:07:00,24:10:30,86340,86383.0,86820,87030.0,8.0,10.783333333333331,3.5,0.7166666666666667,2.783333333333333,2026-07,Monday,0,2026-07-27,Monday,2026-07,23,Evening,0,0,3.5,0.8167,479,1,2.6833,0,0,2026,7,July,Q3,BA:Blue-N | Evening,103,2.91,5.87,5.12,Chronic,73.21,P2 - High Burden,4.0,Not Late,Not Severe,Eligible
BA:1842219:20260731,2026-07-27,BA:Yellow-N,901902,15:49:00,15:49:29,901302,15:59:00,16:00:29,56940,56969.0,57540,57629.0,10.0,11.0,1.4833333333333334,0.4833333333333333,1.0,2026-07,Monday,0,2026-07-27,Monday,2026-07,15,Midday,0,0,1.4833,1.4833,647,1,0.0,0,0,2026,7,July,Q3,BA:Yellow-N | Midday,115,0.0,,0.0,Reliable,15.0,Monitor,14.0,Not Late,Not Severe,Eligible
BA:1842056:20260731,2026-07-28,BA:Green-N,901902,11:54:00,11:55:07,901302,12:05:00,12:06:07,42840,42907.0,43500,43567.0,11.0,11.0,1.1166666666666667,1.1166666666666667,0.0,2026-07,Tuesday,0,2026-07-28,Tuesday,2026-07,11,Midday,0,0,1.1167,1.1167,680,1,0.0,0,0,2026,7,July,Q3,BA:Green-N | Midday,266,4.51,10.34,10.51,Critical,91.07,P1 - Primary Hotspot,2.0,Not Late,Not Severe,Eligible
BA:1842293:20260731,2026-07-28,BA:Yellow-N,901902,19:17:00,19:17:47,901302,19:28:00,19:28:47,69420,69467.0,70080,70127.0,11.0,11.0,0.7833333333333333,0.7833333333333333,0.0,2026-07,Tuesday,0,2026-07-28,Tuesday,2026-07,19,Evening,0,0,0.7833,1.4833,647,1,0.0,0,0,2026,7,July,Q3,BA:Yellow-N | Evening,50,2.0,24.0,1.84,Critical,67.86,P3 - Reliability Watch,6.0,Not Late,Not Severe,Eligible
BA:1842244:20260731,2026-07-27,BA:Yellow-N,901902,24:08:00,24:10:52,901302,24:18:00,24:22:12,86880,87052.0,87480,87732.0,10.0,11.333333333333334,4.2,2.8666666666666667,1.333333333333334,2026-07,Monday,1,2026-07-28,Tuesday,2026-07,0,Overnight,0,0,4.2,1.4833,647,1,2.7167,0,0,2026,7,July,Q3,BA:Yellow-N | Overnight,335,26.27,7.33,68.28,Chronic,95.71,P1 - Primary Hotspot,1.0,Not Late,Not Severe,Eligible
BA:1841930:20260731,2026-07-29,BA:Blue-N,901901,09:11:00,09:11:49,901302,09:22:00,09:22:49,33060,33109.0,33720,33769.0,11.0,11.0,0.8166666666666667,0.8166666666666667,0.0,2026-07,Wednesday,0,2026-07-29,Wednesday,2026-07,9,Morning Peak,1,0,0.8167,0.8167,479,1,0.0,0,0,2026,7,July,Q3,BA:Blue-N | Morning Peak,88,1.14,7.27,0.6,Chronic,47.86,P3 - Reliability Watch,9.0,Not Late,Not Severe,Eligible
BA:1841931:20260731,2026-07-29,BA:Blue-N,901901,09:31:00,09:31:49,901302,09:42:00,09:42:49,34260,34309.0,34920,34969.0,11.0,11.0,0.8166666666666667,0.8166666666666667,0.0,2026-07,Wednesday,0,2026-07-29,Wednesday,2026-07,9,Morning Peak,1,0,0.8167,0.8167,479,1,0.0,0,0,2026,7,July,Q3,BA:Blue-N | Morning Peak,88,1.14,7.27,0.6,Chronic,47.86,P3 - Reliability Watch,9.0,Not Late,Not Severe,Eligible
BA:1841932:20260731,2026-07-29,BA:Blue-N,901901,09:51:00,09:51:49,901302,10:02:00,10:02:49,35460,35509.0,36120,36169.0,11.0,11.0,0.8166666666666667,0.8166666666666667,0.0,2026-07,Wednesday,0,2026-07-29,Wednesday,2026-07,9,Morning Peak,1,0,0.8167,0.8167,479,1,0.0,0,0,2026,7,July,Q3,BA:Blue-N | Morning Peak,88,1.14,7.27,0.6,Chronic,47.86,P3 - Reliability Watch,9.0,Not Late,Not Severe,Eligible
BA:1841944:20260731,2026-07-29,BA:Blue-N,901901,13:51:00,13:51:49,901302,14:02:00,14:02:49,49860,49909.0,50520,50569.0,11.0,11.0,0.8166666666666667,0.8166666666666667,0.0,2026-07,Wednesday,0,2026-07-29,Wednesday,2026-07,13,Midday,0,0,0.8167,0.8167,479,1,0.0,0,0,2026,7,July,Q3,BA:Blue-N | Midday,135,0.74,8.45,0.78,Acute,52.5,P3 - Reliability Watch,8.0,Not Late,Not Severe,Eligible
BA:1841945:20260731,2026-07-29,BA:Blue-N,901901,14:11:00,14:11:49,901302,14:22:00,14:22:49,51060,51109.0,51720,51769.0,11.0,11.0,0.8166666666666667,0.8166666666666667,0.0,2026-07,Wednesday,0,2026-07-29,Wednesday,2026-07,14,Midday,0,0,0.8167,0.8167,479,1,0.0,0,0,2026,7,July,Q3,BA:Blue-N | Midday,135,0.74,8.45,0.78,Acute,52.5,P3 - Reliability Watch,8.0,Not Late,Not Severe,Eligible
BA:1841952:20260731,2026-07-29,BA:Blue-N,901901,16:51:00,16:51:49,901302,17:02:00,17:02:49,60660,60709.0,61320,61369.0,11.0,11.0,0.8166666666666667,0.8166666666666667,0.0,2026-07,Wednesday,0,2026-07-29,Wednesday,2026-07,16,Evening Peak,0,1,0.8167,0.8167,479,1,0.0,0,0,2026,7,July,Q3,BA:Blue-N | Evening Peak,89,0.0,,0.11,Reliable,23.57,Monitor,11.0,Not Late,Not Severe,Eligible
BA:1842244:20260731,2026-07-28,BA:Yellow-N,901902,24:08:00,24:14:15,901302,24:18:00,24:25:17,86880,87255.0,87480,87917.0,10.0,11.033333333333331,7.283333333333333,6.25,1.0333333333333332,2026-07,Tuesday,1,2026-07-29,Wednesday,2026-07,0,Overnight,0,0,7.2833,1.4833,647,1,5.8,1,0,2026,7,July,Q3,BA:Yellow-N | Overnight,335,26.27,7.33,68.28,Chronic,95.71,P1 - Primary Hotspot,1.0,Late,Not Severe,Eligible
BA:1841923:20260731,2026-07-30,BA:Blue-N,901901,06:53:00,06:54:07,901302,07:02:00,07:02:49,24780,24847.0,25320,25369.0,9.0,8.7,0.8166666666666667,1.1166666666666667,-0.3000000000000007,2026-07,Thursday,0,2026-07-30,Thursday,2026-07,6,Overnight,0,0,0.8167,0.8167,479,1,0.0,0,0,2026,7,July,Q3,BA:Blue-N | Overnight,64,0.0,,0.11,Reliable,23.57,Monitor,12.0,Not Late,Not Severe,Eligible
BA:1841936:20260731,2026-07-30,BA:Blue-N,901901,11:11:00,11:11:49,901302,11:22:00,11:22:49,40260,40309.0,40920,40969.0,11.0,11.0,0.8166666666666667,0.8166666666666667,0.0,2026-07,Thursday,0,2026-07-30,Thursday,2026-07,11,Midday,0,0,0.8167,0.8167,479,1,0.0,0,0,2026,7,July,Q3,BA:Blue-N | Midday,135,0.74,8.45,0.78,Acute,52.5,P3 - Reliability Watch,8.0,Not Late,Not Severe,Eligible
BA:1841939:20260731,2026-07-30,BA:Blue-N,901901,12:11:00,12:11:49,901302,12:22:00,12:22:49,43860,43909.0,44520,44569.0,11.0,11.0,0.8166666666666667,0.8166666666666667,0.0,2026-07,Thursday,0,2026-07-30,Thursday,2026-07,12,Midday,0,0,0.8167,0.8167,479,1,0.0,0,0,2026,7,July,Q3,BA:Blue-N | Midday,135,0.74,8.45,0.78,Acute,52.5,P3 - Reliability Watch,8.0,Not Late,Not Severe,Eligible
BA:1841942:20260731,2026-07-30,BA:Blue-N,901901,13:11:00,13:11:49,901302,13:22:00,13:22:49,47460,47509.0,48120,48169.0,11.0,11.0,0.8166666666666667,0.8166666666666667,0.0,2026-07,Thursday,0,2026-07-30,Thursday,2026-07,13,Midday,0,0,0.8167,0.8167,479,1,0.0,0,0,2026,7,July,Q3,BA:Blue-N | Midday,135,0.74,8.45,0.78,Acute,52.5,P3 - Reliability Watch,8.0,Not Late,Not Severe,Eligible
BA:1841945:20260731,2026-07-30,BA:Blue-N,901901,14:11:00,14:11:49,901302,14:22:00,14:22:49,51060,51109.0,51720,51769.0,11.0,11.0,0.8166666666666667,0.8166666666666667,0.0,2026-07,Thursday,0,2026-07-30,Thursday,2026-07,14,Midday,0,0,0.8167,0.8167,479,1,0.0,0,0,2026,7,July,Q3,BA:Blue-N | Midday,135,0.74,8.45,0.78,Acute,52.5,P3 - Reliability Watch,8.0,Not Late,Not Severe,Eligible
BA:1842244:20260731,2026-07-29,BA:Yellow-N,901902,24:08:00,24:10:47,901302,24:18:00,24:21:44,86880,87047.0,87480,87704.0,10.0,10.95,3.7333333333333334,2.783333333333333,0.9499999999999992,2026-07,Wednesday,1,2026-07-30,Thursday,2026-07,0,Overnight,0,0,3.7333,1.4833,647,1,2.25,0,0,2026,7,July,Q3,BA:Yellow-N | Overnight,335,26.27,7.33,68.28,Chronic,95.71,P1 - Primary Hotspot,1.0,Not Late,Not Severe,Eligible
BA:1841931:20260731,2026-07-31,BA:Blue-N,901901,09:31:00,09:31:49,901302,09:42:00,09:42:49,34260,34309.0,34920,34969.0,11.0,11.0,0.8166666666666667,0.8166666666666667,0.0,2026-07,Friday,0,2026-07-31,Friday,2026-07,9,Morning Peak,1,0,0.8167,0.8167,479,1,0.0,0,0,2026,7,July,Q3,BA:Blue-N | Morning Peak,88,1.14,7.27,0.6,Chronic,47.86,P3 - Reliability Watch,9.0,Not Late,Not Severe,Eligible
BA:1841946:20260731,2026-07-31,BA:Blue-N,901901,14:31:00,14:31:49,901302,14:42:00,14:42:49,52260,52309.0,52920,52969.0,11.0,11.0,0.8166666666666667,0.8166666666666667,0.0,2026-07,Friday,0,2026-07-31,Friday,2026-07,14,Midday,0,0,0.8167,0.8167,479,1,0.0,0,0,2026,7,July,Q3,BA:Blue-N | Midday,135,0.74,8.45,0.78,Acute,52.5,P3 - Reliability Watch,8.0,Not Late,Not Severe,Eligible
BA:1841953:20260731,2026-07-31,BA:Blue-N,901901,17:11:00,17:11:49,901302,17:22:00,17:22:49,61860,61909.0,62520,62569.0,11.0,11.0,0.8166666666666667,0.8166666666666667,0.0,2026-07,Friday,0,2026-07-31,Friday,2026-07,17,Evening Peak,0,1,0.8167,0.8167,479,1,0.0,0,0,2026,7,July,Q3,BA:Blue-N | Evening Peak,89,0.0,,0.11,Reliable,23.57,Monitor,11.0,Not Late,Not Severe,Eligible
BA:1842244:20260731,2026-07-30,BA:Yellow-N,901902,24:08:00,24:08:51,901302,24:18:00,24:19:46,86880,86931.0,87480,87586.0,10.0,10.916666666666666,1.7666666666666666,0.85,0.916666666666666,2026-07,Thursday,1,2026-07-31,Friday,2026-07,0,Overnight,0,0,1.7667,1.4833,647,1,0.2833,0,0,2026,7,July,Q3,BA:Yellow-N | Overnight,335,26.27,7.33,68.28,Chronic,95.71,P1 - Primary Hotspot,1.0,Not Late,Not Severe,Eligible
BA:1841918:20260804,2026-08-03,BA:Blue-N,901901,05:11:00,05:11:49,901302,05:22:00,05:22:49,18660,18709.0,19320,19369.0,11.0,11.0,0.8166666666666667,0.8166666666666667,0.0,2026-08,Monday,0,2026-08-03,Monday,2026-08,5,Overnight,0,0,0.8167,0.8167,479,1,0.0,0,0,2026,8,August,Q3,BA:Blue-N | Overnight,64,0.0,,0.11,Reliable,23.57,Monitor,12.0,Not Late,Not Severe,Eligible
BA:1841924:20260804,2026-08-03,BA:Blue-N,901901,07:11:00,07:11:49,901302,07:22:00,07:22:49,25860,25909.0,26520,26569.0,11.0,11.0,0.8166666666666667,0.8166666666666667,0.0,2026-08,Monday,0,2026-08-03,Monday,2026-08,7,Morning Peak,1,0,0.8167,0.8167,479,1,0.0,0,0,2026,8,August,Q3,BA:Blue-N | Morning Peak,88,1.14,7.27,0.6,Chronic,47.86,P3 - Reliability Watch,9.0,Not Late,Not Severe,Eligible
BA:1841948:20260804,2026-08-03,BA:Blue-N,901901,15:18:00,15:18:49,901302,15:22:00,15:22:49,55080,55129.0,55320,55369.0,4.0,4.0,0.8166666666666667,0.8166666666666667,0.0,2026-08,Monday,0,2026-08-03,Monday,2026-08,15,Midday,0,0,0.8167,0.8167,479,1,0.0,0,0,2026,8,August,Q3,BA:Blue-N | Midday,135,0.74,8.45,0.78,Acute,52.5,P3 - Reliability Watch,8.0,Not Late,Not Severe,Eligible
BA:1841955:20260804,2026-08-03,BA:Blue-N,901901,17:51:00,17:51:49,901302,18:02:00,18:02:49,64260,64309.0,64920,64969.0,11.0,11.0,0.8166666666666667,0.8166666666666667,0.0,2026-08,Monday,0,2026-08-03,Monday,2026-08,17,Evening Peak,0,1,0.8167,0.8167,479,1,0.0,0,0,2026,8,August,Q3,BA:Blue-N | Evening Peak,89,0.0,,0.11,Reliable,23.57,Monitor,11.0,Not Late,Not Severe,Eligible
BA:1841973:20260804,2026-08-03,BA:Blue-N,901901,23:59:00,23:59:43,901302,24:07:00,24:08:44,86340,86383.0,86820,86924.0,8.0,9.016666666666667,1.7333333333333334,0.7166666666666667,1.0166666666666675,2026-08,Monday,0,2026-08-03,Monday,2026-08,23,Evening,0,0,1.7333,0.8167,479,1,0.9167,0,0,2026,8,August,Q3,BA:Blue-N | Evening,103,2.91,5.87,5.12,Chronic,73.21,P2 - High Burden,4.0,Not Late,Not Severe,Eligible
BA:1841969:20260804,2026-08-04,BA:Blue-N,901901,22:37:00,22:37:25,901302,22:47:00,22:48:25,81420,81445.0,82020,82105.0,10.0,11.0,1.4166666666666667,0.4166666666666667,1.0,2026-08,Tuesday,0,2026-08-04,Tuesday,2026-08,22,Evening,0,0,1.4167,0.8167,479,1,0.6,0,0,2026,8,August,Q3,BA:Blue-N | Evening,103,2.91,5.87,5.12,Chronic,73.21,P2 - High Burden,4.0,Not Late,Not Severe,Eligible
BA:1842212:20260804,2026-08-04,BA:Yellow-N,901902,13:29:00,13:29:29,901302,13:39:00,13:40:29,48540,48569.0,49140,49229.0,10.0,11.0,1.4833333333333334,0.4833333333333333,1.0,2026-08,Tuesday,0,2026-08-04,Tuesday,2026-08,13,Midday,0,0,1.4833,1.4833,647,1,0.0,0,0,2026,8,August,Q3,BA:Yellow-N | Midday,115,0.0,,0.0,Reliable,15.0,Monitor,14.0,Not Late,Not Severe,Eligible
BA:1842233:20260804,2026-08-04,BA:Yellow-N,901902,20:30:00,20:30:47,901302,20:38:00,20:39:29,73800,73847.0,74280,74369.0,8.0,8.7,1.4833333333333334,0.7833333333333333,0.6999999999999993,2026-08,Tuesday,0,2026-08-04,Tuesday,2026-08,20,Evening,0,0,1.4833,1.4833,647,1,0.0,0,0,2026,8,August,Q3,BA:Yellow-N | Evening,50,2.0,24.0,1.84,Critical,67.86,P3 - Reliability Watch,6.0,Not Late,Not Severe,Eligible
BA:1842244:20260804,2026-08-03,BA:Yellow-N,901902,24:08:00,24:11:32,901302,24:18:00,24:22:52,86880,87092.0,87480,87772.0,10.0,11.333333333333334,4.866666666666666,3.533333333333333,1.333333333333334,2026-08,Monday,1,2026-08-04,Tuesday,2026-08,0,Overnight,0,0,4.8667,1.4833,647,1,3.3833,0,0,2026,8,August,Q3,BA:Yellow-N | Overnight,335,26.27,7.33,68.28,Chronic,95.71,P1 - Primary Hotspot,1.0,Not Late,Not Severe,Eligible
BA:1841959:20260809,2026-08-05,BA:Blue-N,901901,19:11:00,19:11:49,901302,19:22:00,19:22:49,69060,69109.0,69720,69769.0,11.0,11.0,0.8166666666666667,0.8166666666666667,0.0,2026-08,Wednesday,0,2026-08-05,Wednesday,2026-08,19,Evening,0,0,0.8167,0.8167,479,1,0.0,0,0,2026,8,August,Q3,BA:Blue-N | Evening,103,2.91,5.87,5.12,Chronic,73.21,P2 - High Burden,4.0,Not Late,Not Severe,Eligible
BA:1842244:20260804,2026-08-04,BA:Yellow-N,901902,24:08:00,24:10:01,901302,24:18:00,24:20:26,86880,87001.0,87480,87626.0,10.0,10.416666666666666,2.433333333333333,2.0166666666666666,0.4166666666666661,2026-08,Tuesday,1,2026-08-05,Wednesday,2026-08,0,Overnight,0,0,2.4333,1.4833,647,1,0.95,0,0,2026,8,August,Q3,BA:Yellow-N | Overnight,335,26.27,7.33,68.28,Chronic,95.71,P1 - Primary Hotspot,1.0,Not Late,Not Severe,Eligible
BA:1841968:20260809,2026-08-06,BA:Blue-N,901901,22:17:00,22:17:25,901302,22:27:00,22:28:25,80220,80245.0,80820,80905.0,10.0,11.0,1.4166666666666667,0.4166666666666667,1.0,2026-08,Thursday,0,2026-08-06,Thursday,2026-08,22,Evening,0,0,1.4167,0.8167,479,1,0.6,0,0,2026,8,August,Q3,BA:Blue-N | Evening,103,2.91,5.87,5.12,Chronic,73.21,P2 - High Burden,4.0,Not Late,Not Severe,Eligible
BA:1841970:20260809,2026-08-06,BA:Blue-N,901901,22:57:00,22:57:25,901302,23:07:00,23:08:25,82620,82645.0,83220,83305.0,10.0,11.0,1.4166666666666667,0.4166666666666667,1.0,2026-08,Thursday,0,2026-08-06,Thursday,2026-08,22,Evening,0,0,1.4167,0.8167,479,1,0.6,0,0,2026,8,August,Q3,BA:Blue-N | Evening,103,2.91,5.87,5.12,Chronic,73.21,P2 - High Burden,4.0,Not Late,Not Severe,Eligible
BA:1842230:20260809,2026-08-06,BA:Yellow-N,901902,19:29:00,19:29:29,901302,19:39:00,19:40:29,70140,70169.0,70740,70829.0,10.0,11.0,1.4833333333333334,0.4833333333333333,1.0,2026-08,Thursday,0,2026-08-06,Thursday,2026-08,19,Evening,0,0,1.4833,1.4833,647,1,0.0,0,0,2026,8,August,Q3,BA:Yellow-N | Evening,50,2.0,24.0,1.84,Critical,67.86,P3 - Reliability Watch,6.0,Not Late,Not Severe,Eligible
BA:1842239:20260809,2026-08-06,BA:Yellow-N,901902,22:28:00,22:28:29,901302,22:38:00,22:39:29,80880,80909.0,81480,81569.0,10.0,11.0,1.4833333333333334,0.4833333333333333,1.0,2026-08,Thursday,0,2026-08-06,Thursday,2026-08,22,Evening,0,0,1.4833,1.4833,647,1,0.0,0,0,2026,8,August,Q3,BA:Yellow-N | Evening,50,2.0,24.0,1.84,Critical,67.86,P3 - Reliability Watch,6.0,Not Late,Not Severe,Eligible
BA:1842241:20260809,2026-08-06,BA:Yellow-N,901902,22:48:00,22:48:29,901302,22:58:00,22:59:29,82080,82109.0,82680,82769.0,10.0,11.0,1.4833333333333334,0.4833333333333333,1.0,2026-08,Thursday,0,2026-08-06,Thursday,2026-08,22,Evening,0,0,1.4833,1.4833,647,1,0.0,0,0,2026,8,August,Q3,BA:Yellow-N | Evening,50,2.0,24.0,1.84,Critical,67.86,P3 - Reliability Watch,6.0,Not Late,Not Severe,Eligible
BA:1842244:20260809,2026-08-05,BA:Yellow-N,901902,24:08:00,24:09:28,901302,24:18:00,24:20:13,86880,86968.0,87480,87613.0,10.0,10.75,2.216666666666667,1.4666666666666666,0.75,2026-08,Wednesday,1,2026-08-06,Thursday,2026-08,0,Overnight,0,0,2.2167,1.4833,647,1,0.7333,0,0,2026,8,August,Q3,BA:Yellow-N | Overnight,335,26.27,7.33,68.28,Chronic,95.71,P1 - Primary Hotspot,1.0,Not Late,Not Severe,Eligible
BA:1842244:20260809,2026-08-06,BA:Yellow-N,901902,24:08:00,24:08:57,901302,24:18:00,24:19:48,86880,86937.0,87480,87588.0,10.0,10.85,1.8,0.95,0.8499999999999996,2026-08,Thursday,1,2026-08-07,Friday,2026-08,0,Overnight,0,0,1.8,1.4833,647,1,0.3167,0,0,2026,8,August,Q3,BA:Yellow-N | Overnight,335,26.27,7.33,68.28,Chronic,95.71,P1 - Primary Hotspot,1.0,Not Late,Not Severe,Eligible
BA:1842244:20260809,2026-08-07,BA:Yellow-N,901902,24:08:00,24:10:05,901302,24:18:00,24:20:59,86880,87005.0,87480,87659.0,10.0,10.9,2.9833333333333334,2.0833333333333335,0.9000000000000004,2026-08,Friday,1,2026-08-08,Saturday,2026-08,0,Overnight,0,0,2.9833,1.4833,647,1,1.5,0,0,2026,8,August,Q3,BA:Yellow-N | Overnight,335,26.27,7.33,68.28,Chronic,95.71,P1 - Primary Hotspot,1.0,Not Late,Not Severe,Eligible
BA:1965863:20260831,2026-08-11,BA:Blue-N,901902,20:51:00,20:52:03,901302,21:02:00,21:03:03,75060,75123.0,75720,75783.0,11.0,11.0,1.05,1.05,0.0,2026-08,Tuesday,0,2026-08-11,Tuesday,2026-08,20,Evening,0,0,1.05,0.8167,479,1,0.2333,0,0,2026,8,August,Q3,BA:Blue-N | Evening,103,2.91,5.87,5.12,Chronic,73.21,P2 - High Burden,4.0,Not Late,Not Severe,Eligible
BA:1965869:20260831,2026-08-11,BA:Blue-N,901902,22:55:00,22:56:03,901302,23:06:00,23:07:03,82500,82563.0,83160,83223.0,11.0,11.0,1.05,1.05,0.0,2026-08,Tuesday,0,2026-08-11,Tuesday,2026-08,22,Evening,0,0,1.05,0.8167,479,1,0.2333,0,0,2026,8,August,Q3,BA:Blue-N | Evening,103,2.91,5.87,5.12,Chronic,73.21,P2 - High Burden,4.0,Not Late,Not Severe,Eligible
BA:1965713:20260831,2026-08-11,BA:Red-N,901902,21:15:00,21:18:57,901302,21:26:00,21:30:00,76500,76737.0,77160,77400.0,11.0,11.05,4.0,3.95,0.0500000000000007,2026-08,Tuesday,0,2026-08-11,Tuesday,2026-08,21,Evening,0,0,4.0,4.0,7,0,0.0,0,0,2026,8,August,Q3,BA:Red-N | Evening,1,0.0,,0.0,Insufficient Sample,,Insufficient Sample,,Not Late,Not Severe,Insufficient Sample
BA:1965365:20260831,2026-08-10,BA:Yellow-N,901902,24:07:00,24:10:04,901302,24:18:00,24:21:38,86820,87004.0,87480,87698.0,11.0,11.566666666666666,3.6333333333333337,3.066666666666667,0.5666666666666664,2026-08,Monday,1,2026-08-11,Tuesday,2026-08,0,Overnight,0,0,3.6333,1.4833,647,1,2.15,0,0,2026,8,August,Q3,BA:Yellow-N | Overnight,335,26.27,7.33,68.28,Chronic,95.71,P1 - Primary Hotspot,1.0,Not Late,Not Severe,Eligible
BA:1965818:20260831,2026-08-12,BA:Blue-N,901902,06:31:00,06:32:03,901302,06:42:00,06:43:03,23460,23523.0,24120,24183.0,11.0,11.0,1.05,1.05,0.0,2026-08,Wednesday,0,2026-08-12,Wednesday,2026-08,6,Overnight,0,0,1.05,0.8167,479,1,0.2333,0,0,2026,8,August,Q3,BA:Blue-N | Overnight,64,0.0,,0.11,Reliable,23.57,Monitor,12.0,Not Late,Not Severe,Eligible
BA:1965821:20260831,2026-08-12,BA:Blue-N,901902,06:51:00,06:52:03,901302,07:02:00,07:03:03,24660,24723.0,25320,25383.0,11.0,11.0,1.05,1.05,0.0,2026-08,Wednesday,0,2026-08-12,Wednesday,2026-08,6,Overnight,0,0,1.05,0.8167,479,1,0.2333,0,0,2026,8,August,Q3,BA:Blue-N | Overnight,64,0.0,,0.11,Reliable,23.57,Monitor,12.0,Not Late,Not Severe,Eligible
BA:1965823:20260831,2026-08-12,BA:Blue-N,901902,07:34:00,07:34:21,901302,07:42:00,07:43:03,27240,27261.0,27720,27783.0,8.0,8.7,1.05,0.35,0.6999999999999993,2026-08,Wednesday,0,2026-08-12,Wednesday,2026-08,7,Morning Peak,1,0,1.05,0.8167,479,1,0.2333,0,0,2026,8,August,Q3,BA:Blue-N | Morning Peak,88,1.14,7.27,0.6,Chronic,47.86,P3 - Reliability Watch,9.0,Not Late,Not Severe,Eligible
BA:1965827:20260831,2026-08-12,BA:Blue-N,901902,08:51:00,08:52:03,901302,09:02:00,09:03:03,31860,31923.0,32520,32583.0,11.0,11.0,1.05,1.05,0.0,2026-08,Wednesday,0,2026-08-12,Wednesday,2026-08,8,Morning Peak,1,0,1.05,0.8167,479,1,0.2333,0,0,2026,8,August,Q3,BA:Blue-N | Morning Peak,88,1.14,7.27,0.6,Chronic,47.86,P3 - Reliability Watch,9.0,Not Late,Not Severe,Eligible
BA:1965532:20260831,2026-08-12,BA:Green-N,901902,05:23:00,05:24:03,901302,05:34:00,05:35:03,19380,19443.0,20040,20103.0,11.0,11.0,1.05,1.05,0.0,2026-08,Wednesday,0,2026-08-12,Wednesday,2026-08,5,Overnight,0,0,1.05,1.1167,680,1,0.0,0,0,2026,8,August,Q3,BA:Green-N | Overnight,181,2.76,7.14,5.79,Chronic,76.07,P1 - Primary Hotspot,3.0,Not Late,Not Severe,Eligible
BA:1965536:20260831,2026-08-12,BA:Green-N,901902,06:43:00,06:44:03,901302,06:54:00,06:55:03,24180,24243.0,24840,24903.0,11.0,11.0,1.05,1.05,0.0,2026-08,Wednesday,0,2026-08-12,Wednesday,2026-08,6,Overnight,0,0,1.05,1.1167,680,1,0.0,0,0,2026,8,August,Q3,BA:Green-N | Overnight,181,2.76,7.14,5.79,Chronic,76.07,P1 - Primary Hotspot,3.0,Not Late,Not Severe,Eligible
BA:1965539:20260831,2026-08-12,BA:Green-N,901902,07:48:00,07:49:03,901302,07:54:00,07:55:03,28080,28143.0,28440,28503.0,6.0,6.0,1.05,1.05,0.0,2026-08,Wednesday,0,2026-08-12,Wednesday,2026-08,7,Morning Peak,1,0,1.05,1.1167,680,1,0.0,0,0,2026,8,August,Q3,BA:Green-N | Morning Peak,142,2.82,6.27,1.81,Chronic,59.64,P3 - Reliability Watch,7.0,Not Late,Not Severe,Eligible
BA:1965541:20260831,2026-08-12,BA:Green-N,901902,08:23:00,08:24:03,901302,08:34:00,08:35:03,30180,30243.0,30840,30903.0,11.0,11.0,1.05,1.05,0.0,2026-08,Wednesday,0,2026-08-12,Wednesday,2026-08,8,Morning Peak,1,0,1.05,1.1167,680,1,0.0,0,0,2026,8,August,Q3,BA:Green-N | Morning Peak,142,2.82,6.27,1.81,Chronic,59.64,P3 - Reliability Watch,7.0,Not Late,Not Severe,Eligible
BA:1965542:20260831,2026-08-12,BA:Green-N,901902,08:43:00,08:44:03,901302,08:54:00,08:55:03,31380,31443.0,32040,32103.0,11.0,11.0,1.05,1.05,0.0,2026-08,Wednesday,0,2026-08-12,Wednesday,2026-08,8,Morning Peak,1,0,1.05,1.1167,680,1,0.0,0,0,2026,8,August,Q3,BA:Green-N | Morning Peak,142,2.82,6.27,1.81,Chronic,59.64,P3 - Reliability Watch,7.0,Not Late,Not Severe,Eligible
BA:1965365:20260831,2026-08-11,BA:Yellow-N,901902,24:07:00,24:10:57,901302,24:18:00,24:23:30,86820,87057.0,87480,87810.0,11.0,12.55,5.5,3.95,1.5500000000000007,2026-08,Tuesday,1,2026-08-12,Wednesday,2026-08,0,Overnight,0,0,5.5,1.4833,647,1,4.0167,1,0,2026,8,August,Q3,BA:Yellow-N | Overnight,335,26.27,7.33,68.28,Chronic,95.71,P1 - Primary Hotspot,1.0,Late,Not Severe,Eligible
BA:1965365:20260831,2026-08-12,BA:Yellow-N,901902,24:07:00,24:09:30,901302,24:18:00,24:20:16,86820,86970.0,87480,87616.0,11.0,10.766666666666667,2.2666666666666666,2.5,-0.2333333333333325,2026-08,Wednesday,1,2026-08-13,Thursday,2026-08,0,Overnight,0,0,2.2667,1.4833,647,1,0.7833,0,0,2026,8,August,Q3,BA:Yellow-N | Overnight,335,26.27,7.33,68.28,Chronic,95.71,P1 - Primary Hotspot,1.0,Not Late,Not Severe,Eligible
BA:1965833:20260831,2026-08-14,BA:Blue-N,901902,10:51:00,10:52:03,901302,11:02:00,11:03:03,39060,39123.0,39720,39783.0,11.0,11.0,1.05,1.05,0.0,2026-08,Friday,0,2026-08-14,Friday,2026-08,10,Midday,0,0,1.05,0.8167,479,1,0.2333,0,0,2026,8,August,Q3,BA:Blue-N | Midday,135,0.74,8.45,0.78,Acute,52.5,P3 - Reliability Watch,8.0,Not Late,Not Severe,Eligible
BA:1965835:20260831,2026-08-14,BA:Blue-N,901902,11:36:00,11:37:03,901302,11:42:00,11:43:03,41760,41823.0,42120,42183.0,6.0,6.0,1.05,1.05,0.0,2026-08,Friday,0,2026-08-14,Friday,2026-08,11,Midday,0,0,1.05,0.8167,479,1,0.2333,0,0,2026,8,August,Q3,BA:Blue-N | Midday,135,0.74,8.45,0.78,Acute,52.5,P3 - Reliability Watch,8.0,Not Late,Not Severe,Eligible
BA:1965836:20260831,2026-08-14,BA:Blue-N,901902,11:56:00,11:57:03,901302,12:02:00,12:03:03,42960,43023.0,43320,43383.0,6.0,6.0,1.05,1.05,0.0,2026-08,Friday,0,2026-08-14,Friday,2026-08,11,Midday,0,0,1.05,0.8167,479,1,0.2333,0,0,2026,8,August,Q3,BA:Blue-N | Midday,135,0.74,8.45,0.78,Acute,52.5,P3 - Reliability Watch,8.0,Not Late,Not Severe,Eligible
BA:1965553:20260831,2026-08-14,BA:Green-N,901902,12:28:00,12:29:03,901302,12:34:00,12:35:03,44880,44943.0,45240,45303.0,6.0,6.0,1.05,1.05,0.0,2026-08,Friday,0,2026-08-14,Friday,2026-08,12,Midday,0,0,1.05,1.1167,680,1,0.0,0,0,2026,8,August,Q3,BA:Green-N | Midday,266,4.51,10.34,10.51,Critical,91.07,P1 - Primary Hotspot,2.0,Not Late,Not Severe,Eligible
BA:1965554:20260831,2026-08-14,BA:Green-N,901902,12:50:00,12:51:03,901302,12:54:00,12:55:03,46200,46263.0,46440,46503.0,4.0,4.0,1.05,1.05,0.0,2026-08,Friday,0,2026-08-14,Friday,2026-08,12,Midday,0,0,1.05,1.1167,680,1,0.0,0,0,2026,8,August,Q3,BA:Green-N | Midday,266,4.51,10.34,10.51,Critical,91.07,P1 - Primary Hotspot,2.0,Not Late,Not Severe,Eligible
BA:1965557:20260831,2026-08-14,BA:Green-N,901902,13:46:00,13:46:21,901302,13:54:00,13:55:03,49560,49581.0,50040,50103.0,8.0,8.7,1.05,0.35,0.6999999999999993,2026-08,Friday,0,2026-08-14,Friday,2026-08,13,Midday,0,0,1.05,1.1167,680,1,0.0,0,0,2026,8,August,Q3,BA:Green-N | Midday,266,4.51,10.34,10.51,Critical,91.07,P1 - Primary Hotspot,2.0,Not Late,Not Severe,Eligible
BA:1965558:20260831,2026-08-14,BA:Green-N,901902,14:10:00,14:11:03,901302,14:14:00,14:15:03,51000,51063.0,51240,51303.0,4.0,4.0,1.05,1.05,0.0,2026-08,Friday,0,2026-08-14,Friday,2026-08,14,Midday,0,0,1.05,1.1167,680,1,0.0,0,0,2026,8,August,Q3,BA:Green-N | Midday,266,4.51,10.34,10.51,Critical,91.07,P1 - Primary Hotspot,2.0,Not Late,Not Severe,Eligible
BA:1965365:20260831,2026-08-13,BA:Yellow-N,901902,24:07:00,24:14:56,901302,24:18:00,24:26:26,86820,87296.0,87480,87986.0,11.0,11.5,8.433333333333334,7.933333333333334,0.5,2026-08,Thursday,1,2026-08-14,Friday,2026-08,0,Overnight,0,0,8.4333,1.4833,647,1,6.95,1,0,2026,8,August,Q3,BA:Yellow-N | Overnight,335,26.27,7.33,68.28,Chronic,95.71,P1 - Primary Hotspot,1.0,Late,Not Severe,Eligible
BA:1965365:20260831,2026-08-14,BA:Yellow-N,901902,24:07:00,24:09:08,901302,24:18:00,24:20:46,86820,86948.0,87480,87646.0,11.0,11.633333333333333,2.7666666666666666,2.1333333333333333,0.6333333333333329,2026-08,Friday,1,2026-08-15,Saturday,2026-08,0,Overnight,0,0,2.7667,1.4833,647,1,1.2833,0,0,2026,8,August,Q3,BA:Yellow-N | Overnight,335,26.27,7.33,68.28,Chronic,95.71,P1 - Primary Hotspot,1.0,Not Late,Not Severe,Eligible
BA:1965825:20260831,2026-08-17,BA:Blue-N,901902,08:11:00,08:12:03,901302,08:22:00,08:23:03,29460,29523.0,30120,30183.0,11.0,11.0,1.05,1.05,0.0,2026-08,Monday,0,2026-08-17,Monday,2026-08,8,Morning Peak,1,0,1.05,0.8167,479,1,0.2333,0,0,2026,8,August,Q3,BA:Blue-N | Morning Peak,88,1.14,7.27,0.6,Chronic,47.86,P3 - Reliability Watch,9.0,Not Late,Not Severe,Eligible
BA:1965828:20260831,2026-08-17,BA:Blue-N,901902,09:11:00,09:12:03,901302,09:22:00,09:23:03,33060,33123.0,33720,33783.0,11.0,11.0,1.05,1.05,0.0,2026-08,Monday,0,2026-08-17,Monday,2026-08,9,Morning Peak,1,0,1.05,0.8167,479,1,0.2333,0,0,2026,8,August,Q3,BA:Blue-N | Morning Peak,88,1.14,7.27,0.6,Chronic,47.86,P3 - Reliability Watch,9.0,Not Late,Not Severe,Eligible
BA:1965534:20260831,2026-08-17,BA:Green-N,901902,06:03:00,06:04:03,901302,06:14:00,06:15:03,21780,21843.0,22440,22503.0,11.0,11.0,1.05,1.05,0.0,2026-08,Monday,0,2026-08-17,Monday,2026-08,6,Overnight,0,0,1.05,1.1167,680,1,0.0,0,0,2026,8,August,Q3,BA:Green-N | Overnight,181,2.76,7.14,5.79,Chronic,76.07,P1 - Primary Hotspot,3.0,Not Late,Not Severe,Eligible
BA:1965574:20260831,2026-08-17,BA:Green-N,901902,19:23:00,19:24:03,901302,19:34:00,19:35:03,69780,69843.0,70440,70503.0,11.0,11.0,1.05,1.05,0.0,2026-08,Monday,0,2026-08-17,Monday,2026-08,19,Evening,0,0,1.05,1.1167,680,1,0.0,0,0,2026,8,August,Q3,BA:Green-N | Evening,15,6.67,11.22,0.85,Insufficient Sample,,Insufficient Sample,,Not Late,Not Severe,Insufficient Sample
BA:1965547:20260831,2026-08-18,BA:Green-N,901902,10:23:00,10:24:03,901302,10:34:00,10:35:03,37380,37443.0,38040,38103.0,11.0,11.0,1.05,1.05,0.0,2026-08,Tuesday,0,2026-08-18,Tuesday,2026-08,10,Midday,0,0,1.05,1.1167,680,1,0.0,0,0,2026,8,August,Q3,BA:Green-N | Midday,266,4.51,10.34,10.51,Critical,91.07,P1 - Primary Hotspot,2.0,Not Late,Not Severe,Eligible
BA:1965365:20260831,2026-08-17,BA:Yellow-N,901902,24:07:00,24:11:33,901302,24:18:00,24:22:13,86820,87093.0,87480,87733.0,11.0,10.666666666666666,4.216666666666667,4.55,-0.3333333333333339,2026-08,Monday,1,2026-08-18,Tuesday,2026-08,0,Overnight,0,0,4.2167,1.4833,647,1,2.7333,0,0,2026,8,August,Q3,BA:Yellow-N | Overnight,335,26.27,7.33,68.28,Chronic,95.71,P1 - Primary Hotspot,1.0,Not Late,Not Severe,Eligible
BA:1965834:20260831,2026-08-19,BA:Blue-N,901902,11:11:00,11:12:03,901302,11:22:00,11:23:03,40260,40323.0,40920,40983.0,11.0,11.0,1.05,1.05,0.0,2026-08,Wednesday,0,2026-08-19,Wednesday,2026-08,11,Midday,0,0,1.05,0.8167,479,1,0.2333,0,0,2026,8,August,Q3,BA:Blue-N | Midday,135,0.74,8.45,0.78,Acute,52.5,P3 - Reliability Watch,8.0,Not Late,Not Severe,Eligible
BA:1965836:20260831,2026-08-19,BA:Blue-N,901902,11:51:00,11:52:03,901302,12:02:00,12:03:03,42660,42723.0,43320,43383.0,11.0,11.0,1.05,1.05,0.0,2026-08,Wednesday,0,2026-08-19,Wednesday,2026-08,11,Midday,0,0,1.05,0.8167,479,1,0.2333,0,0,2026,8,August,Q3,BA:Blue-N | Midday,135,0.74,8.45,0.78,Acute,52.5,P3 - Reliability Watch,8.0,Not Late,Not Severe,Eligible
BA:1965549:20260831,2026-08-19,BA:Green-N,901902,11:03:00,11:04:03,901302,11:14:00,11:15:03,39780,39843.0,40440,40503.0,11.0,11.0,1.05,1.05,0.0,2026-08,Wednesday,0,2026-08-19,Wednesday,2026-08,11,Midday,0,0,1.05,1.1167,680,1,0.0,0,0,2026,8,August,Q3,BA:Green-N | Midday,266,4.51,10.34,10.51,Critical,91.07,P1 - Primary Hotspot,2.0,Not Late,Not Severe,Eligible
BA:1965553:20260831,2026-08-19,BA:Green-N,901902,12:23:00,12:24:03,901302,12:34:00,12:35:03,44580,44643.0,45240,45303.0,11.0,11.0,1.05,1.05,0.0,2026-08,Wednesday,0,2026-08-19,Wednesday,2026-08,12,Midday,0,0,1.05,1.1167,680,1,0.0,0,0,2026,8,August,Q3,BA:Green-N | Midday,266,4.51,10.34,10.51,Critical,91.07,P1 - Primary Hotspot,2.0,Not Late,Not Severe,Eligible
BA:1965365:20260831,2026-08-18,BA:Yellow-N,901902,24:07:00,24:10:18,901302,24:18:00,24:21:17,86820,87018.0,87480,87677.0,11.0,10.983333333333333,3.283333333333333,3.3,-0.0166666666666674,2026-08,Tuesday,1,2026-08-19,Wednesday,2026-08,0,Overnight,0,0,3.2833,1.4833,647,1,1.8,0,0,2026,8,August,Q3,BA:Yellow-N | Overnight,335,26.27,7.33,68.28,Chronic,95.71,P1 - Primary Hotspot,1.0,Not Late,Not Severe,Eligible
BA:1965311:20260831,2026-08-20,BA:Yellow-N,901902,14:57:00,14:58:11,901302,15:08:00,15:09:11,53820,53891.0,54480,54551.0,11.0,11.0,1.1833333333333331,1.1833333333333331,0.0,2026-08,Thursday,0,2026-08-20,Thursday,2026-08,14,Midday,0,0,1.1833,1.4833,647,1,0.0,0,0,2026,8,August,Q3,BA:Yellow-N | Midday,115,0.0,,0.0,Reliable,15.0,Monitor,14.0,Not Late,Not Severe,Eligible
BA:1965303:20260831,2026-08-20,BA:Yellow-N,901902,15:57:00,15:58:11,901302,16:08:00,16:09:11,57420,57491.0,58080,58151.0,11.0,11.0,1.1833333333333331,1.1833333333333331,0.0,2026-08,Thursday,0,2026-08-20,Thursday,2026-08,15,Midday,0,0,1.1833,1.4833,647,1,0.0,0,0,2026,8,August,Q3,BA:Yellow-N | Midday,115,0.0,,0.0,Reliable,15.0,Monitor,14.0,Not Late,Not Severe,Eligible
BA:1965308:20260831,2026-08-20,BA:Yellow-N,901902,17:40:00,17:40:29,901302,17:48:00,17:49:11,63600,63629.0,64080,64151.0,8.0,8.7,1.1833333333333331,0.4833333333333333,0.6999999999999993,2026-08,Thursday,0,2026-08-20,Thursday,2026-08,17,Evening Peak,0,1,1.1833,1.4833,647,1,0.0,0,0,2026,8,August,Q3,BA:Yellow-N | Evening Peak,72,0.0,,0.0,Reliable,15.0,Monitor,13.0,Not Late,Not Severe,Eligible
BA:1965365:20260831,2026-08-19,BA:Yellow-N,901902,24:07:00,24:08:48,901302,24:18:00,24:19:28,86820,86928.0,87480,87568.0,11.0,10.666666666666666,1.4666666666666666,1.8,-0.3333333333333339,2026-08,Wednesday,1,2026-08-20,Thursday,2026-08,0,Overnight,0,0,1.4667,1.4833,647,1,0.0,0,0,2026,8,August,Q3,BA:Yellow-N | Overnight,335,26.27,7.33,68.28,Chronic,95.71,P1 - Primary Hotspot,1.0,Not Late,Not Severe,Eligible
BA:1965365:20260831,2026-08-20,BA:Yellow-N,901902,24:07:00,24:08:40,901302,24:18:00,24:19:44,86820,86920.0,87480,87584.0,11.0,11.066666666666666,1.7333333333333334,1.6666666666666667,0.0666666666666664,2026-08,Thursday,1,2026-08-21,Friday,2026-08,0,Overnight,0,0,1.7333,1.4833,647,1,0.25,0,0,2026,8,August,Q3,BA:Yellow-N | Overnight,335,26.27,7.33,68.28,Chronic,95.71,P1 - Primary Hotspot,1.0,Not Late,Not Severe,Eligible
BA:1965365:20260831,2026-08-21,BA:Yellow-N,901902,24:07:00,24:08:42,901302,24:18:00,24:19:39,86820,86922.0,87480,87579.0,11.0,10.95,1.65,1.7,-0.0500000000000007,2026-08,Friday,1,2026-08-22,Saturday,2026-08,0,Overnight,0,0,1.65,1.4833,647,1,0.1667,0,0,2026,8,August,Q3,BA:Yellow-N | Overnight,335,26.27,7.33,68.28,Chronic,95.71,P1 - Primary Hotspot,1.0,Not Late,Not Severe,Eligible
BA:1965841:20260831,2026-08-24,BA:Blue-N,901902,13:31:00,13:32:03,901302,13:42:00,13:43:03,48660,48723.0,49320,49383.0,11.0,11.0,1.05,1.05,0.0,2026-08,Monday,0,2026-08-24,Monday,2026-08,13,Midday,0,0,1.05,0.8167,479,1,0.2333,0,0,2026,8,August,Q3,BA:Blue-N | Midday,135,0.74,8.45,0.78,Acute,52.5,P3 - Reliability Watch,8.0,Not Late,Not Severe,Eligible
BA:1965851:20260831,2026-08-24,BA:Blue-N,901902,16:51:00,16:52:03,901302,17:02:00,17:03:03,60660,60723.0,61320,61383.0,11.0,11.0,1.05,1.05,0.0,2026-08,Monday,0,2026-08-24,Monday,2026-08,16,Evening Peak,0,1,1.05,0.8167,479,1,0.2333,0,0,2026,8,August,Q3,BA:Blue-N | Evening Peak,89,0.0,,0.11,Reliable,23.57,Monitor,11.0,Not Late,Not Severe,Eligible
BA:1965546:20260831,2026-08-24,BA:Green-N,901902,10:03:00,10:04:03,901302,10:14:00,10:15:03,36180,36243.0,36840,36903.0,11.0,11.0,1.05,1.05,0.0,2026-08,Monday,0,2026-08-24,Monday,2026-08,10,Midday,0,0,1.05,1.1167,680,1,0.0,0,0,2026,8,August,Q3,BA:Green-N | Midday,266,4.51,10.34,10.51,Critical,91.07,P1 - Primary Hotspot,2.0,Not Late,Not Severe,Eligible
BA:1965365:20260831,2026-08-24,BA:Yellow-N,901902,24:07:00,24:08:47,901302,24:18:00,24:19:39,86820,86927.0,87480,87579.0,11.0,10.866666666666667,1.65,1.7833333333333334,-0.1333333333333328,2026-08,Monday,1,2026-08-25,Tuesday,2026-08,0,Overnight,0,0,1.65,1.4833,647,1,0.1667,0,0,2026,8,August,Q3,BA:Yellow-N | Overnight,335,26.27,7.33,68.28,Chronic,95.71,P1 - Primary Hotspot,1.0,Not Late,Not Severe,Eligible
BA:1965854:20260831,2026-08-26,BA:Blue-N,901902,17:51:00,17:52:03,901302,18:02:00,18:03:03,64260,64323.0,64920,64983.0,11.0,11.0,1.05,1.05,0.0,2026-08,Wednesday,0,2026-08-26,Wednesday,2026-08,17,Evening Peak,0,1,1.05,0.8167,479,1,0.2333,0,0,2026,8,August,Q3,BA:Blue-N | Evening Peak,89,0.0,,0.11,Reliable,23.57,Monitor,11.0,Not Late,Not Severe,Eligible
BA:1965856:20260831,2026-08-26,BA:Blue-N,901902,18:31:00,18:32:03,901302,18:42:00,18:43:03,66660,66723.0,67320,67383.0,11.0,11.0,1.05,1.05,0.0,2026-08,Wednesday,0,2026-08-26,Wednesday,2026-08,18,Evening Peak,0,1,1.05,0.8167,479,1,0.2333,0,0,2026,8,August,Q3,BA:Blue-N | Evening Peak,89,0.0,,0.11,Reliable,23.57,Monitor,11.0,Not Late,Not Severe,Eligible
BA:1965865:20260831,2026-08-26,BA:Blue-N,901902,21:35:00,21:36:03,901302,21:46:00,21:47:03,77700,77763.0,78360,78423.0,11.0,11.0,1.05,1.05,0.0,2026-08,Wednesday,0,2026-08-26,Wednesday,2026-08,21,Evening,0,0,1.05,0.8167,479,1,0.2333,0,0,2026,8,August,Q3,BA:Blue-N | Evening,103,2.91,5.87,5.12,Chronic,73.21,P2 - High Burden,4.0,Not Late,Not Severe,Eligible
BA:1965867:20260831,2026-08-26,BA:Blue-N,901902,22:15:00,22:16:03,901302,22:26:00,22:27:03,80100,80163.0,80760,80823.0,11.0,11.0,1.05,1.05,0.0,2026-08,Wednesday,0,2026-08-26,Wednesday,2026-08,22,Evening,0,0,1.05,0.8167,479,1,0.2333,0,0,2026,8,August,Q3,BA:Blue-N | Evening,103,2.91,5.87,5.12,Chronic,73.21,P2 - High Burden,4.0,Not Late,Not Severe,Eligible
BA:1965568:20260831,2026-08-26,BA:Green-N,901902,17:23:00,17:24:03,901302,17:34:00,17:35:03,62580,62643.0,63240,63303.0,11.0,11.0,1.05,1.05,0.0,2026-08,Wednesday,0,2026-08-26,Wednesday,2026-08,17,Evening Peak,0,1,1.05,1.1167,680,1,0.0,0,0,2026,8,August,Q3,BA:Green-N | Evening Peak,76,5.26,9.22,3.05,Critical,78.93,P3 - Reliability Watch,5.0,Not Late,Not Severe,Eligible
BA:1965571:20260831,2026-08-26,BA:Green-N,901902,18:23:00,18:24:03,901302,18:34:00,18:35:03,66180,66243.0,66840,66903.0,11.0,11.0,1.05,1.05,0.0,2026-08,Wednesday,0,2026-08-26,Wednesday,2026-08,18,Evening Peak,0,1,1.05,1.1167,680,1,0.0,0,0,2026,8,August,Q3,BA:Green-N | Evening Peak,76,5.26,9.22,3.05,Critical,78.93,P3 - Reliability Watch,5.0,Not Late,Not Severe,Eligible
BA:1965365:20260831,2026-08-25,BA:Yellow-N,901902,24:07:00,24:09:22,901302,24:18:00,24:20:28,86820,86962.0,87480,87628.0,11.0,11.1,2.466666666666667,2.3666666666666667,0.0999999999999996,2026-08,Tuesday,1,2026-08-26,Wednesday,2026-08,0,Overnight,0,0,2.4667,1.4833,647,1,0.9833,0,0,2026,8,August,Q3,BA:Yellow-N | Overnight,335,26.27,7.33,68.28,Chronic,95.71,P1 - Primary Hotspot,1.0,Not Late,Not Severe,Eligible
BA:1965873:20260831,2026-08-27,BA:Blue-N,901902,04:51:00,04:52:03,901302,05:02:00,05:03:03,17460,17523.0,18120,18183.0,11.0,11.0,1.05,1.05,0.0,2026-08,Thursday,0,2026-08-27,Thursday,2026-08,4,Overnight,0,0,1.05,0.8167,479,1,0.2333,0,0,2026,8,August,Q3,BA:Blue-N | Overnight,64,0.0,,0.11,Reliable,23.57,Monitor,12.0,Not Late,Not Severe,Eligible
BA:1965857:20260831,2026-08-27,BA:Blue-N,901902,18:51:00,18:52:03,901302,19:02:00,19:03:03,67860,67923.0,68520,68583.0,11.0,11.0,1.05,1.05,0.0,2026-08,Thursday,0,2026-08-27,Thursday,2026-08,18,Evening Peak,0,1,1.05,0.8167,479,1,0.2333,0,0,2026,8,August,Q3,BA:Blue-N | Evening Peak,89,0.0,,0.11,Reliable,23.57,Monitor,11.0,Not Late,Not Severe,Eligible
BA:1965575:20260831,2026-08-27,BA:Green-N,901902,04:43:00,04:44:03,901302,04:54:00,04:55:03,16980,17043.0,17640,17703.0,11.0,11.0,1.05,1.05,0.0,2026-08,Thursday,0,2026-08-27,Thursday,2026-08,4,Overnight,0,0,1.05,1.1167,680,1,0.0,0,0,2026,8,August,Q3,BA:Green-N | Overnight,181,2.76,7.14,5.79,Chronic,76.07,P1 - Primary Hotspot,3.0,Not Late,Not Severe,Eligible
BA:1965531:20260831,2026-08-27,BA:Green-N,901902,05:03:00,05:04:03,901302,05:14:00,05:15:03,18180,18243.0,18840,18903.0,11.0,11.0,1.05,1.05,0.0,2026-08,Thursday,0,2026-08-27,Thursday,2026-08,5,Overnight,0,0,1.05,1.1167,680,1,0.0,0,0,2026,8,August,Q3,BA:Green-N | Overnight,181,2.76,7.14,5.79,Chronic,76.07,P1 - Primary Hotspot,3.0,Not Late,Not Severe,Eligible
BA:1965365:20260831,2026-08-26,BA:Yellow-N,901902,24:07:00,24:09:18,901302,24:18:00,24:20:03,86820,86958.0,87480,87603.0,11.0,10.75,2.05,2.3,-0.25,2026-08,Wednesday,1,2026-08-27,Thursday,2026-08,0,Overnight,0,0,2.05,1.4833,647,1,0.5667,0,0,2026,8,August,Q3,BA:Yellow-N | Overnight,335,26.27,7.33,68.28,Chronic,95.71,P1 - Primary Hotspot,1.0,Not Late,Not Severe,Eligible
BA:1965365:20260831,2026-08-27,BA:Yellow-N,901902,24:07:00,24:09:30,901302,24:18:00,24:20:16,86820,86970.0,87480,87616.0,11.0,10.766666666666667,2.2666666666666666,2.5,-0.2333333333333325,2026-08,Thursday,1,2026-08-28,Friday,2026-08,0,Overnight,0,0,2.2667,1.4833,647,1,0.7833,0,0,2026,8,August,Q3,BA:Yellow-N | Overnight,335,26.27,7.33,68.28,Chronic,95.71,P1 - Primary Hotspot,1.0,Not Late,Not Severe,Eligible
BA:1965297:20260831,2026-08-27,BA:Yellow-N,901902,24:17:00,24:19:46,901302,24:28:00,24:30:35,87420,87586.0,88080,88235.0,11.0,10.816666666666666,2.5833333333333335,2.7666666666666666,-0.1833333333333335,2026-08,Thursday,1,2026-08-28,Friday,2026-08,0,Overnight,0,0,2.5833,1.4833,647,1,1.1,0,0,2026,8,August,Q3,BA:Yellow-N | Overnight,335,26.27,7.33,68.28,Chronic,95.71,P1 - Primary Hotspot,1.0,Not Late,Not Severe,Eligible
BA:1965365:20260831,2026-08-28,BA:Yellow-N,901902,24:07:00,24:09:28,901302,24:18:00,24:20:42,86820,86968.0,87480,87642.0,11.0,11.233333333333333,2.7,2.466666666666667,0.2333333333333325,2026-08,Friday,1,2026-08-29,Saturday,2026-08,0,Overnight,0,0,2.7,1.4833,647,1,1.2167,0,0,2026,8,August,Q3,BA:Yellow-N | Overnight,335,26.27,7.33,68.28,Chronic,95.71,P1 - Primary Hotspot,1.0,Not Late,Not Severe,Eligible
BA:1965845:20260831,2026-08-31,BA:Blue-N,901902,14:51:00,14:52:03,901302,15:02:00,15:03:03,53460,53523.0,54120,54183.0,11.0,11.0,1.05,1.05,0.0,2026-08,Monday,0,2026-08-31,Monday,2026-08,14,Midday,0,0,1.05,0.8167,479,1,0.2333,0,0,2026,8,August,Q3,BA:Blue-N | Midday,135,0.74,8.45,0.78,Acute,52.5,P3 - Reliability Watch,8.0,Not Late,Not Severe,Eligible
BA:1965846:20260831,2026-08-31,BA:Blue-N,901902,15:11:00,15:12:03,901302,15:22:00,15:23:03,54660,54723.0,55320,55383.0,11.0,11.0,1.05,1.05,0.0,2026-08,Monday,0,2026-08-31,Monday,2026-08,15,Midday,0,0,1.05,0.8167,479,1,0.2333,0,0,2026,8,August,Q3,BA:Blue-N | Midday,135,0.74,8.45,0.78,Acute,52.5,P3 - Reliability Watch,8.0,Not Late,Not Severe,Eligible
BA:1965853:20260831,2026-08-31,BA:Blue-N,901902,17:31:00,17:32:03,901302,17:42:00,17:43:03,63060,63123.0,63720,63783.0,11.0,11.0,1.05,1.05,0.0,2026-08,Monday,0,2026-08-31,Monday,2026-08,17,Evening Peak,0,1,1.05,0.8167,479,1,0.2333,0,0,2026,8,August,Q3,BA:Blue-N | Evening Peak,89,0.0,,0.11,Reliable,23.57,Monitor,11.0,Not Late,Not Severe,Eligible
BA:1965855:20260831,2026-08-31,BA:Blue-N,901902,18:11:00,18:12:03,901302,18:22:00,18:23:03,65460,65523.0,66120,66183.0,11.0,11.0,1.05,1.05,0.0,2026-08,Monday,0,2026-08-31,Monday,2026-08,18,Evening Peak,0,1,1.05,0.8167,479,1,0.2333,0,0,2026,8,August,Q3,BA:Blue-N | Evening Peak,89,0.0,,0.11,Reliable,23.57,Monitor,11.0,Not Late,Not Severe,Eligible
BA:1965864:20260831,2026-08-31,BA:Blue-N,901902,21:11:00,21:12:03,901302,21:22:00,21:23:03,76260,76323.0,76920,76983.0,11.0,11.0,1.05,1.05,0.0,2026-08,Monday,0,2026-08-31,Monday,2026-08,21,Evening,0,0,1.05,0.8167,479,1,0.2333,0,0,2026,8,August,Q3,BA:Blue-N | Evening,103,2.91,5.87,5.12,Chronic,73.21,P2 - High Burden,4.0,Not Late,Not Severe,Eligible
BA:1965865:20260831,2026-08-31,BA:Blue-N,901902,21:35:00,21:36:03,901302,21:46:00,21:47:03,77700,77763.0,78360,78423.0,11.0,11.0,1.05,1.05,0.0,2026-08,Monday,0,2026-08-31,Monday,2026-08,21,Evening,0,0,1.05,0.8167,479,1,0.2333,0,0,2026,8,August,Q3,BA:Blue-N | Evening,103,2.91,5.87,5.12,Chronic,73.21,P2 - High Burden,4.0,Not Late,Not Severe,Eligible
BA:1965551:20260831,2026-08-31,BA:Green-N,901902,11:50:00,11:51:03,901302,11:54:00,11:55:03,42600,42663.0,42840,42903.0,4.0,4.0,1.05,1.05,0.0,2026-08,Monday,0,2026-08-31,Monday,2026-08,11,Midday,0,0,1.05,1.1167,680,1,0.0,0,0,2026,8,August,Q3,BA:Green-N | Midday,266,4.51,10.34,10.51,Critical,91.07,P1 - Primary Hotspot,2.0,Not Late,Not Severe,Eligible
BA:1965554:20260831,2026-08-31,BA:Green-N,901902,12:43:00,12:44:03,901302,12:54:00,12:55:03,45780,45843.0,46440,46503.0,11.0,11.0,1.05,1.05,0.0,2026-08,Monday,0,2026-08-31,Monday,2026-08,12,Midday,0,0,1.05,1.1167,680,1,0.0,0,0,2026,8,August,Q3,BA:Green-N | Midday,266,4.51,10.34,10.51,Critical,91.07,P1 - Primary Hotspot,2.0,Not Late,Not Severe,Eligible
BA:1965557:20260831,2026-08-31,BA:Green-N,901902,13:43:00,13:44:03,901302,13:54:00,13:55:03,49380,49443.0,50040,50103.0,11.0,11.0,1.05,1.05,0.0,2026-08,Monday,0,2026-08-31,Monday,2026-08,13,Midday,0,0,1.05,1.1167,680,1,0.0,0,0,2026,8,August,Q3,BA:Green-N | Midday,266,4.51,10.34,10.51,Critical,91.07,P1 - Primary Hotspot,2.0,Not Late,Not Severe,Eligible
BA:1965561:20260831,2026-08-31,BA:Green-N,901902,15:03:00,15:04:03,901302,15:14:00,15:15:03,54180,54243.0,54840,54903.0,11.0,11.0,1.05,1.05,0.0,2026-08,Monday,0,2026-08-31,Monday,2026-08,15,Midday,0,0,1.05,1.1167,680,1,0.0,0,0,2026,8,August,Q3,BA:Green-N | Midday,266,4.51,10.34,10.51,Critical,91.07,P1 - Primary Hotspot,2.0,Not Late,Not Severe,Eligible
BA:1965565:20260831,2026-08-31,BA:Green-N,901902,16:23:00,16:24:03,901302,16:34:00,16:35:03,58980,59043.0,59640,59703.0,11.0,11.0,1.05,1.05,0.0,2026-08,Monday,0,2026-08-31,Monday,2026-08,16,Evening Peak,0,1,1.05,1.1167,680,1,0.0,0,0,2026,8,August,Q3,BA:Green-N | Evening Peak,76,5.26,9.22,3.05,Critical,78.93,P3 - Reliability Watch,5.0,Not Late,Not Severe,Eligible
BA:1965566:20260831,2026-08-31,BA:Green-N,901902,16:43:00,16:44:03,901302,16:54:00,16:55:03,60180,60243.0,60840,60903.0,11.0,11.0,1.05,1.05,0.0,2026-08,Monday,0,2026-08-31,Monday,2026-08,16,Evening Peak,0,1,1.05,1.1167,680,1,0.0,0,0,2026,8,August,Q3,BA:Green-N | Evening Peak,76,5.26,9.22,3.05,Critical,78.93,P3 - Reliability Watch,5.0,Not Late,Not Severe,Eligible
BA:1965570:20260831,2026-08-31,BA:Green-N,901902,18:03:00,18:04:03,901302,18:14:00,18:15:03,64980,65043.0,65640,65703.0,11.0,11.0,1.05,1.05,0.0,2026-08,Monday,0,2026-08-31,Monday,2026-08,18,Evening Peak,0,1,1.05,1.1167,680,1,0.0,0,0,2026,8,August,Q3,BA:Green-N | Evening Peak,76,5.26,9.22,3.05,Critical,78.93,P3 - Reliability Watch,5.0,Not Late,Not Severe,Eligible
BA:1965574:20260831,2026-08-31,BA:Green-N,901902,19:23:00,19:24:03,901302,19:34:00,19:35:03,69780,69843.0,70440,70503.0,11.0,11.0,1.05,1.05,0.0,2026-08,Monday,0,2026-08-31,Monday,2026-08,19,Evening,0,0,1.05,1.1167,680,1,0.0,0,0,2026,8,August,Q3,BA:Green-N | Evening,15,6.67,11.22,0.85,Insufficient Sample,,Insufficient Sample,,Not Late,Not Severe,Insufficient Sample
